
  .   ____          _            __ _ _
 /\\ / ___'_ __ _ _(_)_ __  __ _ \ \ \ \
( ( )\___ | '_ | '_| | '_ \/ _` | \ \ \ \
 \\/  ___)| |_)| | | | | || (_| |  ) ) ) )
  '  |____| .__|_| |_|_| |_\__, | / / / /
 =========|_|==============|___/=/_/_/_/

 :: Spring Boot ::                (v4.0.6)

2026-07-11T10:09:13.585+06:00  INFO 17504 --- [eduadvisor2] [           main] c.e.eduadvisor2.Eduadvisor2Application   : Starting Eduadvisor2Application v0.0.1-SNAPSHOT using Java 25.0.2 with PID 17504 (D:\OOp_EduAdvisor\eduadvisor2\target\eduadvisor2-0.0.1-SNAPSHOT.jar started by Windows in D:\OOp_EduAdvisor\eduadvisor2)
2026-07-11T10:09:13.602+06:00  INFO 17504 --- [eduadvisor2] [           main] c.e.eduadvisor2.Eduadvisor2Application   : No active profile set, falling back to 1 default profile: "default"
2026-07-11T10:09:15.475+06:00  INFO 17504 --- [eduadvisor2] [           main] .s.d.r.c.RepositoryConfigurationDelegate : Bootstrapping Spring Data JPA repositories in DEFAULT mode.
2026-07-11T10:09:15.732+06:00  INFO 17504 --- [eduadvisor2] [           main] .s.d.r.c.RepositoryConfigurationDelegate : Finished Spring Data repository scanning in 219 ms. Found 15 JPA repository interfaces.
2026-07-11T10:09:17.184+06:00  INFO 17504 --- [eduadvisor2] [           main] o.s.boot.tomcat.TomcatWebServer          : Tomcat initialized with port 8081 (http)
2026-07-11T10:09:17.213+06:00  INFO 17504 --- [eduadvisor2] [           main] o.apache.catalina.core.StandardService   : Starting service [Tomcat]
2026-07-11T10:09:17.214+06:00  INFO 17504 --- [eduadvisor2] [           main] o.apache.catalina.core.StandardEngine    : Starting Servlet engine: [Apache Tomcat/11.0.21]
2026-07-11T10:09:17.275+06:00  INFO 17504 --- [eduadvisor2] [           main] b.w.c.s.WebApplicationContextInitializer : Root WebApplicationContext: initialization completed in 3529 ms
2026-07-11T10:09:18.143+06:00  INFO 17504 --- [eduadvisor2] [           main] org.hibernate.orm.jpa                    : HHH008540: Processing PersistenceUnitInfo [name: default]
2026-07-11T10:09:18.250+06:00  INFO 17504 --- [eduadvisor2] [           main] org.hibernate.orm.core                   : HHH000001: Hibernate ORM core version 7.2.12.Final
2026-07-11T10:09:19.502+06:00  INFO 17504 --- [eduadvisor2] [           main] o.s.o.j.p.SpringPersistenceUnitInfo      : No LoadTimeWeaver setup: ignoring JPA class transformer
2026-07-11T10:09:19.563+06:00  INFO 17504 --- [eduadvisor2] [           main] com.zaxxer.hikari.HikariDataSource       : HikariPool-1 - Starting...
2026-07-11T10:09:20.055+06:00  INFO 17504 --- [eduadvisor2] [           main] com.zaxxer.hikari.pool.HikariPool        : HikariPool-1 - Added connection conn0: url=jdbc:h2:file:./data/studentadvicedb user=SA
2026-07-11T10:09:20.056+06:00  INFO 17504 --- [eduadvisor2] [           main] com.zaxxer.hikari.HikariDataSource       : HikariPool-1 - Start completed.
2026-07-11T10:09:20.131+06:00  INFO 17504 --- [eduadvisor2] [           main] org.hibernate.orm.connections.pooling    : HHH10001005: Database info:
	Database JDBC URL [jdbc:h2:file:./data/studentadvicedb]
	Database driver: H2 JDBC Driver
	Database dialect: H2Dialect
	Database version: 2.4.240
	Default catalog/schema: STUDENTADVICEDB/PUBLIC
	Autocommit mode: undefined/unknown
	Isolation level: READ_COMMITTED [default READ_COMMITTED]
	JDBC fetch size: 100
	Pool: DataSourceConnectionProvider
	Minimum pool size: undefined/unknown
	Maximum pool size: undefined/unknown
2026-07-11T10:09:22.162+06:00  INFO 17504 --- [eduadvisor2] [           main] org.hibernate.orm.core                   : HHH000489: No JTA platform available (set 'hibernate.transaction.jta.platform' to enable JTA platform integration)
Hibernate: 
    alter table if exists discussions 
       alter column answer set data type TEXT
Hibernate: 
    alter table if exists discussions 
       alter column answer_image_base64 set data type TEXT
Hibernate: 
    alter table if exists discussions 
       alter column question set data type TEXT
Hibernate: 
    alter table if exists discussions 
       alter column question_image_base64 set data type TEXT
Hibernate: 
    alter table if exists exam_paper_images 
       alter column image_base64 set data type TEXT
Hibernate: 
    alter table if exists lost_found_reports 
       alter column coordinator_note set data type TEXT
Hibernate: 
    alter table if exists lost_found_reports 
       alter column description set data type TEXT
Hibernate: 
    alter table if exists lost_found_reports 
       alter column image_base64 set data type TEXT
Hibernate: 
    alter table if exists student_profile_links 
       alter column activity_description set data type TEXT
Hibernate: 
    alter table if exists student_profile_links 
       alter column gaps_json set data type TEXT
Hibernate: 
    alter table if exists student_profile_links 
       alter column github_summary set data type TEXT
Hibernate: 
    alter table if exists student_profile_links 
       alter column linkedin_data_json set data type TEXT
Hibernate: 
    alter table if exists student_profile_links 
       alter column linkedin_summary set data type TEXT
Hibernate: 
    alter table if exists student_profile_links 
       alter column recommendations_json set data type TEXT
Hibernate: 
    alter table if exists student_profile_links 
       alter column strengths_json set data type TEXT
2026-07-11T10:09:22.259+06:00  INFO 17504 --- [eduadvisor2] [           main] j.LocalContainerEntityManagerFactoryBean : Initialized JPA EntityManagerFactory for persistence unit 'default'
2026-07-11T10:09:22.408+06:00  INFO 17504 --- [eduadvisor2] [           main] o.s.d.j.r.query.QueryEnhancerFactories   : Hibernate is in classpath; If applicable, HQL parser will be used.
2026-07-11T10:09:23.290+06:00  INFO 17504 --- [eduadvisor2] [           main] o.s.b.w.a.WelcomePageHandlerMapping      : Adding welcome page template: index
2026-07-11T10:09:24.227+06:00  INFO 17504 --- [eduadvisor2] [           main] o.s.b.a.e.web.EndpointLinksResolver      : Exposing 1 endpoint beneath base path '/actuator'
2026-07-11T10:09:24.422+06:00  INFO 17504 --- [eduadvisor2] [           main] o.s.boot.tomcat.TomcatWebServer          : Tomcat started on port 8081 (http) with context path '/'
2026-07-11T10:09:24.443+06:00  INFO 17504 --- [eduadvisor2] [           main] c.e.eduadvisor2.Eduadvisor2Application   : Started Eduadvisor2Application in 11.901 seconds (process running for 13.133)
Hibernate: 
    select
        s1_0.id,
        s1_0.academic_year,
        s1_0.credits_completed,
        s1_0.email,
        s1_0.gpa,
        s1_0.name,
        s1_0.notif_email,
        s1_0.password,
        s1_0.program,
        s1_0.student_id 
    from
        students s1_0
Hibernate: 
    select
        s1_0.id,
        s1_0.academic_year,
        s1_0.credits_completed,
        s1_0.email,
        s1_0.gpa,
        s1_0.name,
        s1_0.notif_email,
        s1_0.password,
        s1_0.program,
        s1_0.student_id 
    from
        students s1_0 
    where
        s1_0.student_id=?
Hibernate: 
    select
        s1_0.id,
        s1_0.academic_year,
        s1_0.credits_completed,
        s1_0.email,
        s1_0.gpa,
        s1_0.name,
        s1_0.notif_email,
        s1_0.password,
        s1_0.program,
        s1_0.student_id 
    from
        students s1_0 
    where
        s1_0.id=?
Hibernate: 
    select
        s1_0.id,
        s1_0.academic_year,
        s1_0.credits_completed,
        s1_0.email,
        s1_0.gpa,
        s1_0.name,
        s1_0.notif_email,
        s1_0.password,
        s1_0.program,
        s1_0.student_id 
    from
        students s1_0 
    where
        s1_0.student_id=?
Hibernate: 
    select
        s1_0.id,
        s1_0.academic_year,
        s1_0.credits_completed,
        s1_0.email,
        s1_0.gpa,
        s1_0.name,
        s1_0.notif_email,
        s1_0.password,
        s1_0.program,
        s1_0.student_id 
    from
        students s1_0 
    where
        s1_0.id=?
Hibernate: 
    select
        s1_0.id,
        s1_0.academic_year,
        s1_0.credits_completed,
        s1_0.email,
        s1_0.gpa,
        s1_0.name,
        s1_0.notif_email,
        s1_0.password,
        s1_0.program,
        s1_0.student_id 
    from
        students s1_0 
    where
        s1_0.student_id=?
Hibernate: 
    select
        s1_0.id,
        s1_0.academic_year,
        s1_0.credits_completed,
        s1_0.email,
        s1_0.gpa,
        s1_0.name,
        s1_0.notif_email,
        s1_0.password,
        s1_0.program,
        s1_0.student_id 
    from
        students s1_0 
    where
        s1_0.id=?
Hibernate: 
    select
        s1_0.id,
        s1_0.academic_year,
        s1_0.credits_completed,
        s1_0.email,
        s1_0.gpa,
        s1_0.name,
        s1_0.notif_email,
        s1_0.password,
        s1_0.program,
        s1_0.student_id 
    from
        students s1_0 
    where
        s1_0.student_id=?
Hibernate: 
    select
        s1_0.id,
        s1_0.academic_year,
        s1_0.credits_completed,
        s1_0.email,
        s1_0.gpa,
        s1_0.name,
        s1_0.notif_email,
        s1_0.password,
        s1_0.program,
        s1_0.student_id 
    from
        students s1_0 
    where
        s1_0.id=?
Hibernate: 
    select
        s1_0.id,
        s1_0.academic_year,
        s1_0.credits_completed,
        s1_0.email,
        s1_0.gpa,
        s1_0.name,
        s1_0.notif_email,
        s1_0.password,
        s1_0.program,
        s1_0.student_id 
    from
        students s1_0 
    where
        s1_0.student_id=?
Hibernate: 
    select
        s1_0.id,
        s1_0.academic_year,
        s1_0.credits_completed,
        s1_0.email,
        s1_0.gpa,
        s1_0.name,
        s1_0.notif_email,
        s1_0.password,
        s1_0.program,
        s1_0.student_id 
    from
        students s1_0 
    where
        s1_0.id=?
Hibernate: 
    select
        s1_0.id,
        s1_0.academic_year,
        s1_0.credits_completed,
        s1_0.email,
        s1_0.gpa,
        s1_0.name,
        s1_0.notif_email,
        s1_0.password,
        s1_0.program,
        s1_0.student_id 
    from
        students s1_0 
    where
        s1_0.student_id=?
Hibernate: 
    select
        s1_0.id,
        s1_0.academic_year,
        s1_0.credits_completed,
        s1_0.email,
        s1_0.gpa,
        s1_0.name,
        s1_0.notif_email,
        s1_0.password,
        s1_0.program,
        s1_0.student_id 
    from
        students s1_0 
    where
        s1_0.id=?
Hibernate: 
    select
        s1_0.id,
        s1_0.academic_year,
        s1_0.credits_completed,
        s1_0.email,
        s1_0.gpa,
        s1_0.name,
        s1_0.notif_email,
        s1_0.password,
        s1_0.program,
        s1_0.student_id 
    from
        students s1_0 
    where
        s1_0.student_id=?
Hibernate: 
    select
        s1_0.id,
        s1_0.academic_year,
        s1_0.credits_completed,
        s1_0.email,
        s1_0.gpa,
        s1_0.name,
        s1_0.notif_email,
        s1_0.password,
        s1_0.program,
        s1_0.student_id 
    from
        students s1_0 
    where
        s1_0.id=?
Hibernate: 
    select
        s1_0.id,
        s1_0.academic_year,
        s1_0.credits_completed,
        s1_0.email,
        s1_0.gpa,
        s1_0.name,
        s1_0.notif_email,
        s1_0.password,
        s1_0.program,
        s1_0.student_id 
    from
        students s1_0 
    where
        s1_0.student_id=?
Hibernate: 
    select
        s1_0.id,
        s1_0.academic_year,
        s1_0.credits_completed,
        s1_0.email,
        s1_0.gpa,
        s1_0.name,
        s1_0.notif_email,
        s1_0.password,
        s1_0.program,
        s1_0.student_id 
    from
        students s1_0 
    where
        s1_0.id=?
Hibernate: 
    select
        s1_0.id,
        s1_0.academic_year,
        s1_0.credits_completed,
        s1_0.email,
        s1_0.gpa,
        s1_0.name,
        s1_0.notif_email,
        s1_0.password,
        s1_0.program,
        s1_0.student_id 
    from
        students s1_0 
    where
        s1_0.student_id=?
Hibernate: 
    select
        s1_0.id,
        s1_0.academic_year,
        s1_0.credits_completed,
        s1_0.email,
        s1_0.gpa,
        s1_0.name,
        s1_0.notif_email,
        s1_0.password,
        s1_0.program,
        s1_0.student_id 
    from
        students s1_0 
    where
        s1_0.id=?
Hibernate: 
    select
        s1_0.id,
        s1_0.academic_year,
        s1_0.credits_completed,
        s1_0.email,
        s1_0.gpa,
        s1_0.name,
        s1_0.notif_email,
        s1_0.password,
        s1_0.program,
        s1_0.student_id 
    from
        students s1_0 
    where
        s1_0.student_id=?
Hibernate: 
    select
        s1_0.id,
        s1_0.academic_year,
        s1_0.credits_completed,
        s1_0.email,
        s1_0.gpa,
        s1_0.name,
        s1_0.notif_email,
        s1_0.password,
        s1_0.program,
        s1_0.student_id 
    from
        students s1_0 
    where
        s1_0.id=?
Hibernate: 
    select
        s1_0.id,
        s1_0.academic_year,
        s1_0.credits_completed,
        s1_0.email,
        s1_0.gpa,
        s1_0.name,
        s1_0.notif_email,
        s1_0.password,
        s1_0.program,
        s1_0.student_id 
    from
        students s1_0 
    where
        s1_0.student_id=?
Hibernate: 
    select
        s1_0.id,
        s1_0.academic_year,
        s1_0.credits_completed,
        s1_0.email,
        s1_0.gpa,
        s1_0.name,
        s1_0.notif_email,
        s1_0.password,
        s1_0.program,
        s1_0.student_id 
    from
        students s1_0 
    where
        s1_0.id=?
Hibernate: 
    select
        s1_0.id,
        s1_0.academic_year,
        s1_0.credits_completed,
        s1_0.email,
        s1_0.gpa,
        s1_0.name,
        s1_0.notif_email,
        s1_0.password,
        s1_0.program,
        s1_0.student_id 
    from
        students s1_0 
    where
        s1_0.student_id=?
Hibernate: 
    select
        s1_0.id,
        s1_0.academic_year,
        s1_0.credits_completed,
        s1_0.email,
        s1_0.gpa,
        s1_0.name,
        s1_0.notif_email,
        s1_0.password,
        s1_0.program,
        s1_0.student_id 
    from
        students s1_0 
    where
        s1_0.id=?
Hibernate: 
    select
        s1_0.id,
        s1_0.academic_year,
        s1_0.credits_completed,
        s1_0.email,
        s1_0.gpa,
        s1_0.name,
        s1_0.notif_email,
        s1_0.password,
        s1_0.program,
        s1_0.student_id 
    from
        students s1_0 
    where
        s1_0.student_id=?
Hibernate: 
    select
        s1_0.id,
        s1_0.academic_year,
        s1_0.credits_completed,
        s1_0.email,
        s1_0.gpa,
        s1_0.name,
        s1_0.notif_email,
        s1_0.password,
        s1_0.program,
        s1_0.student_id 
    from
        students s1_0 
    where
        s1_0.id=?
Hibernate: 
    select
        s1_0.id,
        s1_0.academic_year,
        s1_0.credits_completed,
        s1_0.email,
        s1_0.gpa,
        s1_0.name,
        s1_0.notif_email,
        s1_0.password,
        s1_0.program,
        s1_0.student_id 
    from
        students s1_0 
    where
        s1_0.student_id=?
Hibernate: 
    select
        s1_0.id,
        s1_0.academic_year,
        s1_0.credits_completed,
        s1_0.email,
        s1_0.gpa,
        s1_0.name,
        s1_0.notif_email,
        s1_0.password,
        s1_0.program,
        s1_0.student_id 
    from
        students s1_0 
    where
        s1_0.id=?
Hibernate: 
    select
        s1_0.id,
        s1_0.academic_year,
        s1_0.credits_completed,
        s1_0.email,
        s1_0.gpa,
        s1_0.name,
        s1_0.notif_email,
        s1_0.password,
        s1_0.program,
        s1_0.student_id 
    from
        students s1_0 
    where
        s1_0.student_id=?
Hibernate: 
    select
        s1_0.id,
        s1_0.academic_year,
        s1_0.credits_completed,
        s1_0.email,
        s1_0.gpa,
        s1_0.name,
        s1_0.notif_email,
        s1_0.password,
        s1_0.program,
        s1_0.student_id 
    from
        students s1_0 
    where
        s1_0.id=?
Hibernate: 
    select
        s1_0.id,
        s1_0.academic_year,
        s1_0.credits_completed,
        s1_0.email,
        s1_0.gpa,
        s1_0.name,
        s1_0.notif_email,
        s1_0.password,
        s1_0.program,
        s1_0.student_id 
    from
        students s1_0 
    where
        s1_0.student_id=?
Hibernate: 
    select
        s1_0.id,
        s1_0.academic_year,
        s1_0.credits_completed,
        s1_0.email,
        s1_0.gpa,
        s1_0.name,
        s1_0.notif_email,
        s1_0.password,
        s1_0.program,
        s1_0.student_id 
    from
        students s1_0 
    where
        s1_0.id=?
Hibernate: 
    select
        s1_0.id,
        s1_0.academic_year,
        s1_0.credits_completed,
        s1_0.email,
        s1_0.gpa,
        s1_0.name,
        s1_0.notif_email,
        s1_0.password,
        s1_0.program,
        s1_0.student_id 
    from
        students s1_0 
    where
        s1_0.student_id=?
Hibernate: 
    select
        s1_0.id,
        s1_0.academic_year,
        s1_0.credits_completed,
        s1_0.email,
        s1_0.gpa,
        s1_0.name,
        s1_0.notif_email,
        s1_0.password,
        s1_0.program,
        s1_0.student_id 
    from
        students s1_0 
    where
        s1_0.id=?
Hibernate: 
    select
        s1_0.id,
        s1_0.academic_year,
        s1_0.credits_completed,
        s1_0.email,
        s1_0.gpa,
        s1_0.name,
        s1_0.notif_email,
        s1_0.password,
        s1_0.program,
        s1_0.student_id 
    from
        students s1_0 
    where
        s1_0.student_id=?
Hibernate: 
    select
        s1_0.id,
        s1_0.academic_year,
        s1_0.credits_completed,
        s1_0.email,
        s1_0.gpa,
        s1_0.name,
        s1_0.notif_email,
        s1_0.password,
        s1_0.program,
        s1_0.student_id 
    from
        students s1_0 
    where
        s1_0.id=?
Hibernate: 
    select
        s1_0.id,
        s1_0.academic_year,
        s1_0.credits_completed,
        s1_0.email,
        s1_0.gpa,
        s1_0.name,
        s1_0.notif_email,
        s1_0.password,
        s1_0.program,
        s1_0.student_id 
    from
        students s1_0 
    where
        s1_0.student_id=?
Hibernate: 
    select
        s1_0.id,
        s1_0.academic_year,
        s1_0.credits_completed,
        s1_0.email,
        s1_0.gpa,
        s1_0.name,
        s1_0.notif_email,
        s1_0.password,
        s1_0.program,
        s1_0.student_id 
    from
        students s1_0 
    where
        s1_0.id=?
Hibernate: 
    select
        s1_0.id,
        s1_0.academic_year,
        s1_0.credits_completed,
        s1_0.email,
        s1_0.gpa,
        s1_0.name,
        s1_0.notif_email,
        s1_0.password,
        s1_0.program,
        s1_0.student_id 
    from
        students s1_0 
    where
        s1_0.student_id=?
Hibernate: 
    select
        s1_0.id,
        s1_0.academic_year,
        s1_0.credits_completed,
        s1_0.email,
        s1_0.gpa,
        s1_0.name,
        s1_0.notif_email,
        s1_0.password,
        s1_0.program,
        s1_0.student_id 
    from
        students s1_0 
    where
        s1_0.id=?
Hibernate: 
    select
        count(*) 
    from
        teachers t1_0
Hibernate: 
    select
        count(*) 
    from
        courses c1_0
Hibernate: 
    select
        c1_0.code,
        c1_0.batch_group,
        c1_0.category,
        c1_0.color,
        c1_0.credit_type,
        c1_0.credits,
        c1_0.days,
        c1_0.end_time,
        c1_0.instructor,
        c1_0.name,
        c1_0.room,
        c1_0.start_time,
        c1_0.teacher_id 
    from
        courses c1_0 
    where
        c1_0.code=?
Hibernate: 
    select
        c1_0.code,
        c1_0.batch_group,
        c1_0.category,
        c1_0.color,
        c1_0.credit_type,
        c1_0.credits,
        c1_0.days,
        c1_0.end_time,
        c1_0.instructor,
        c1_0.name,
        c1_0.room,
        c1_0.start_time,
        c1_0.teacher_id 
    from
        courses c1_0 
    where
        c1_0.code=?
Hibernate: 
    select
        c1_0.code,
        c1_0.batch_group,
        c1_0.category,
        c1_0.color,
        c1_0.credit_type,
        c1_0.credits,
        c1_0.days,
        c1_0.end_time,
        c1_0.instructor,
        c1_0.name,
        c1_0.room,
        c1_0.start_time,
        c1_0.teacher_id 
    from
        courses c1_0 
    where
        c1_0.code=?
Hibernate: 
    select
        c1_0.code,
        c1_0.batch_group,
        c1_0.category,
        c1_0.color,
        c1_0.credit_type,
        c1_0.credits,
        c1_0.days,
        c1_0.end_time,
        c1_0.instructor,
        c1_0.name,
        c1_0.room,
        c1_0.start_time,
        c1_0.teacher_id 
    from
        courses c1_0 
    where
        c1_0.code=?
Hibernate: 
    select
        c1_0.code,
        c1_0.batch_group,
        c1_0.category,
        c1_0.color,
        c1_0.credit_type,
        c1_0.credits,
        c1_0.days,
        c1_0.end_time,
        c1_0.instructor,
        c1_0.name,
        c1_0.room,
        c1_0.start_time,
        c1_0.teacher_id 
    from
        courses c1_0 
    where
        c1_0.code=?
Hibernate: 
    select
        c1_0.code,
        c1_0.batch_group,
        c1_0.category,
        c1_0.color,
        c1_0.credit_type,
        c1_0.credits,
        c1_0.days,
        c1_0.end_time,
        c1_0.instructor,
        c1_0.name,
        c1_0.room,
        c1_0.start_time,
        c1_0.teacher_id 
    from
        courses c1_0 
    where
        c1_0.code=?
Hibernate: 
    select
        c1_0.code,
        c1_0.batch_group,
        c1_0.category,
        c1_0.color,
        c1_0.credit_type,
        c1_0.credits,
        c1_0.days,
        c1_0.end_time,
        c1_0.instructor,
        c1_0.name,
        c1_0.room,
        c1_0.start_time,
        c1_0.teacher_id 
    from
        courses c1_0 
    where
        c1_0.code=?
Hibernate: 
    select
        c1_0.code,
        c1_0.batch_group,
        c1_0.category,
        c1_0.color,
        c1_0.credit_type,
        c1_0.credits,
        c1_0.days,
        c1_0.end_time,
        c1_0.instructor,
        c1_0.name,
        c1_0.room,
        c1_0.start_time,
        c1_0.teacher_id 
    from
        courses c1_0 
    where
        c1_0.code=?
Hibernate: 
    select
        c1_0.code,
        c1_0.batch_group,
        c1_0.category,
        c1_0.color,
        c1_0.credit_type,
        c1_0.credits,
        c1_0.days,
        c1_0.end_time,
        c1_0.instructor,
        c1_0.name,
        c1_0.room,
        c1_0.start_time,
        c1_0.teacher_id 
    from
        courses c1_0 
    where
        c1_0.code=?
Hibernate: 
    select
        c1_0.code,
        c1_0.batch_group,
        c1_0.category,
        c1_0.color,
        c1_0.credit_type,
        c1_0.credits,
        c1_0.days,
        c1_0.end_time,
        c1_0.instructor,
        c1_0.name,
        c1_0.room,
        c1_0.start_time,
        c1_0.teacher_id 
    from
        courses c1_0 
    where
        c1_0.code=?
Hibernate: 
    select
        c1_0.code,
        c1_0.batch_group,
        c1_0.category,
        c1_0.color,
        c1_0.credit_type,
        c1_0.credits,
        c1_0.days,
        c1_0.end_time,
        c1_0.instructor,
        c1_0.name,
        c1_0.room,
        c1_0.start_time,
        c1_0.teacher_id 
    from
        courses c1_0 
    where
        c1_0.code=?
Hibernate: 
    select
        e1_0.id,
        e1_0.course_id,
        e1_0.enrolled_at,
        e1_0.student_id 
    from
        enrollments e1_0 
    where
        e1_0.student_id=?
Hibernate: 
    select
        c1_0.code,
        c1_0.batch_group,
        c1_0.category,
        c1_0.color,
        c1_0.credit_type,
        c1_0.credits,
        c1_0.days,
        c1_0.end_time,
        c1_0.instructor,
        c1_0.name,
        c1_0.room,
        c1_0.start_time,
        c1_0.teacher_id 
    from
        courses c1_0 
    where
        c1_0.code=?
Hibernate: 
    select
        c1_0.code,
        c1_0.batch_group,
        c1_0.category,
        c1_0.color,
        c1_0.credit_type,
        c1_0.credits,
        c1_0.days,
        c1_0.end_time,
        c1_0.instructor,
        c1_0.name,
        c1_0.room,
        c1_0.start_time,
        c1_0.teacher_id 
    from
        courses c1_0 
    where
        c1_0.code=?
Hibernate: 
    select
        c1_0.code,
        c1_0.batch_group,
        c1_0.category,
        c1_0.color,
        c1_0.credit_type,
        c1_0.credits,
        c1_0.days,
        c1_0.end_time,
        c1_0.instructor,
        c1_0.name,
        c1_0.room,
        c1_0.start_time,
        c1_0.teacher_id 
    from
        courses c1_0 
    where
        c1_0.code=?
Hibernate: 
    select
        e1_0.id,
        e1_0.course_id,
        e1_0.enrolled_at,
        e1_0.student_id 
    from
        enrollments e1_0 
    where
        e1_0.student_id=?
Hibernate: 
    select
        c1_0.code,
        c1_0.batch_group,
        c1_0.category,
        c1_0.color,
        c1_0.credit_type,
        c1_0.credits,
        c1_0.days,
        c1_0.end_time,
        c1_0.instructor,
        c1_0.name,
        c1_0.room,
        c1_0.start_time,
        c1_0.teacher_id 
    from
        courses c1_0 
    where
        c1_0.code=?
Hibernate: 
    select
        c1_0.code,
        c1_0.batch_group,
        c1_0.category,
        c1_0.color,
        c1_0.credit_type,
        c1_0.credits,
        c1_0.days,
        c1_0.end_time,
        c1_0.instructor,
        c1_0.name,
        c1_0.room,
        c1_0.start_time,
        c1_0.teacher_id 
    from
        courses c1_0 
    where
        c1_0.code=?
Hibernate: 
    select
        c1_0.code,
        c1_0.batch_group,
        c1_0.category,
        c1_0.color,
        c1_0.credit_type,
        c1_0.credits,
        c1_0.days,
        c1_0.end_time,
        c1_0.instructor,
        c1_0.name,
        c1_0.room,
        c1_0.start_time,
        c1_0.teacher_id 
    from
        courses c1_0 
    where
        c1_0.code=?
Hibernate: 
    select
        e1_0.id,
        e1_0.course_id,
        e1_0.enrolled_at,
        e1_0.student_id 
    from
        enrollments e1_0 
    where
        e1_0.student_id=?
Hibernate: 
    select
        c1_0.code,
        c1_0.batch_group,
        c1_0.category,
        c1_0.color,
        c1_0.credit_type,
        c1_0.credits,
        c1_0.days,
        c1_0.end_time,
        c1_0.instructor,
        c1_0.name,
        c1_0.room,
        c1_0.start_time,
        c1_0.teacher_id 
    from
        courses c1_0 
    where
        c1_0.code=?
Hibernate: 
    select
        c1_0.code,
        c1_0.batch_group,
        c1_0.category,
        c1_0.color,
        c1_0.credit_type,
        c1_0.credits,
        c1_0.days,
        c1_0.end_time,
        c1_0.instructor,
        c1_0.name,
        c1_0.room,
        c1_0.start_time,
        c1_0.teacher_id 
    from
        courses c1_0 
    where
        c1_0.code=?
Hibernate: 
    select
        c1_0.code,
        c1_0.batch_group,
        c1_0.category,
        c1_0.color,
        c1_0.credit_type,
        c1_0.credits,
        c1_0.days,
        c1_0.end_time,
        c1_0.instructor,
        c1_0.name,
        c1_0.room,
        c1_0.start_time,
        c1_0.teacher_id 
    from
        courses c1_0 
    where
        c1_0.code=?
Hibernate: 
    select
        e1_0.id,
        e1_0.course_id,
        e1_0.enrolled_at,
        e1_0.student_id 
    from
        enrollments e1_0 
    where
        e1_0.student_id=?
Hibernate: 
    select
        c1_0.code,
        c1_0.batch_group,
        c1_0.category,
        c1_0.color,
        c1_0.credit_type,
        c1_0.credits,
        c1_0.days,
        c1_0.end_time,
        c1_0.instructor,
        c1_0.name,
        c1_0.room,
        c1_0.start_time,
        c1_0.teacher_id 
    from
        courses c1_0 
    where
        c1_0.code=?
Hibernate: 
    select
        c1_0.code,
        c1_0.batch_group,
        c1_0.category,
        c1_0.color,
        c1_0.credit_type,
        c1_0.credits,
        c1_0.days,
        c1_0.end_time,
        c1_0.instructor,
        c1_0.name,
        c1_0.room,
        c1_0.start_time,
        c1_0.teacher_id 
    from
        courses c1_0 
    where
        c1_0.code=?
Hibernate: 
    select
        c1_0.code,
        c1_0.batch_group,
        c1_0.category,
        c1_0.color,
        c1_0.credit_type,
        c1_0.credits,
        c1_0.days,
        c1_0.end_time,
        c1_0.instructor,
        c1_0.name,
        c1_0.room,
        c1_0.start_time,
        c1_0.teacher_id 
    from
        courses c1_0 
    where
        c1_0.code=?
Hibernate: 
    select
        e1_0.id,
        e1_0.course_id,
        e1_0.enrolled_at,
        e1_0.student_id 
    from
        enrollments e1_0 
    where
        e1_0.student_id=?
Hibernate: 
    select
        c1_0.code,
        c1_0.batch_group,
        c1_0.category,
        c1_0.color,
        c1_0.credit_type,
        c1_0.credits,
        c1_0.days,
        c1_0.end_time,
        c1_0.instructor,
        c1_0.name,
        c1_0.room,
        c1_0.start_time,
        c1_0.teacher_id 
    from
        courses c1_0 
    where
        c1_0.code=?
Hibernate: 
    select
        c1_0.code,
        c1_0.batch_group,
        c1_0.category,
        c1_0.color,
        c1_0.credit_type,
        c1_0.credits,
        c1_0.days,
        c1_0.end_time,
        c1_0.instructor,
        c1_0.name,
        c1_0.room,
        c1_0.start_time,
        c1_0.teacher_id 
    from
        courses c1_0 
    where
        c1_0.code=?
Hibernate: 
    select
        c1_0.code,
        c1_0.batch_group,
        c1_0.category,
        c1_0.color,
        c1_0.credit_type,
        c1_0.credits,
        c1_0.days,
        c1_0.end_time,
        c1_0.instructor,
        c1_0.name,
        c1_0.room,
        c1_0.start_time,
        c1_0.teacher_id 
    from
        courses c1_0 
    where
        c1_0.code=?
Hibernate: 
    select
        e1_0.id,
        e1_0.course_id,
        e1_0.enrolled_at,
        e1_0.student_id 
    from
        enrollments e1_0 
    where
        e1_0.student_id=?
Hibernate: 
    select
        c1_0.code,
        c1_0.batch_group,
        c1_0.category,
        c1_0.color,
        c1_0.credit_type,
        c1_0.credits,
        c1_0.days,
        c1_0.end_time,
        c1_0.instructor,
        c1_0.name,
        c1_0.room,
        c1_0.start_time,
        c1_0.teacher_id 
    from
        courses c1_0 
    where
        c1_0.code=?
Hibernate: 
    select
        c1_0.code,
        c1_0.batch_group,
        c1_0.category,
        c1_0.color,
        c1_0.credit_type,
        c1_0.credits,
        c1_0.days,
        c1_0.end_time,
        c1_0.instructor,
        c1_0.name,
        c1_0.room,
        c1_0.start_time,
        c1_0.teacher_id 
    from
        courses c1_0 
    where
        c1_0.code=?
Hibernate: 
    select
        c1_0.code,
        c1_0.batch_group,
        c1_0.category,
        c1_0.color,
        c1_0.credit_type,
        c1_0.credits,
        c1_0.days,
        c1_0.end_time,
        c1_0.instructor,
        c1_0.name,
        c1_0.room,
        c1_0.start_time,
        c1_0.teacher_id 
    from
        courses c1_0 
    where
        c1_0.code=?
Hibernate: 
    select
        e1_0.id,
        e1_0.course_id,
        e1_0.enrolled_at,
        e1_0.student_id 
    from
        enrollments e1_0 
    where
        e1_0.student_id=?
Hibernate: 
    select
        c1_0.code,
        c1_0.batch_group,
        c1_0.category,
        c1_0.color,
        c1_0.credit_type,
        c1_0.credits,
        c1_0.days,
        c1_0.end_time,
        c1_0.instructor,
        c1_0.name,
        c1_0.room,
        c1_0.start_time,
        c1_0.teacher_id 
    from
        courses c1_0 
    where
        c1_0.code=?
Hibernate: 
    select
        c1_0.code,
        c1_0.batch_group,
        c1_0.category,
        c1_0.color,
        c1_0.credit_type,
        c1_0.credits,
        c1_0.days,
        c1_0.end_time,
        c1_0.instructor,
        c1_0.name,
        c1_0.room,
        c1_0.start_time,
        c1_0.teacher_id 
    from
        courses c1_0 
    where
        c1_0.code=?
Hibernate: 
    select
        c1_0.code,
        c1_0.batch_group,
        c1_0.category,
        c1_0.color,
        c1_0.credit_type,
        c1_0.credits,
        c1_0.days,
        c1_0.end_time,
        c1_0.instructor,
        c1_0.name,
        c1_0.room,
        c1_0.start_time,
        c1_0.teacher_id 
    from
        courses c1_0 
    where
        c1_0.code=?
Hibernate: 
    select
        e1_0.id,
        e1_0.course_id,
        e1_0.enrolled_at,
        e1_0.student_id 
    from
        enrollments e1_0 
    where
        e1_0.student_id=?
Hibernate: 
    select
        c1_0.code,
        c1_0.batch_group,
        c1_0.category,
        c1_0.color,
        c1_0.credit_type,
        c1_0.credits,
        c1_0.days,
        c1_0.end_time,
        c1_0.instructor,
        c1_0.name,
        c1_0.room,
        c1_0.start_time,
        c1_0.teacher_id 
    from
        courses c1_0 
    where
        c1_0.code=?
Hibernate: 
    select
        c1_0.code,
        c1_0.batch_group,
        c1_0.category,
        c1_0.color,
        c1_0.credit_type,
        c1_0.credits,
        c1_0.days,
        c1_0.end_time,
        c1_0.instructor,
        c1_0.name,
        c1_0.room,
        c1_0.start_time,
        c1_0.teacher_id 
    from
        courses c1_0 
    where
        c1_0.code=?
Hibernate: 
    select
        c1_0.code,
        c1_0.batch_group,
        c1_0.category,
        c1_0.color,
        c1_0.credit_type,
        c1_0.credits,
        c1_0.days,
        c1_0.end_time,
        c1_0.instructor,
        c1_0.name,
        c1_0.room,
        c1_0.start_time,
        c1_0.teacher_id 
    from
        courses c1_0 
    where
        c1_0.code=?
Hibernate: 
    select
        e1_0.id,
        e1_0.course_id,
        e1_0.enrolled_at,
        e1_0.student_id 
    from
        enrollments e1_0 
    where
        e1_0.student_id=?
Hibernate: 
    select
        c1_0.code,
        c1_0.batch_group,
        c1_0.category,
        c1_0.color,
        c1_0.credit_type,
        c1_0.credits,
        c1_0.days,
        c1_0.end_time,
        c1_0.instructor,
        c1_0.name,
        c1_0.room,
        c1_0.start_time,
        c1_0.teacher_id 
    from
        courses c1_0 
    where
        c1_0.code=?
Hibernate: 
    select
        c1_0.code,
        c1_0.batch_group,
        c1_0.category,
        c1_0.color,
        c1_0.credit_type,
        c1_0.credits,
        c1_0.days,
        c1_0.end_time,
        c1_0.instructor,
        c1_0.name,
        c1_0.room,
        c1_0.start_time,
        c1_0.teacher_id 
    from
        courses c1_0 
    where
        c1_0.code=?
Hibernate: 
    select
        c1_0.code,
        c1_0.batch_group,
        c1_0.category,
        c1_0.color,
        c1_0.credit_type,
        c1_0.credits,
        c1_0.days,
        c1_0.end_time,
        c1_0.instructor,
        c1_0.name,
        c1_0.room,
        c1_0.start_time,
        c1_0.teacher_id 
    from
        courses c1_0 
    where
        c1_0.code=?
Hibernate: 
    select
        e1_0.id,
        e1_0.course_id,
        e1_0.enrolled_at,
        e1_0.student_id 
    from
        enrollments e1_0 
    where
        e1_0.student_id=?
Hibernate: 
    select
        c1_0.code,
        c1_0.batch_group,
        c1_0.category,
        c1_0.color,
        c1_0.credit_type,
        c1_0.credits,
        c1_0.days,
        c1_0.end_time,
        c1_0.instructor,
        c1_0.name,
        c1_0.room,
        c1_0.start_time,
        c1_0.teacher_id 
    from
        courses c1_0 
    where
        c1_0.code=?
Hibernate: 
    select
        c1_0.code,
        c1_0.batch_group,
        c1_0.category,
        c1_0.color,
        c1_0.credit_type,
        c1_0.credits,
        c1_0.days,
        c1_0.end_time,
        c1_0.instructor,
        c1_0.name,
        c1_0.room,
        c1_0.start_time,
        c1_0.teacher_id 
    from
        courses c1_0 
    where
        c1_0.code=?
Hibernate: 
    select
        c1_0.code,
        c1_0.batch_group,
        c1_0.category,
        c1_0.color,
        c1_0.credit_type,
        c1_0.credits,
        c1_0.days,
        c1_0.end_time,
        c1_0.instructor,
        c1_0.name,
        c1_0.room,
        c1_0.start_time,
        c1_0.teacher_id 
    from
        courses c1_0 
    where
        c1_0.code=?
Hibernate: 
    select
        e1_0.id,
        e1_0.course_id,
        e1_0.enrolled_at,
        e1_0.student_id 
    from
        enrollments e1_0 
    where
        e1_0.student_id=?
Hibernate: 
    select
        c1_0.code,
        c1_0.batch_group,
        c1_0.category,
        c1_0.color,
        c1_0.credit_type,
        c1_0.credits,
        c1_0.days,
        c1_0.end_time,
        c1_0.instructor,
        c1_0.name,
        c1_0.room,
        c1_0.start_time,
        c1_0.teacher_id 
    from
        courses c1_0 
    where
        c1_0.code=?
Hibernate: 
    select
        c1_0.code,
        c1_0.batch_group,
        c1_0.category,
        c1_0.color,
        c1_0.credit_type,
        c1_0.credits,
        c1_0.days,
        c1_0.end_time,
        c1_0.instructor,
        c1_0.name,
        c1_0.room,
        c1_0.start_time,
        c1_0.teacher_id 
    from
        courses c1_0 
    where
        c1_0.code=?
Hibernate: 
    select
        c1_0.code,
        c1_0.batch_group,
        c1_0.category,
        c1_0.color,
        c1_0.credit_type,
        c1_0.credits,
        c1_0.days,
        c1_0.end_time,
        c1_0.instructor,
        c1_0.name,
        c1_0.room,
        c1_0.start_time,
        c1_0.teacher_id 
    from
        courses c1_0 
    where
        c1_0.code=?
Hibernate: 
    select
        e1_0.id,
        e1_0.course_id,
        e1_0.enrolled_at,
        e1_0.student_id 
    from
        enrollments e1_0 
    where
        e1_0.student_id=?
Hibernate: 
    select
        c1_0.code,
        c1_0.batch_group,
        c1_0.category,
        c1_0.color,
        c1_0.credit_type,
        c1_0.credits,
        c1_0.days,
        c1_0.end_time,
        c1_0.instructor,
        c1_0.name,
        c1_0.room,
        c1_0.start_time,
        c1_0.teacher_id 
    from
        courses c1_0 
    where
        c1_0.code=?
Hibernate: 
    select
        c1_0.code,
        c1_0.batch_group,
        c1_0.category,
        c1_0.color,
        c1_0.credit_type,
        c1_0.credits,
        c1_0.days,
        c1_0.end_time,
        c1_0.instructor,
        c1_0.name,
        c1_0.room,
        c1_0.start_time,
        c1_0.teacher_id 
    from
        courses c1_0 
    where
        c1_0.code=?
Hibernate: 
    select
        c1_0.code,
        c1_0.batch_group,
        c1_0.category,
        c1_0.color,
        c1_0.credit_type,
        c1_0.credits,
        c1_0.days,
        c1_0.end_time,
        c1_0.instructor,
        c1_0.name,
        c1_0.room,
        c1_0.start_time,
        c1_0.teacher_id 
    from
        courses c1_0 
    where
        c1_0.code=?
Hibernate: 
    select
        e1_0.id,
        e1_0.course_id,
        e1_0.enrolled_at,
        e1_0.student_id 
    from
        enrollments e1_0 
    where
        e1_0.student_id=?
Hibernate: 
    select
        c1_0.code,
        c1_0.batch_group,
        c1_0.category,
        c1_0.color,
        c1_0.credit_type,
        c1_0.credits,
        c1_0.days,
        c1_0.end_time,
        c1_0.instructor,
        c1_0.name,
        c1_0.room,
        c1_0.start_time,
        c1_0.teacher_id 
    from
        courses c1_0 
    where
        c1_0.code=?
Hibernate: 
    select
        c1_0.code,
        c1_0.batch_group,
        c1_0.category,
        c1_0.color,
        c1_0.credit_type,
        c1_0.credits,
        c1_0.days,
        c1_0.end_time,
        c1_0.instructor,
        c1_0.name,
        c1_0.room,
        c1_0.start_time,
        c1_0.teacher_id 
    from
        courses c1_0 
    where
        c1_0.code=?
Hibernate: 
    select
        c1_0.code,
        c1_0.batch_group,
        c1_0.category,
        c1_0.color,
        c1_0.credit_type,
        c1_0.credits,
        c1_0.days,
        c1_0.end_time,
        c1_0.instructor,
        c1_0.name,
        c1_0.room,
        c1_0.start_time,
        c1_0.teacher_id 
    from
        courses c1_0 
    where
        c1_0.code=?
Hibernate: 
    select
        e1_0.id,
        e1_0.course_id,
        e1_0.enrolled_at,
        e1_0.student_id 
    from
        enrollments e1_0 
    where
        e1_0.student_id=?
Hibernate: 
    select
        c1_0.code,
        c1_0.batch_group,
        c1_0.category,
        c1_0.color,
        c1_0.credit_type,
        c1_0.credits,
        c1_0.days,
        c1_0.end_time,
        c1_0.instructor,
        c1_0.name,
        c1_0.room,
        c1_0.start_time,
        c1_0.teacher_id 
    from
        courses c1_0 
    where
        c1_0.code=?
Hibernate: 
    select
        c1_0.code,
        c1_0.batch_group,
        c1_0.category,
        c1_0.color,
        c1_0.credit_type,
        c1_0.credits,
        c1_0.days,
        c1_0.end_time,
        c1_0.instructor,
        c1_0.name,
        c1_0.room,
        c1_0.start_time,
        c1_0.teacher_id 
    from
        courses c1_0 
    where
        c1_0.code=?
Hibernate: 
    select
        c1_0.code,
        c1_0.batch_group,
        c1_0.category,
        c1_0.color,
        c1_0.credit_type,
        c1_0.credits,
        c1_0.days,
        c1_0.end_time,
        c1_0.instructor,
        c1_0.name,
        c1_0.room,
        c1_0.start_time,
        c1_0.teacher_id 
    from
        courses c1_0 
    where
        c1_0.code=?
Hibernate: 
    select
        e1_0.id,
        e1_0.course_id,
        e1_0.enrolled_at,
        e1_0.student_id 
    from
        enrollments e1_0 
    where
        e1_0.student_id=?
Hibernate: 
    select
        c1_0.code,
        c1_0.batch_group,
        c1_0.category,
        c1_0.color,
        c1_0.credit_type,
        c1_0.credits,
        c1_0.days,
        c1_0.end_time,
        c1_0.instructor,
        c1_0.name,
        c1_0.room,
        c1_0.start_time,
        c1_0.teacher_id 
    from
        courses c1_0 
    where
        c1_0.code=?
Hibernate: 
    select
        c1_0.code,
        c1_0.batch_group,
        c1_0.category,
        c1_0.color,
        c1_0.credit_type,
        c1_0.credits,
        c1_0.days,
        c1_0.end_time,
        c1_0.instructor,
        c1_0.name,
        c1_0.room,
        c1_0.start_time,
        c1_0.teacher_id 
    from
        courses c1_0 
    where
        c1_0.code=?
Hibernate: 
    select
        c1_0.code,
        c1_0.batch_group,
        c1_0.category,
        c1_0.color,
        c1_0.credit_type,
        c1_0.credits,
        c1_0.days,
        c1_0.end_time,
        c1_0.instructor,
        c1_0.name,
        c1_0.room,
        c1_0.start_time,
        c1_0.teacher_id 
    from
        courses c1_0 
    where
        c1_0.code=?
Hibernate: 
    select
        e1_0.id,
        e1_0.course_id,
        e1_0.enrolled_at,
        e1_0.student_id 
    from
        enrollments e1_0 
    where
        e1_0.student_id=?
Hibernate: 
    select
        c1_0.code,
        c1_0.batch_group,
        c1_0.category,
        c1_0.color,
        c1_0.credit_type,
        c1_0.credits,
        c1_0.days,
        c1_0.end_time,
        c1_0.instructor,
        c1_0.name,
        c1_0.room,
        c1_0.start_time,
        c1_0.teacher_id 
    from
        courses c1_0 
    where
        c1_0.code=?
Hibernate: 
    select
        c1_0.code,
        c1_0.batch_group,
        c1_0.category,
        c1_0.color,
        c1_0.credit_type,
        c1_0.credits,
        c1_0.days,
        c1_0.end_time,
        c1_0.instructor,
        c1_0.name,
        c1_0.room,
        c1_0.start_time,
        c1_0.teacher_id 
    from
        courses c1_0 
    where
        c1_0.code=?
Hibernate: 
    select
        c1_0.code,
        c1_0.batch_group,
        c1_0.category,
        c1_0.color,
        c1_0.credit_type,
        c1_0.credits,
        c1_0.days,
        c1_0.end_time,
        c1_0.instructor,
        c1_0.name,
        c1_0.room,
        c1_0.start_time,
        c1_0.teacher_id 
    from
        courses c1_0 
    where
        c1_0.code=?
Hibernate: 
    select
        e1_0.id,
        e1_0.course_id,
        e1_0.enrolled_at,
        e1_0.student_id 
    from
        enrollments e1_0 
    where
        e1_0.student_id=?
Hibernate: 
    select
        c1_0.code,
        c1_0.batch_group,
        c1_0.category,
        c1_0.color,
        c1_0.credit_type,
        c1_0.credits,
        c1_0.days,
        c1_0.end_time,
        c1_0.instructor,
        c1_0.name,
        c1_0.room,
        c1_0.start_time,
        c1_0.teacher_id 
    from
        courses c1_0 
    where
        c1_0.code=?
Hibernate: 
    select
        c1_0.code,
        c1_0.batch_group,
        c1_0.category,
        c1_0.color,
        c1_0.credit_type,
        c1_0.credits,
        c1_0.days,
        c1_0.end_time,
        c1_0.instructor,
        c1_0.name,
        c1_0.room,
        c1_0.start_time,
        c1_0.teacher_id 
    from
        courses c1_0 
    where
        c1_0.code=?
Hibernate: 
    select
        c1_0.code,
        c1_0.batch_group,
        c1_0.category,
        c1_0.color,
        c1_0.credit_type,
        c1_0.credits,
        c1_0.days,
        c1_0.end_time,
        c1_0.instructor,
        c1_0.name,
        c1_0.room,
        c1_0.start_time,
        c1_0.teacher_id 
    from
        courses c1_0 
    where
        c1_0.code=?
Hibernate: 
    select
        e1_0.id,
        e1_0.course_id,
        e1_0.enrolled_at,
        e1_0.student_id 
    from
        enrollments e1_0 
    where
        e1_0.student_id=?
Hibernate: 
    select
        c1_0.code,
        c1_0.batch_group,
        c1_0.category,
        c1_0.color,
        c1_0.credit_type,
        c1_0.credits,
        c1_0.days,
        c1_0.end_time,
        c1_0.instructor,
        c1_0.name,
        c1_0.room,
        c1_0.start_time,
        c1_0.teacher_id 
    from
        courses c1_0 
    where
        c1_0.code=?
Hibernate: 
    select
        c1_0.code,
        c1_0.batch_group,
        c1_0.category,
        c1_0.color,
        c1_0.credit_type,
        c1_0.credits,
        c1_0.days,
        c1_0.end_time,
        c1_0.instructor,
        c1_0.name,
        c1_0.room,
        c1_0.start_time,
        c1_0.teacher_id 
    from
        courses c1_0 
    where
        c1_0.code=?
Hibernate: 
    select
        c1_0.code,
        c1_0.batch_group,
        c1_0.category,
        c1_0.color,
        c1_0.credit_type,
        c1_0.credits,
        c1_0.days,
        c1_0.end_time,
        c1_0.instructor,
        c1_0.name,
        c1_0.room,
        c1_0.start_time,
        c1_0.teacher_id 
    from
        courses c1_0 
    where
        c1_0.code=?
Hibernate: 
    select
        e1_0.id,
        e1_0.course_id,
        e1_0.enrolled_at,
        e1_0.student_id 
    from
        enrollments e1_0 
    where
        e1_0.student_id=?
Hibernate: 
    select
        c1_0.code,
        c1_0.batch_group,
        c1_0.category,
        c1_0.color,
        c1_0.credit_type,
        c1_0.credits,
        c1_0.days,
        c1_0.end_time,
        c1_0.instructor,
        c1_0.name,
        c1_0.room,
        c1_0.start_time,
        c1_0.teacher_id 
    from
        courses c1_0 
    where
        c1_0.code=?
Hibernate: 
    select
        c1_0.code,
        c1_0.batch_group,
        c1_0.category,
        c1_0.color,
        c1_0.credit_type,
        c1_0.credits,
        c1_0.days,
        c1_0.end_time,
        c1_0.instructor,
        c1_0.name,
        c1_0.room,
        c1_0.start_time,
        c1_0.teacher_id 
    from
        courses c1_0 
    where
        c1_0.code=?
Hibernate: 
    select
        c1_0.code,
        c1_0.batch_group,
        c1_0.category,
        c1_0.color,
        c1_0.credit_type,
        c1_0.credits,
        c1_0.days,
        c1_0.end_time,
        c1_0.instructor,
        c1_0.name,
        c1_0.room,
        c1_0.start_time,
        c1_0.teacher_id 
    from
        courses c1_0 
    where
        c1_0.code=?
Hibernate: 
    select
        e1_0.id,
        e1_0.course_id,
        e1_0.enrolled_at,
        e1_0.student_id 
    from
        enrollments e1_0 
    where
        e1_0.student_id=?
Hibernate: 
    select
        c1_0.code,
        c1_0.batch_group,
        c1_0.category,
        c1_0.color,
        c1_0.credit_type,
        c1_0.credits,
        c1_0.days,
        c1_0.end_time,
        c1_0.instructor,
        c1_0.name,
        c1_0.room,
        c1_0.start_time,
        c1_0.teacher_id 
    from
        courses c1_0 
    where
        c1_0.code=?
Hibernate: 
    select
        c1_0.code,
        c1_0.batch_group,
        c1_0.category,
        c1_0.color,
        c1_0.credit_type,
        c1_0.credits,
        c1_0.days,
        c1_0.end_time,
        c1_0.instructor,
        c1_0.name,
        c1_0.room,
        c1_0.start_time,
        c1_0.teacher_id 
    from
        courses c1_0 
    where
        c1_0.code=?
Hibernate: 
    select
        c1_0.code,
        c1_0.batch_group,
        c1_0.category,
        c1_0.color,
        c1_0.credit_type,
        c1_0.credits,
        c1_0.days,
        c1_0.end_time,
        c1_0.instructor,
        c1_0.name,
        c1_0.room,
        c1_0.start_time,
        c1_0.teacher_id 
    from
        courses c1_0 
    where
        c1_0.code=?
Hibernate: 
    select
        e1_0.id 
    from
        enrollments e1_0 
    where
        e1_0.student_id=? 
        and e1_0.course_id=? 
    fetch
        first ? rows only
Hibernate: 
    select
        e1_0.id 
    from
        enrollments e1_0 
    where
        e1_0.student_id=? 
        and e1_0.course_id=? 
    fetch
        first ? rows only
Hibernate: 
    select
        e1_0.id 
    from
        enrollments e1_0 
    where
        e1_0.student_id=? 
        and e1_0.course_id=? 
    fetch
        first ? rows only
Hibernate: 
    select
        e1_0.id 
    from
        enrollments e1_0 
    where
        e1_0.student_id=? 
        and e1_0.course_id=? 
    fetch
        first ? rows only
Hibernate: 
    select
        e1_0.id 
    from
        enrollments e1_0 
    where
        e1_0.student_id=? 
        and e1_0.course_id=? 
    fetch
        first ? rows only
Hibernate: 
    select
        e1_0.id 
    from
        enrollments e1_0 
    where
        e1_0.student_id=? 
        and e1_0.course_id=? 
    fetch
        first ? rows only
Hibernate: 
    select
        e1_0.id 
    from
        enrollments e1_0 
    where
        e1_0.student_id=? 
        and e1_0.course_id=? 
    fetch
        first ? rows only
Hibernate: 
    select
        e1_0.id 
    from
        enrollments e1_0 
    where
        e1_0.student_id=? 
        and e1_0.course_id=? 
    fetch
        first ? rows only
Hibernate: 
    select
        e1_0.id 
    from
        enrollments e1_0 
    where
        e1_0.student_id=? 
        and e1_0.course_id=? 
    fetch
        first ? rows only
Hibernate: 
    select
        e1_0.id 
    from
        enrollments e1_0 
    where
        e1_0.student_id=? 
        and e1_0.course_id=? 
    fetch
        first ? rows only
Hibernate: 
    select
        e1_0.id 
    from
        enrollments e1_0 
    where
        e1_0.student_id=? 
        and e1_0.course_id=? 
    fetch
        first ? rows only
Hibernate: 
    select
        e1_0.id 
    from
        enrollments e1_0 
    where
        e1_0.student_id=? 
        and e1_0.course_id=? 
    fetch
        first ? rows only
Hibernate: 
    select
        e1_0.id 
    from
        enrollments e1_0 
    where
        e1_0.student_id=? 
        and e1_0.course_id=? 
    fetch
        first ? rows only
Hibernate: 
    select
        e1_0.id 
    from
        enrollments e1_0 
    where
        e1_0.student_id=? 
        and e1_0.course_id=? 
    fetch
        first ? rows only
Hibernate: 
    select
        e1_0.id 
    from
        enrollments e1_0 
    where
        e1_0.student_id=? 
        and e1_0.course_id=? 
    fetch
        first ? rows only
Hibernate: 
    select
        e1_0.id 
    from
        enrollments e1_0 
    where
        e1_0.student_id=? 
        and e1_0.course_id=? 
    fetch
        first ? rows only
Hibernate: 
    select
        e1_0.id 
    from
        enrollments e1_0 
    where
        e1_0.student_id=? 
        and e1_0.course_id=? 
    fetch
        first ? rows only
Hibernate: 
    select
        e1_0.id 
    from
        enrollments e1_0 
    where
        e1_0.student_id=? 
        and e1_0.course_id=? 
    fetch
        first ? rows only
Hibernate: 
    select
        e1_0.id 
    from
        enrollments e1_0 
    where
        e1_0.student_id=? 
        and e1_0.course_id=? 
    fetch
        first ? rows only
Hibernate: 
    select
        e1_0.id 
    from
        enrollments e1_0 
    where
        e1_0.student_id=? 
        and e1_0.course_id=? 
    fetch
        first ? rows only
Hibernate: 
    select
        e1_0.id 
    from
        enrollments e1_0 
    where
        e1_0.student_id=? 
        and e1_0.course_id=? 
    fetch
        first ? rows only
Hibernate: 
    select
        e1_0.id 
    from
        enrollments e1_0 
    where
        e1_0.student_id=? 
        and e1_0.course_id=? 
    fetch
        first ? rows only
Hibernate: 
    select
        e1_0.id 
    from
        enrollments e1_0 
    where
        e1_0.student_id=? 
        and e1_0.course_id=? 
    fetch
        first ? rows only
Hibernate: 
    select
        e1_0.id 
    from
        enrollments e1_0 
    where
        e1_0.student_id=? 
        and e1_0.course_id=? 
    fetch
        first ? rows only
Hibernate: 
    select
        e1_0.id 
    from
        enrollments e1_0 
    where
        e1_0.student_id=? 
        and e1_0.course_id=? 
    fetch
        first ? rows only
Hibernate: 
    select
        e1_0.id 
    from
        enrollments e1_0 
    where
        e1_0.student_id=? 
        and e1_0.course_id=? 
    fetch
        first ? rows only
Hibernate: 
    select
        e1_0.id 
    from
        enrollments e1_0 
    where
        e1_0.student_id=? 
        and e1_0.course_id=? 
    fetch
        first ? rows only
Hibernate: 
    select
        e1_0.id 
    from
        enrollments e1_0 
    where
        e1_0.student_id=? 
        and e1_0.course_id=? 
    fetch
        first ? rows only
Hibernate: 
    select
        e1_0.id 
    from
        enrollments e1_0 
    where
        e1_0.student_id=? 
        and e1_0.course_id=? 
    fetch
        first ? rows only
Hibernate: 
    select
        e1_0.id 
    from
        enrollments e1_0 
    where
        e1_0.student_id=? 
        and e1_0.course_id=? 
    fetch
        first ? rows only
Hibernate: 
    select
        e1_0.id 
    from
        enrollments e1_0 
    where
        e1_0.student_id=? 
        and e1_0.course_id=? 
    fetch
        first ? rows only
Hibernate: 
    select
        e1_0.id 
    from
        enrollments e1_0 
    where
        e1_0.student_id=? 
        and e1_0.course_id=? 
    fetch
        first ? rows only
Hibernate: 
    select
        e1_0.id 
    from
        enrollments e1_0 
    where
        e1_0.student_id=? 
        and e1_0.course_id=? 
    fetch
        first ? rows only
Hibernate: 
    select
        e1_0.id 
    from
        enrollments e1_0 
    where
        e1_0.student_id=? 
        and e1_0.course_id=? 
    fetch
        first ? rows only
Hibernate: 
    select
        e1_0.id 
    from
        enrollments e1_0 
    where
        e1_0.student_id=? 
        and e1_0.course_id=? 
    fetch
        first ? rows only
Hibernate: 
    select
        e1_0.id 
    from
        enrollments e1_0 
    where
        e1_0.student_id=? 
        and e1_0.course_id=? 
    fetch
        first ? rows only
Hibernate: 
    select
        e1_0.id 
    from
        enrollments e1_0 
    where
        e1_0.student_id=? 
        and e1_0.course_id=? 
    fetch
        first ? rows only
Hibernate: 
    select
        e1_0.id 
    from
        enrollments e1_0 
    where
        e1_0.student_id=? 
        and e1_0.course_id=? 
    fetch
        first ? rows only
Hibernate: 
    select
        e1_0.id 
    from
        enrollments e1_0 
    where
        e1_0.student_id=? 
        and e1_0.course_id=? 
    fetch
        first ? rows only
Hibernate: 
    select
        e1_0.id 
    from
        enrollments e1_0 
    where
        e1_0.student_id=? 
        and e1_0.course_id=? 
    fetch
        first ? rows only
Hibernate: 
    select
        e1_0.id 
    from
        enrollments e1_0 
    where
        e1_0.student_id=? 
        and e1_0.course_id=? 
    fetch
        first ? rows only
Hibernate: 
    select
        e1_0.id 
    from
        enrollments e1_0 
    where
        e1_0.student_id=? 
        and e1_0.course_id=? 
    fetch
        first ? rows only
Hibernate: 
    select
        e1_0.id 
    from
        enrollments e1_0 
    where
        e1_0.student_id=? 
        and e1_0.course_id=? 
    fetch
        first ? rows only
Hibernate: 
    select
        e1_0.id 
    from
        enrollments e1_0 
    where
        e1_0.student_id=? 
        and e1_0.course_id=? 
    fetch
        first ? rows only
Hibernate: 
    select
        e1_0.id 
    from
        enrollments e1_0 
    where
        e1_0.student_id=? 
        and e1_0.course_id=? 
    fetch
        first ? rows only
Hibernate: 
    select
        e1_0.id 
    from
        enrollments e1_0 
    where
        e1_0.student_id=? 
        and e1_0.course_id=? 
    fetch
        first ? rows only
Hibernate: 
    select
        e1_0.id 
    from
        enrollments e1_0 
    where
        e1_0.student_id=? 
        and e1_0.course_id=? 
    fetch
        first ? rows only
Hibernate: 
    select
        e1_0.id 
    from
        enrollments e1_0 
    where
        e1_0.student_id=? 
        and e1_0.course_id=? 
    fetch
        first ? rows only
Hibernate: 
    select
        e1_0.id 
    from
        enrollments e1_0 
    where
        e1_0.student_id=? 
        and e1_0.course_id=? 
    fetch
        first ? rows only
Hibernate: 
    select
        e1_0.id 
    from
        enrollments e1_0 
    where
        e1_0.student_id=? 
        and e1_0.course_id=? 
    fetch
        first ? rows only
Hibernate: 
    select
        e1_0.id 
    from
        enrollments e1_0 
    where
        e1_0.student_id=? 
        and e1_0.course_id=? 
    fetch
        first ? rows only
Hibernate: 
    select
        e1_0.id 
    from
        enrollments e1_0 
    where
        e1_0.student_id=? 
        and e1_0.course_id=? 
    fetch
        first ? rows only
Hibernate: 
    select
        e1_0.id 
    from
        enrollments e1_0 
    where
        e1_0.student_id=? 
        and e1_0.course_id=? 
    fetch
        first ? rows only
Hibernate: 
    select
        e1_0.id 
    from
        enrollments e1_0 
    where
        e1_0.student_id=? 
        and e1_0.course_id=? 
    fetch
        first ? rows only
Hibernate: 
    select
        e1_0.id 
    from
        enrollments e1_0 
    where
        e1_0.student_id=? 
        and e1_0.course_id=? 
    fetch
        first ? rows only
Hibernate: 
    select
        e1_0.id 
    from
        enrollments e1_0 
    where
        e1_0.student_id=? 
        and e1_0.course_id=? 
    fetch
        first ? rows only
Hibernate: 
    select
        e1_0.id 
    from
        enrollments e1_0 
    where
        e1_0.student_id=? 
        and e1_0.course_id=? 
    fetch
        first ? rows only
Hibernate: 
    select
        e1_0.id 
    from
        enrollments e1_0 
    where
        e1_0.student_id=? 
        and e1_0.course_id=? 
    fetch
        first ? rows only
Hibernate: 
    select
        e1_0.id 
    from
        enrollments e1_0 
    where
        e1_0.student_id=? 
        and e1_0.course_id=? 
    fetch
        first ? rows only
Hibernate: 
    select
        e1_0.id 
    from
        enrollments e1_0 
    where
        e1_0.student_id=? 
        and e1_0.course_id=? 
    fetch
        first ? rows only
Hibernate: 
    select
        t1_0.id,
        t1_0.coordinator,
        t1_0.department,
        t1_0.designation,
        t1_0.email,
        t1_0.name,
        t1_0.password,
        t1_0.photo,
        t1_0.photo_type,
        t1_0.teacher_id 
    from
        teachers t1_0 
    where
        t1_0.teacher_id=?
Hibernate: 
    select
        t1_0.id,
        t1_0.coordinator,
        t1_0.department,
        t1_0.designation,
        t1_0.email,
        t1_0.name,
        t1_0.password,
        t1_0.photo,
        t1_0.photo_type,
        t1_0.teacher_id 
    from
        teachers t1_0 
    where
        t1_0.teacher_id=?
Hibernate: 
    select
        t1_0.id,
        t1_0.coordinator,
        t1_0.department,
        t1_0.designation,
        t1_0.email,
        t1_0.name,
        t1_0.password,
        t1_0.photo,
        t1_0.photo_type,
        t1_0.teacher_id 
    from
        teachers t1_0 
    where
        t1_0.teacher_id=?
Hibernate: 
    select
        sa1_0.student_id,
        sa1_0.club_description,
        sa1_0.club_score,
        sa1_0.leadership_description,
        sa1_0.leadership_score,
        sa1_0.linkedin_score,
        sa1_0.linkedin_url,
        sa1_0.research_description,
        sa1_0.research_score,
        sa1_0.skills_description,
        sa1_0.skills_score,
        sa1_0.updated_at,
        sa1_0.volunteering_description,
        sa1_0.volunteering_score 
    from
        student_activities sa1_0 
    where
        sa1_0.student_id=?
Hibernate: 
    select
        sa1_0.student_id,
        sa1_0.club_description,
        sa1_0.club_score,
        sa1_0.leadership_description,
        sa1_0.leadership_score,
        sa1_0.linkedin_score,
        sa1_0.linkedin_url,
        sa1_0.research_description,
        sa1_0.research_score,
        sa1_0.skills_description,
        sa1_0.skills_score,
        sa1_0.updated_at,
        sa1_0.volunteering_description,
        sa1_0.volunteering_score 
    from
        student_activities sa1_0 
    where
        sa1_0.student_id=?
2026-07-11T10:09:26.379+06:00  INFO 17504 --- [eduadvisor2] [nio-8081-exec-1] o.a.c.c.C.[Tomcat].[localhost].[/]       : Initializing Spring DispatcherServlet 'dispatcherServlet'
2026-07-11T10:09:26.381+06:00  INFO 17504 --- [eduadvisor2] [nio-8081-exec-1] o.s.web.servlet.DispatcherServlet        : Initializing Servlet 'dispatcherServlet'
2026-07-11T10:09:26.384+06:00  INFO 17504 --- [eduadvisor2] [nio-8081-exec-1] o.s.web.servlet.DispatcherServlet        : Completed initialization in 3 ms
Hibernate: 
    select
        s1_0.id,
        s1_0.academic_year,
        s1_0.credits_completed,
        s1_0.email,
        s1_0.gpa,
        s1_0.name,
        s1_0.notif_email,
        s1_0.password,
        s1_0.program,
        s1_0.student_id 
    from
        students s1_0 
    where
        s1_0.student_id=?
Hibernate: 
    select
        s1_0.id,
        s1_0.academic_year,
        s1_0.credits_completed,
        s1_0.email,
        s1_0.gpa,
        s1_0.name,
        s1_0.notif_email,
        s1_0.password,
        s1_0.program,
        s1_0.student_id 
    from
        students s1_0 
    where
        s1_0.student_id=?
Hibernate: 
    select
        fs1_0.id,
        fs1_0.approved_at,
        fs1_0.coordinator_id,
        fs1_0.coordinator_name,
        fs1_0.status,
        fs1_0.student_id,
        fs1_0.student_name,
        fs1_0.submitted_at 
    from
        fee_statuses fs1_0 
    where
        fs1_0.student_id=?
Hibernate: 
    select
        e1_0.id,
        e1_0.course_id,
        e1_0.enrolled_at,
        e1_0.student_id 
    from
        enrollments e1_0 
    where
        e1_0.student_id=?
Hibernate: 
    select
        c1_0.code,
        c1_0.batch_group,
        c1_0.category,
        c1_0.color,
        c1_0.credit_type,
        c1_0.credits,
        c1_0.days,
        c1_0.end_time,
        c1_0.instructor,
        c1_0.name,
        c1_0.room,
        c1_0.start_time,
        c1_0.teacher_id 
    from
        courses c1_0 
    where
        c1_0.code=?
Hibernate: 
    select
        c1_0.code,
        c1_0.batch_group,
        c1_0.category,
        c1_0.color,
        c1_0.credit_type,
        c1_0.credits,
        c1_0.days,
        c1_0.end_time,
        c1_0.instructor,
        c1_0.name,
        c1_0.room,
        c1_0.start_time,
        c1_0.teacher_id 
    from
        courses c1_0 
    where
        c1_0.code=?
Hibernate: 
    select
        c1_0.code,
        c1_0.batch_group,
        c1_0.category,
        c1_0.color,
        c1_0.credit_type,
        c1_0.credits,
        c1_0.days,
        c1_0.end_time,
        c1_0.instructor,
        c1_0.name,
        c1_0.room,
        c1_0.start_time,
        c1_0.teacher_id 
    from
        courses c1_0 
    where
        c1_0.code=?
Hibernate: 
    select
        as1_0.id,
        as1_0.assessment_type,
        as1_0.course_code,
        as1_0.course_name,
        as1_0.max_score,
        as1_0.notes,
        as1_0.recorded_at,
        as1_0.score,
        as1_0.student_id 
    from
        assessment_scores as1_0 
    where
        as1_0.student_id=? 
    order by
        as1_0.recorded_at desc
Hibernate: 
    select
        ep1_0.id,
        ep1_0.student_email,
        ep1_0.student_id,
        ep1_0.student_name,
        ep1_0.submitted_at,
        ep1_0.teacher_id,
        ep1_0.teacher_name,
        ep1_0.title,
        ep1_0.type 
    from
        exam_papers ep1_0 
    where
        ep1_0.student_id=? 
    order by
        ep1_0.submitted_at desc
Hibernate: 
    select
        se1_0.id,
        se1_0.created_at,
        se1_0.date,
        se1_0.notified,
        se1_0.student_id,
        se1_0.time,
        se1_0.title,
        se1_0.type 
    from
        schedule_events se1_0 
    where
        se1_0.student_id=? 
    order by
        se1_0.date
Hibernate: 
    select
        spl1_0.student_id,
        spl1_0.activity_description,
        spl1_0.analysis_status,
        spl1_0.bootcamps_score,
        spl1_0.content_score,
        spl1_0.gaps_json,
        spl1_0.github_followers,
        spl1_0.github_languages,
        spl1_0.github_repos,
        spl1_0.github_score,
        spl1_0.github_stars,
        spl1_0.github_summary,
        spl1_0.github_url,
        spl1_0.last_refreshed_at,
        spl1_0.linkedin_data_json,
        spl1_0.linkedin_score,
        spl1_0.linkedin_summary,
        spl1_0.linkedin_url,
        spl1_0.network_score,
        spl1_0.projects_score,
        spl1_0.recommendations_json,
        spl1_0.research_score,
        spl1_0.seminars_score,
        spl1_0.strengths_json,
        spl1_0.technical_score 
    from
        student_profile_links spl1_0 
    where
        spl1_0.student_id=?
Hibernate: 
    select
        sa1_0.student_id,
        sa1_0.club_description,
        sa1_0.club_score,
        sa1_0.leadership_description,
        sa1_0.leadership_score,
        sa1_0.linkedin_score,
        sa1_0.linkedin_url,
        sa1_0.research_description,
        sa1_0.research_score,
        sa1_0.skills_description,
        sa1_0.skills_score,
        sa1_0.updated_at,
        sa1_0.volunteering_description,
        sa1_0.volunteering_score 
    from
        student_activities sa1_0 
    where
        sa1_0.student_id=?
Hibernate: 
    select
        fs1_0.id,
        fs1_0.approved_at,
        fs1_0.coordinator_id,
        fs1_0.coordinator_name,
        fs1_0.status,
        fs1_0.student_id,
        fs1_0.student_name,
        fs1_0.submitted_at 
    from
        fee_statuses fs1_0 
    where
        fs1_0.student_id=?
Hibernate: 
    select
        e1_0.id,
        e1_0.course_id,
        e1_0.enrolled_at,
        e1_0.student_id 
    from
        enrollments e1_0 
    where
        e1_0.student_id=?
Hibernate: 
    select
        c1_0.code,
        c1_0.batch_group,
        c1_0.category,
        c1_0.color,
        c1_0.credit_type,
        c1_0.credits,
        c1_0.days,
        c1_0.end_time,
        c1_0.instructor,
        c1_0.name,
        c1_0.room,
        c1_0.start_time,
        c1_0.teacher_id 
    from
        courses c1_0 
    where
        c1_0.code=?
Hibernate: 
    select
        c1_0.code,
        c1_0.batch_group,
        c1_0.category,
        c1_0.color,
        c1_0.credit_type,
        c1_0.credits,
        c1_0.days,
        c1_0.end_time,
        c1_0.instructor,
        c1_0.name,
        c1_0.room,
        c1_0.start_time,
        c1_0.teacher_id 
    from
        courses c1_0 
    where
        c1_0.code=?
Hibernate: 
    select
        c1_0.code,
        c1_0.batch_group,
        c1_0.category,
        c1_0.color,
        c1_0.credit_type,
        c1_0.credits,
        c1_0.days,
        c1_0.end_time,
        c1_0.instructor,
        c1_0.name,
        c1_0.room,
        c1_0.start_time,
        c1_0.teacher_id 
    from
        courses c1_0 
    where
        c1_0.code=?
Hibernate: 
    select
        as1_0.id,
        as1_0.assessment_type,
        as1_0.course_code,
        as1_0.course_name,
        as1_0.max_score,
        as1_0.notes,
        as1_0.recorded_at,
        as1_0.score,
        as1_0.student_id 
    from
        assessment_scores as1_0 
    where
        as1_0.student_id=? 
    order by
        as1_0.recorded_at desc
Hibernate: 
    select
        ep1_0.id,
        ep1_0.student_email,
        ep1_0.student_id,
        ep1_0.student_name,
        ep1_0.submitted_at,
        ep1_0.teacher_id,
        ep1_0.teacher_name,
        ep1_0.title,
        ep1_0.type 
    from
        exam_papers ep1_0 
    where
        ep1_0.student_id=? 
    order by
        ep1_0.submitted_at desc
Hibernate: 
    select
        se1_0.id,
        se1_0.created_at,
        se1_0.date,
        se1_0.notified,
        se1_0.student_id,
        se1_0.time,
        se1_0.title,
        se1_0.type 
    from
        schedule_events se1_0 
    where
        se1_0.student_id=? 
    order by
        se1_0.date
Hibernate: 
    select
        spl1_0.student_id,
        spl1_0.activity_description,
        spl1_0.analysis_status,
        spl1_0.bootcamps_score,
        spl1_0.content_score,
        spl1_0.gaps_json,
        spl1_0.github_followers,
        spl1_0.github_languages,
        spl1_0.github_repos,
        spl1_0.github_score,
        spl1_0.github_stars,
        spl1_0.github_summary,
        spl1_0.github_url,
        spl1_0.last_refreshed_at,
        spl1_0.linkedin_data_json,
        spl1_0.linkedin_score,
        spl1_0.linkedin_summary,
        spl1_0.linkedin_url,
        spl1_0.network_score,
        spl1_0.projects_score,
        spl1_0.recommendations_json,
        spl1_0.research_score,
        spl1_0.seminars_score,
        spl1_0.strengths_json,
        spl1_0.technical_score 
    from
        student_profile_links spl1_0 
    where
        spl1_0.student_id=?
Hibernate: 
    select
        sa1_0.student_id,
        sa1_0.club_description,
        sa1_0.club_score,
        sa1_0.leadership_description,
        sa1_0.leadership_score,
        sa1_0.linkedin_score,
        sa1_0.linkedin_url,
        sa1_0.research_description,
        sa1_0.research_score,
        sa1_0.skills_description,
        sa1_0.skills_score,
        sa1_0.updated_at,
        sa1_0.volunteering_description,
        sa1_0.volunteering_score 
    from
        student_activities sa1_0 
    where
        sa1_0.student_id=?
Hibernate: 
    select
        fs1_0.id,
        fs1_0.approved_at,
        fs1_0.coordinator_id,
        fs1_0.coordinator_name,
        fs1_0.status,
        fs1_0.student_id,
        fs1_0.student_name,
        fs1_0.submitted_at 
    from
        fee_statuses fs1_0 
    where
        fs1_0.student_id=?
Hibernate: 
    select
        e1_0.id,
        e1_0.course_id,
        e1_0.enrolled_at,
        e1_0.student_id 
    from
        enrollments e1_0 
    where
        e1_0.student_id=?
Hibernate: 
    select
        c1_0.code,
        c1_0.batch_group,
        c1_0.category,
        c1_0.color,
        c1_0.credit_type,
        c1_0.credits,
        c1_0.days,
        c1_0.end_time,
        c1_0.instructor,
        c1_0.name,
        c1_0.room,
        c1_0.start_time,
        c1_0.teacher_id 
    from
        courses c1_0 
    where
        c1_0.code=?
Hibernate: 
    select
        c1_0.code,
        c1_0.batch_group,
        c1_0.category,
        c1_0.color,
        c1_0.credit_type,
        c1_0.credits,
        c1_0.days,
        c1_0.end_time,
        c1_0.instructor,
        c1_0.name,
        c1_0.room,
        c1_0.start_time,
        c1_0.teacher_id 
    from
        courses c1_0 
    where
        c1_0.code=?
Hibernate: 
    select
        c1_0.code,
        c1_0.batch_group,
        c1_0.category,
        c1_0.color,
        c1_0.credit_type,
        c1_0.credits,
        c1_0.days,
        c1_0.end_time,
        c1_0.instructor,
        c1_0.name,
        c1_0.room,
        c1_0.start_time,
        c1_0.teacher_id 
    from
        courses c1_0 
    where
        c1_0.code=?
Hibernate: 
    select
        as1_0.id,
        as1_0.assessment_type,
        as1_0.course_code,
        as1_0.course_name,
        as1_0.max_score,
        as1_0.notes,
        as1_0.recorded_at,
        as1_0.score,
        as1_0.student_id 
    from
        assessment_scores as1_0 
    where
        as1_0.student_id=? 
    order by
        as1_0.recorded_at desc
Hibernate: 
    select
        ep1_0.id,
        ep1_0.student_email,
        ep1_0.student_id,
        ep1_0.student_name,
        ep1_0.submitted_at,
        ep1_0.teacher_id,
        ep1_0.teacher_name,
        ep1_0.title,
        ep1_0.type 
    from
        exam_papers ep1_0 
    where
        ep1_0.student_id=? 
    order by
        ep1_0.submitted_at desc
Hibernate: 
    select
        se1_0.id,
        se1_0.created_at,
        se1_0.date,
        se1_0.notified,
        se1_0.student_id,
        se1_0.time,
        se1_0.title,
        se1_0.type 
    from
        schedule_events se1_0 
    where
        se1_0.student_id=? 
    order by
        se1_0.date
Hibernate: 
    select
        spl1_0.student_id,
        spl1_0.activity_description,
        spl1_0.analysis_status,
        spl1_0.bootcamps_score,
        spl1_0.content_score,
        spl1_0.gaps_json,
        spl1_0.github_followers,
        spl1_0.github_languages,
        spl1_0.github_repos,
        spl1_0.github_score,
        spl1_0.github_stars,
        spl1_0.github_summary,
        spl1_0.github_url,
        spl1_0.last_refreshed_at,
        spl1_0.linkedin_data_json,
        spl1_0.linkedin_score,
        spl1_0.linkedin_summary,
        spl1_0.linkedin_url,
        spl1_0.network_score,
        spl1_0.projects_score,
        spl1_0.recommendations_json,
        spl1_0.research_score,
        spl1_0.seminars_score,
        spl1_0.strengths_json,
        spl1_0.technical_score 
    from
        student_profile_links spl1_0 
    where
        spl1_0.student_id=?
Hibernate: 
    select
        sa1_0.student_id,
        sa1_0.club_description,
        sa1_0.club_score,
        sa1_0.leadership_description,
        sa1_0.leadership_score,
        sa1_0.linkedin_score,
        sa1_0.linkedin_url,
        sa1_0.research_description,
        sa1_0.research_score,
        sa1_0.skills_description,
        sa1_0.skills_score,
        sa1_0.updated_at,
        sa1_0.volunteering_description,
        sa1_0.volunteering_score 
    from
        student_activities sa1_0 
    where
        sa1_0.student_id=?
Hibernate: 
    select
        s1_0.id,
        s1_0.academic_year,
        s1_0.credits_completed,
        s1_0.email,
        s1_0.gpa,
        s1_0.name,
        s1_0.notif_email,
        s1_0.password,
        s1_0.program,
        s1_0.student_id 
    from
        students s1_0 
    where
        s1_0.student_id=?
Hibernate: 
    select
        s1_0.id,
        s1_0.academic_year,
        s1_0.credits_completed,
        s1_0.email,
        s1_0.gpa,
        s1_0.name,
        s1_0.notif_email,
        s1_0.password,
        s1_0.program,
        s1_0.student_id 
    from
        students s1_0 
    where
        s1_0.student_id=?
Hibernate: 
    select
        fs1_0.id,
        fs1_0.approved_at,
        fs1_0.coordinator_id,
        fs1_0.coordinator_name,
        fs1_0.status,
        fs1_0.student_id,
        fs1_0.student_name,
        fs1_0.submitted_at 
    from
        fee_statuses fs1_0 
    where
        fs1_0.student_id=?
Hibernate: 
    select
        e1_0.id,
        e1_0.course_id,
        e1_0.enrolled_at,
        e1_0.student_id 
    from
        enrollments e1_0 
    where
        e1_0.student_id=?
Hibernate: 
    select
        c1_0.code,
        c1_0.batch_group,
        c1_0.category,
        c1_0.color,
        c1_0.credit_type,
        c1_0.credits,
        c1_0.days,
        c1_0.end_time,
        c1_0.instructor,
        c1_0.name,
        c1_0.room,
        c1_0.start_time,
        c1_0.teacher_id 
    from
        courses c1_0 
    where
        c1_0.code=?
Hibernate: 
    select
        c1_0.code,
        c1_0.batch_group,
        c1_0.category,
        c1_0.color,
        c1_0.credit_type,
        c1_0.credits,
        c1_0.days,
        c1_0.end_time,
        c1_0.instructor,
        c1_0.name,
        c1_0.room,
        c1_0.start_time,
        c1_0.teacher_id 
    from
        courses c1_0 
    where
        c1_0.code=?
Hibernate: 
    select
        c1_0.code,
        c1_0.batch_group,
        c1_0.category,
        c1_0.color,
        c1_0.credit_type,
        c1_0.credits,
        c1_0.days,
        c1_0.end_time,
        c1_0.instructor,
        c1_0.name,
        c1_0.room,
        c1_0.start_time,
        c1_0.teacher_id 
    from
        courses c1_0 
    where
        c1_0.code=?
Hibernate: 
    select
        as1_0.id,
        as1_0.assessment_type,
        as1_0.course_code,
        as1_0.course_name,
        as1_0.max_score,
        as1_0.notes,
        as1_0.recorded_at,
        as1_0.score,
        as1_0.student_id 
    from
        assessment_scores as1_0 
    where
        as1_0.student_id=? 
    order by
        as1_0.recorded_at desc
Hibernate: 
    select
        ep1_0.id,
        ep1_0.student_email,
        ep1_0.student_id,
        ep1_0.student_name,
        ep1_0.submitted_at,
        ep1_0.teacher_id,
        ep1_0.teacher_name,
        ep1_0.title,
        ep1_0.type 
    from
        exam_papers ep1_0 
    where
        ep1_0.student_id=? 
    order by
        ep1_0.submitted_at desc
Hibernate: 
    select
        se1_0.id,
        se1_0.created_at,
        se1_0.date,
        se1_0.notified,
        se1_0.student_id,
        se1_0.time,
        se1_0.title,
        se1_0.type 
    from
        schedule_events se1_0 
    where
        se1_0.student_id=? 
    order by
        se1_0.date
Hibernate: 
    select
        spl1_0.student_id,
        spl1_0.activity_description,
        spl1_0.analysis_status,
        spl1_0.bootcamps_score,
        spl1_0.content_score,
        spl1_0.gaps_json,
        spl1_0.github_followers,
        spl1_0.github_languages,
        spl1_0.github_repos,
        spl1_0.github_score,
        spl1_0.github_stars,
        spl1_0.github_summary,
        spl1_0.github_url,
        spl1_0.last_refreshed_at,
        spl1_0.linkedin_data_json,
        spl1_0.linkedin_score,
        spl1_0.linkedin_summary,
        spl1_0.linkedin_url,
        spl1_0.network_score,
        spl1_0.projects_score,
        spl1_0.recommendations_json,
        spl1_0.research_score,
        spl1_0.seminars_score,
        spl1_0.strengths_json,
        spl1_0.technical_score 
    from
        student_profile_links spl1_0 
    where
        spl1_0.student_id=?
Hibernate: 
    select
        sa1_0.student_id,
        sa1_0.club_description,
        sa1_0.club_score,
        sa1_0.leadership_description,
        sa1_0.leadership_score,
        sa1_0.linkedin_score,
        sa1_0.linkedin_url,
        sa1_0.research_description,
        sa1_0.research_score,
        sa1_0.skills_description,
        sa1_0.skills_score,
        sa1_0.updated_at,
        sa1_0.volunteering_description,
        sa1_0.volunteering_score 
    from
        student_activities sa1_0 
    where
        sa1_0.student_id=?
Hibernate: 
    select
        s1_0.id,
        s1_0.academic_year,
        s1_0.credits_completed,
        s1_0.email,
        s1_0.gpa,
        s1_0.name,
        s1_0.notif_email,
        s1_0.password,
        s1_0.program,
        s1_0.student_id 
    from
        students s1_0 
    where
        s1_0.student_id=?
Hibernate: 
    select
        s1_0.id,
        s1_0.academic_year,
        s1_0.credits_completed,
        s1_0.email,
        s1_0.gpa,
        s1_0.name,
        s1_0.notif_email,
        s1_0.password,
        s1_0.program,
        s1_0.student_id 
    from
        students s1_0 
    where
        s1_0.student_id=?
Hibernate: 
    select
        s1_0.id,
        s1_0.academic_year,
        s1_0.credits_completed,
        s1_0.email,
        s1_0.gpa,
        s1_0.name,
        s1_0.notif_email,
        s1_0.password,
        s1_0.program,
        s1_0.student_id 
    from
        students s1_0 
    where
        s1_0.student_id=?
Hibernate: 
    select
        as1_0.id,
        as1_0.assessment_type,
        as1_0.course_code,
        as1_0.course_name,
        as1_0.max_score,
        as1_0.notes,
        as1_0.recorded_at,
        as1_0.score,
        as1_0.student_id 
    from
        assessment_scores as1_0 
    where
        as1_0.student_id=? 
    order by
        as1_0.recorded_at desc
Hibernate: 
    select
        spl1_0.student_id,
        spl1_0.activity_description,
        spl1_0.analysis_status,
        spl1_0.bootcamps_score,
        spl1_0.content_score,
        spl1_0.gaps_json,
        spl1_0.github_followers,
        spl1_0.github_languages,
        spl1_0.github_repos,
        spl1_0.github_score,
        spl1_0.github_stars,
        spl1_0.github_summary,
        spl1_0.github_url,
        spl1_0.last_refreshed_at,
        spl1_0.linkedin_data_json,
        spl1_0.linkedin_score,
        spl1_0.linkedin_summary,
        spl1_0.linkedin_url,
        spl1_0.network_score,
        spl1_0.projects_score,
        spl1_0.recommendations_json,
        spl1_0.research_score,
        spl1_0.seminars_score,
        spl1_0.strengths_json,
        spl1_0.technical_score 
    from
        student_profile_links spl1_0 
    where
        spl1_0.student_id=?
Hibernate: 
    select
        fs1_0.id,
        fs1_0.approved_at,
        fs1_0.coordinator_id,
        fs1_0.coordinator_name,
        fs1_0.status,
        fs1_0.student_id,
        fs1_0.student_name,
        fs1_0.submitted_at 
    from
        fee_statuses fs1_0 
    where
        fs1_0.student_id=?
Hibernate: 
    select
        e1_0.id,
        e1_0.course_id,
        e1_0.enrolled_at,
        e1_0.student_id 
    from
        enrollments e1_0 
    where
        e1_0.student_id=?
Hibernate: 
    select
        c1_0.code,
        c1_0.batch_group,
        c1_0.category,
        c1_0.color,
        c1_0.credit_type,
        c1_0.credits,
        c1_0.days,
        c1_0.end_time,
        c1_0.instructor,
        c1_0.name,
        c1_0.room,
        c1_0.start_time,
        c1_0.teacher_id 
    from
        courses c1_0 
    where
        c1_0.code=?
Hibernate: 
    select
        c1_0.code,
        c1_0.batch_group,
        c1_0.category,
        c1_0.color,
        c1_0.credit_type,
        c1_0.credits,
        c1_0.days,
        c1_0.end_time,
        c1_0.instructor,
        c1_0.name,
        c1_0.room,
        c1_0.start_time,
        c1_0.teacher_id 
    from
        courses c1_0 
    where
        c1_0.code=?
Hibernate: 
    select
        c1_0.code,
        c1_0.batch_group,
        c1_0.category,
        c1_0.color,
        c1_0.credit_type,
        c1_0.credits,
        c1_0.days,
        c1_0.end_time,
        c1_0.instructor,
        c1_0.name,
        c1_0.room,
        c1_0.start_time,
        c1_0.teacher_id 
    from
        courses c1_0 
    where
        c1_0.code=?
Hibernate: 
    select
        as1_0.id,
        as1_0.assessment_type,
        as1_0.course_code,
        as1_0.course_name,
        as1_0.max_score,
        as1_0.notes,
        as1_0.recorded_at,
        as1_0.score,
        as1_0.student_id 
    from
        assessment_scores as1_0 
    where
        as1_0.student_id=? 
    order by
        as1_0.recorded_at desc
Hibernate: 
    select
        ep1_0.id,
        ep1_0.student_email,
        ep1_0.student_id,
        ep1_0.student_name,
        ep1_0.submitted_at,
        ep1_0.teacher_id,
        ep1_0.teacher_name,
        ep1_0.title,
        ep1_0.type 
    from
        exam_papers ep1_0 
    where
        ep1_0.student_id=? 
    order by
        ep1_0.submitted_at desc
Hibernate: 
    select
        se1_0.id,
        se1_0.created_at,
        se1_0.date,
        se1_0.notified,
        se1_0.student_id,
        se1_0.time,
        se1_0.title,
        se1_0.type 
    from
        schedule_events se1_0 
    where
        se1_0.student_id=? 
    order by
        se1_0.date
Hibernate: 
    select
        spl1_0.student_id,
        spl1_0.activity_description,
        spl1_0.analysis_status,
        spl1_0.bootcamps_score,
        spl1_0.content_score,
        spl1_0.gaps_json,
        spl1_0.github_followers,
        spl1_0.github_languages,
        spl1_0.github_repos,
        spl1_0.github_score,
        spl1_0.github_stars,
        spl1_0.github_summary,
        spl1_0.github_url,
        spl1_0.last_refreshed_at,
        spl1_0.linkedin_data_json,
        spl1_0.linkedin_score,
        spl1_0.linkedin_summary,
        spl1_0.linkedin_url,
        spl1_0.network_score,
        spl1_0.projects_score,
        spl1_0.recommendations_json,
        spl1_0.research_score,
        spl1_0.seminars_score,
        spl1_0.strengths_json,
        spl1_0.technical_score 
    from
        student_profile_links spl1_0 
    where
        spl1_0.student_id=?
Hibernate: 
    select
        sa1_0.student_id,
        sa1_0.club_description,
        sa1_0.club_score,
        sa1_0.leadership_description,
        sa1_0.leadership_score,
        sa1_0.linkedin_score,
        sa1_0.linkedin_url,
        sa1_0.research_description,
        sa1_0.research_score,
        sa1_0.skills_description,
        sa1_0.skills_score,
        sa1_0.updated_at,
        sa1_0.volunteering_description,
        sa1_0.volunteering_score 
    from
        student_activities sa1_0 
    where
        sa1_0.student_id=?
Hibernate: 
    select
        fs1_0.id,
        fs1_0.approved_at,
        fs1_0.coordinator_id,
        fs1_0.coordinator_name,
        fs1_0.status,
        fs1_0.student_id,
        fs1_0.student_name,
        fs1_0.submitted_at 
    from
        fee_statuses fs1_0 
    where
        fs1_0.student_id=?
Hibernate: 
    select
        e1_0.id,
        e1_0.course_id,
        e1_0.enrolled_at,
        e1_0.student_id 
    from
        enrollments e1_0 
    where
        e1_0.student_id=?
Hibernate: 
    select
        c1_0.code,
        c1_0.batch_group,
        c1_0.category,
        c1_0.color,
        c1_0.credit_type,
        c1_0.credits,
        c1_0.days,
        c1_0.end_time,
        c1_0.instructor,
        c1_0.name,
        c1_0.room,
        c1_0.start_time,
        c1_0.teacher_id 
    from
        courses c1_0 
    where
        c1_0.code=?
Hibernate: 
    select
        c1_0.code,
        c1_0.batch_group,
        c1_0.category,
        c1_0.color,
        c1_0.credit_type,
        c1_0.credits,
        c1_0.days,
        c1_0.end_time,
        c1_0.instructor,
        c1_0.name,
        c1_0.room,
        c1_0.start_time,
        c1_0.teacher_id 
    from
        courses c1_0 
    where
        c1_0.code=?
Hibernate: 
    select
        c1_0.code,
        c1_0.batch_group,
        c1_0.category,
        c1_0.color,
        c1_0.credit_type,
        c1_0.credits,
        c1_0.days,
        c1_0.end_time,
        c1_0.instructor,
        c1_0.name,
        c1_0.room,
        c1_0.start_time,
        c1_0.teacher_id 
    from
        courses c1_0 
    where
        c1_0.code=?
Hibernate: 
    select
        as1_0.id,
        as1_0.assessment_type,
        as1_0.course_code,
        as1_0.course_name,
        as1_0.max_score,
        as1_0.notes,
        as1_0.recorded_at,
        as1_0.score,
        as1_0.student_id 
    from
        assessment_scores as1_0 
    where
        as1_0.student_id=? 
    order by
        as1_0.recorded_at desc
Hibernate: 
    select
        ep1_0.id,
        ep1_0.student_email,
        ep1_0.student_id,
        ep1_0.student_name,
        ep1_0.submitted_at,
        ep1_0.teacher_id,
        ep1_0.teacher_name,
        ep1_0.title,
        ep1_0.type 
    from
        exam_papers ep1_0 
    where
        ep1_0.student_id=? 
    order by
        ep1_0.submitted_at desc
Hibernate: 
    select
        se1_0.id,
        se1_0.created_at,
        se1_0.date,
        se1_0.notified,
        se1_0.student_id,
        se1_0.time,
        se1_0.title,
        se1_0.type 
    from
        schedule_events se1_0 
    where
        se1_0.student_id=? 
    order by
        se1_0.date
Hibernate: 
    select
        spl1_0.student_id,
        spl1_0.activity_description,
        spl1_0.analysis_status,
        spl1_0.bootcamps_score,
        spl1_0.content_score,
        spl1_0.gaps_json,
        spl1_0.github_followers,
        spl1_0.github_languages,
        spl1_0.github_repos,
        spl1_0.github_score,
        spl1_0.github_stars,
        spl1_0.github_summary,
        spl1_0.github_url,
        spl1_0.last_refreshed_at,
        spl1_0.linkedin_data_json,
        spl1_0.linkedin_score,
        spl1_0.linkedin_summary,
        spl1_0.linkedin_url,
        spl1_0.network_score,
        spl1_0.projects_score,
        spl1_0.recommendations_json,
        spl1_0.research_score,
        spl1_0.seminars_score,
        spl1_0.strengths_json,
        spl1_0.technical_score 
    from
        student_profile_links spl1_0 
    where
        spl1_0.student_id=?
Hibernate: 
    select
        sa1_0.student_id,
        sa1_0.club_description,
        sa1_0.club_score,
        sa1_0.leadership_description,
        sa1_0.leadership_score,
        sa1_0.linkedin_score,
        sa1_0.linkedin_url,
        sa1_0.research_description,
        sa1_0.research_score,
        sa1_0.skills_description,
        sa1_0.skills_score,
        sa1_0.updated_at,
        sa1_0.volunteering_description,
        sa1_0.volunteering_score 
    from
        student_activities sa1_0 
    where
        sa1_0.student_id=?
Hibernate: 
    select
        fs1_0.id,
        fs1_0.approved_at,
        fs1_0.coordinator_id,
        fs1_0.coordinator_name,
        fs1_0.status,
        fs1_0.student_id,
        fs1_0.student_name,
        fs1_0.submitted_at 
    from
        fee_statuses fs1_0 
    where
        fs1_0.student_id=?
Hibernate: 
    select
        e1_0.id,
        e1_0.course_id,
        e1_0.enrolled_at,
        e1_0.student_id 
    from
        enrollments e1_0 
    where
        e1_0.student_id=?
Hibernate: 
    select
        c1_0.code,
        c1_0.batch_group,
        c1_0.category,
        c1_0.color,
        c1_0.credit_type,
        c1_0.credits,
        c1_0.days,
        c1_0.end_time,
        c1_0.instructor,
        c1_0.name,
        c1_0.room,
        c1_0.start_time,
        c1_0.teacher_id 
    from
        courses c1_0 
    where
        c1_0.code=?
Hibernate: 
    select
        c1_0.code,
        c1_0.batch_group,
        c1_0.category,
        c1_0.color,
        c1_0.credit_type,
        c1_0.credits,
        c1_0.days,
        c1_0.end_time,
        c1_0.instructor,
        c1_0.name,
        c1_0.room,
        c1_0.start_time,
        c1_0.teacher_id 
    from
        courses c1_0 
    where
        c1_0.code=?
Hibernate: 
    select
        c1_0.code,
        c1_0.batch_group,
        c1_0.category,
        c1_0.color,
        c1_0.credit_type,
        c1_0.credits,
        c1_0.days,
        c1_0.end_time,
        c1_0.instructor,
        c1_0.name,
        c1_0.room,
        c1_0.start_time,
        c1_0.teacher_id 
    from
        courses c1_0 
    where
        c1_0.code=?
Hibernate: 
    select
        as1_0.id,
        as1_0.assessment_type,
        as1_0.course_code,
        as1_0.course_name,
        as1_0.max_score,
        as1_0.notes,
        as1_0.recorded_at,
        as1_0.score,
        as1_0.student_id 
    from
        assessment_scores as1_0 
    where
        as1_0.student_id=? 
    order by
        as1_0.recorded_at desc
Hibernate: 
    select
        ep1_0.id,
        ep1_0.student_email,
        ep1_0.student_id,
        ep1_0.student_name,
        ep1_0.submitted_at,
        ep1_0.teacher_id,
        ep1_0.teacher_name,
        ep1_0.title,
        ep1_0.type 
    from
        exam_papers ep1_0 
    where
        ep1_0.student_id=? 
    order by
        ep1_0.submitted_at desc
Hibernate: 
    select
        se1_0.id,
        se1_0.created_at,
        se1_0.date,
        se1_0.notified,
        se1_0.student_id,
        se1_0.time,
        se1_0.title,
        se1_0.type 
    from
        schedule_events se1_0 
    where
        se1_0.student_id=? 
    order by
        se1_0.date
Hibernate: 
    select
        spl1_0.student_id,
        spl1_0.activity_description,
        spl1_0.analysis_status,
        spl1_0.bootcamps_score,
        spl1_0.content_score,
        spl1_0.gaps_json,
        spl1_0.github_followers,
        spl1_0.github_languages,
        spl1_0.github_repos,
        spl1_0.github_score,
        spl1_0.github_stars,
        spl1_0.github_summary,
        spl1_0.github_url,
        spl1_0.last_refreshed_at,
        spl1_0.linkedin_data_json,
        spl1_0.linkedin_score,
        spl1_0.linkedin_summary,
        spl1_0.linkedin_url,
        spl1_0.network_score,
        spl1_0.projects_score,
        spl1_0.recommendations_json,
        spl1_0.research_score,
        spl1_0.seminars_score,
        spl1_0.strengths_json,
        spl1_0.technical_score 
    from
        student_profile_links spl1_0 
    where
        spl1_0.student_id=?
Hibernate: 
    select
        sa1_0.student_id,
        sa1_0.club_description,
        sa1_0.club_score,
        sa1_0.leadership_description,
        sa1_0.leadership_score,
        sa1_0.linkedin_score,
        sa1_0.linkedin_url,
        sa1_0.research_description,
        sa1_0.research_score,
        sa1_0.skills_description,
        sa1_0.skills_score,
        sa1_0.updated_at,
        sa1_0.volunteering_description,
        sa1_0.volunteering_score 
    from
        student_activities sa1_0 
    where
        sa1_0.student_id=?
Hibernate: 
    select
        fs1_0.id,
        fs1_0.approved_at,
        fs1_0.coordinator_id,
        fs1_0.coordinator_name,
        fs1_0.status,
        fs1_0.student_id,
        fs1_0.student_name,
        fs1_0.submitted_at 
    from
        fee_statuses fs1_0 
    where
        fs1_0.student_id=?
Hibernate: 
    select
        e1_0.id,
        e1_0.course_id,
        e1_0.enrolled_at,
        e1_0.student_id 
    from
        enrollments e1_0 
    where
        e1_0.student_id=?
Hibernate: 
    select
        c1_0.code,
        c1_0.batch_group,
        c1_0.category,
        c1_0.color,
        c1_0.credit_type,
        c1_0.credits,
        c1_0.days,
        c1_0.end_time,
        c1_0.instructor,
        c1_0.name,
        c1_0.room,
        c1_0.start_time,
        c1_0.teacher_id 
    from
        courses c1_0 
    where
        c1_0.code=?
Hibernate: 
    select
        c1_0.code,
        c1_0.batch_group,
        c1_0.category,
        c1_0.color,
        c1_0.credit_type,
        c1_0.credits,
        c1_0.days,
        c1_0.end_time,
        c1_0.instructor,
        c1_0.name,
        c1_0.room,
        c1_0.start_time,
        c1_0.teacher_id 
    from
        courses c1_0 
    where
        c1_0.code=?
Hibernate: 
    select
        c1_0.code,
        c1_0.batch_group,
        c1_0.category,
        c1_0.color,
        c1_0.credit_type,
        c1_0.credits,
        c1_0.days,
        c1_0.end_time,
        c1_0.instructor,
        c1_0.name,
        c1_0.room,
        c1_0.start_time,
        c1_0.teacher_id 
    from
        courses c1_0 
    where
        c1_0.code=?
Hibernate: 
    select
        as1_0.id,
        as1_0.assessment_type,
        as1_0.course_code,
        as1_0.course_name,
        as1_0.max_score,
        as1_0.notes,
        as1_0.recorded_at,
        as1_0.score,
        as1_0.student_id 
    from
        assessment_scores as1_0 
    where
        as1_0.student_id=? 
    order by
        as1_0.recorded_at desc
Hibernate: 
    select
        ep1_0.id,
        ep1_0.student_email,
        ep1_0.student_id,
        ep1_0.student_name,
        ep1_0.submitted_at,
        ep1_0.teacher_id,
        ep1_0.teacher_name,
        ep1_0.title,
        ep1_0.type 
    from
        exam_papers ep1_0 
    where
        ep1_0.student_id=? 
    order by
        ep1_0.submitted_at desc
Hibernate: 
    select
        se1_0.id,
        se1_0.created_at,
        se1_0.date,
        se1_0.notified,
        se1_0.student_id,
        se1_0.time,
        se1_0.title,
        se1_0.type 
    from
        schedule_events se1_0 
    where
        se1_0.student_id=? 
    order by
        se1_0.date
Hibernate: 
    select
        spl1_0.student_id,
        spl1_0.activity_description,
        spl1_0.analysis_status,
        spl1_0.bootcamps_score,
        spl1_0.content_score,
        spl1_0.gaps_json,
        spl1_0.github_followers,
        spl1_0.github_languages,
        spl1_0.github_repos,
        spl1_0.github_score,
        spl1_0.github_stars,
        spl1_0.github_summary,
        spl1_0.github_url,
        spl1_0.last_refreshed_at,
        spl1_0.linkedin_data_json,
        spl1_0.linkedin_score,
        spl1_0.linkedin_summary,
        spl1_0.linkedin_url,
        spl1_0.network_score,
        spl1_0.projects_score,
        spl1_0.recommendations_json,
        spl1_0.research_score,
        spl1_0.seminars_score,
        spl1_0.strengths_json,
        spl1_0.technical_score 
    from
        student_profile_links spl1_0 
    where
        spl1_0.student_id=?
Hibernate: 
    select
        sa1_0.student_id,
        sa1_0.club_description,
        sa1_0.club_score,
        sa1_0.leadership_description,
        sa1_0.leadership_score,
        sa1_0.linkedin_score,
        sa1_0.linkedin_url,
        sa1_0.research_description,
        sa1_0.research_score,
        sa1_0.skills_description,
        sa1_0.skills_score,
        sa1_0.updated_at,
        sa1_0.volunteering_description,
        sa1_0.volunteering_score 
    from
        student_activities sa1_0 
    where
        sa1_0.student_id=?
Hibernate: 
    select
        fs1_0.id,
        fs1_0.approved_at,
        fs1_0.coordinator_id,
        fs1_0.coordinator_name,
        fs1_0.status,
        fs1_0.student_id,
        fs1_0.student_name,
        fs1_0.submitted_at 
    from
        fee_statuses fs1_0 
    where
        fs1_0.student_id=?
Hibernate: 
    select
        e1_0.id,
        e1_0.course_id,
        e1_0.enrolled_at,
        e1_0.student_id 
    from
        enrollments e1_0 
    where
        e1_0.student_id=?
Hibernate: 
    select
        c1_0.code,
        c1_0.batch_group,
        c1_0.category,
        c1_0.color,
        c1_0.credit_type,
        c1_0.credits,
        c1_0.days,
        c1_0.end_time,
        c1_0.instructor,
        c1_0.name,
        c1_0.room,
        c1_0.start_time,
        c1_0.teacher_id 
    from
        courses c1_0 
    where
        c1_0.code=?
Hibernate: 
    select
        c1_0.code,
        c1_0.batch_group,
        c1_0.category,
        c1_0.color,
        c1_0.credit_type,
        c1_0.credits,
        c1_0.days,
        c1_0.end_time,
        c1_0.instructor,
        c1_0.name,
        c1_0.room,
        c1_0.start_time,
        c1_0.teacher_id 
    from
        courses c1_0 
    where
        c1_0.code=?
Hibernate: 
    select
        c1_0.code,
        c1_0.batch_group,
        c1_0.category,
        c1_0.color,
        c1_0.credit_type,
        c1_0.credits,
        c1_0.days,
        c1_0.end_time,
        c1_0.instructor,
        c1_0.name,
        c1_0.room,
        c1_0.start_time,
        c1_0.teacher_id 
    from
        courses c1_0 
    where
        c1_0.code=?
Hibernate: 
    select
        as1_0.id,
        as1_0.assessment_type,
        as1_0.course_code,
        as1_0.course_name,
        as1_0.max_score,
        as1_0.notes,
        as1_0.recorded_at,
        as1_0.score,
        as1_0.student_id 
    from
        assessment_scores as1_0 
    where
        as1_0.student_id=? 
    order by
        as1_0.recorded_at desc
Hibernate: 
    select
        ep1_0.id,
        ep1_0.student_email,
        ep1_0.student_id,
        ep1_0.student_name,
        ep1_0.submitted_at,
        ep1_0.teacher_id,
        ep1_0.teacher_name,
        ep1_0.title,
        ep1_0.type 
    from
        exam_papers ep1_0 
    where
        ep1_0.student_id=? 
    order by
        ep1_0.submitted_at desc
Hibernate: 
    select
        se1_0.id,
        se1_0.created_at,
        se1_0.date,
        se1_0.notified,
        se1_0.student_id,
        se1_0.time,
        se1_0.title,
        se1_0.type 
    from
        schedule_events se1_0 
    where
        se1_0.student_id=? 
    order by
        se1_0.date
Hibernate: 
    select
        spl1_0.student_id,
        spl1_0.activity_description,
        spl1_0.analysis_status,
        spl1_0.bootcamps_score,
        spl1_0.content_score,
        spl1_0.gaps_json,
        spl1_0.github_followers,
        spl1_0.github_languages,
        spl1_0.github_repos,
        spl1_0.github_score,
        spl1_0.github_stars,
        spl1_0.github_summary,
        spl1_0.github_url,
        spl1_0.last_refreshed_at,
        spl1_0.linkedin_data_json,
        spl1_0.linkedin_score,
        spl1_0.linkedin_summary,
        spl1_0.linkedin_url,
        spl1_0.network_score,
        spl1_0.projects_score,
        spl1_0.recommendations_json,
        spl1_0.research_score,
        spl1_0.seminars_score,
        spl1_0.strengths_json,
        spl1_0.technical_score 
    from
        student_profile_links spl1_0 
    where
        spl1_0.student_id=?
Hibernate: 
    select
        sa1_0.student_id,
        sa1_0.club_description,
        sa1_0.club_score,
        sa1_0.leadership_description,
        sa1_0.leadership_score,
        sa1_0.linkedin_score,
        sa1_0.linkedin_url,
        sa1_0.research_description,
        sa1_0.research_score,
        sa1_0.skills_description,
        sa1_0.skills_score,
        sa1_0.updated_at,
        sa1_0.volunteering_description,
        sa1_0.volunteering_score 
    from
        student_activities sa1_0 
    where
        sa1_0.student_id=?
Hibernate: 
    select
        e1_0.id,
        e1_0.course_id,
        e1_0.enrolled_at,
        e1_0.student_id 
    from
        enrollments e1_0 
    where
        e1_0.student_id=?
Hibernate: 
    select
        c1_0.code,
        c1_0.batch_group,
        c1_0.category,
        c1_0.color,
        c1_0.credit_type,
        c1_0.credits,
        c1_0.days,
        c1_0.end_time,
        c1_0.instructor,
        c1_0.name,
        c1_0.room,
        c1_0.start_time,
        c1_0.teacher_id 
    from
        courses c1_0 
    where
        c1_0.code=?
Hibernate: 
    select
        c1_0.code,
        c1_0.batch_group,
        c1_0.category,
        c1_0.color,
        c1_0.credit_type,
        c1_0.credits,
        c1_0.days,
        c1_0.end_time,
        c1_0.instructor,
        c1_0.name,
        c1_0.room,
        c1_0.start_time,
        c1_0.teacher_id 
    from
        courses c1_0 
    where
        c1_0.code=?
Hibernate: 
    select
        c1_0.code,
        c1_0.batch_group,
        c1_0.category,
        c1_0.color,
        c1_0.credit_type,
        c1_0.credits,
        c1_0.days,
        c1_0.end_time,
        c1_0.instructor,
        c1_0.name,
        c1_0.room,
        c1_0.start_time,
        c1_0.teacher_id 
    from
        courses c1_0 
    where
        c1_0.code=?
Hibernate: 
    select
        se1_0.id,
        se1_0.created_at,
        se1_0.date,
        se1_0.notified,
        se1_0.student_id,
        se1_0.time,
        se1_0.title,
        se1_0.type 
    from
        schedule_events se1_0 
    where
        se1_0.student_id=? 
    order by
        se1_0.date
Hibernate: 
    insert 
    into
        schedule_events
        (created_at, date, notified, student_id, time, title, type, id) 
    values
        (?, ?, ?, ?, ?, ?, ?, default)
Hibernate: 
    insert 
    into
        schedule_events
        (created_at, date, notified, student_id, time, title, type, id) 
    values
        (?, ?, ?, ?, ?, ?, ?, default)
Hibernate: 
    insert 
    into
        schedule_events
        (created_at, date, notified, student_id, time, title, type, id) 
    values
        (?, ?, ?, ?, ?, ?, ?, default)
Hibernate: 
    insert 
    into
        schedule_events
        (created_at, date, notified, student_id, time, title, type, id) 
    values
        (?, ?, ?, ?, ?, ?, ?, default)
Hibernate: 
    select
        s1_0.id,
        s1_0.academic_year,
        s1_0.credits_completed,
        s1_0.email,
        s1_0.gpa,
        s1_0.name,
        s1_0.notif_email,
        s1_0.password,
        s1_0.program,
        s1_0.student_id 
    from
        students s1_0 
    where
        s1_0.student_id=?
Hibernate: 
    select
        lfr1_0.id,
        lfr1_0.coordinator_note,
        lfr1_0.description,
        lfr1_0.image_base64,
        lfr1_0.image_type,
        lfr1_0.location,
        lfr1_0.reported_at,
        lfr1_0.status,
        lfr1_0.student_email,
        lfr1_0.student_id,
        lfr1_0.student_name,
        lfr1_0.updated_at 
    from
        lost_found_reports lfr1_0 
    where
        lfr1_0.student_id=? 
    order by
        lfr1_0.reported_at desc
Hibernate: 
    select
        ep1_0.id,
        ep1_0.student_email,
        ep1_0.student_id,
        ep1_0.student_name,
        ep1_0.submitted_at,
        ep1_0.teacher_id,
        ep1_0.teacher_name,
        ep1_0.title,
        ep1_0.type 
    from
        exam_papers ep1_0 
    where
        ep1_0.student_id=? 
    order by
        ep1_0.submitted_at desc
Hibernate: 
    select
        t1_0.id,
        t1_0.coordinator,
        t1_0.department,
        t1_0.designation,
        t1_0.email,
        t1_0.name,
        t1_0.password,
        t1_0.photo,
        t1_0.photo_type,
        t1_0.teacher_id 
    from
        teachers t1_0 
    where
        t1_0.teacher_id=?
Hibernate: 
    select
        t1_0.id,
        t1_0.coordinator,
        t1_0.department,
        t1_0.designation,
        t1_0.email,
        t1_0.name,
        t1_0.password,
        t1_0.photo,
        t1_0.photo_type,
        t1_0.teacher_id 
    from
        teachers t1_0 
    where
        t1_0.teacher_id=?
Hibernate: 
    select
        c1_0.code,
        c1_0.batch_group,
        c1_0.category,
        c1_0.color,
        c1_0.credit_type,
        c1_0.credits,
        c1_0.days,
        c1_0.end_time,
        c1_0.instructor,
        c1_0.name,
        c1_0.room,
        c1_0.start_time,
        c1_0.teacher_id 
    from
        courses c1_0 
    where
        c1_0.instructor=?
Hibernate: 
    select
        e1_0.id,
        e1_0.course_id,
        e1_0.enrolled_at,
        e1_0.student_id 
    from
        enrollments e1_0 
    where
        e1_0.course_id=?
Hibernate: 
    select
        e1_0.id,
        e1_0.course_id,
        e1_0.enrolled_at,
        e1_0.student_id 
    from
        enrollments e1_0 
    where
        e1_0.course_id=?
Hibernate: 
    select
        b1_0.id,
        b1_0.booked_at,
        b1_0.reason,
        b1_0.slot,
        b1_0.student_id,
        b1_0.teacher_name 
    from
        bookings b1_0 
    where
        b1_0.teacher_name=? 
    order by
        b1_0.booked_at desc
Hibernate: 
    select
        s1_0.id,
        s1_0.academic_year,
        s1_0.credits_completed,
        s1_0.email,
        s1_0.gpa,
        s1_0.name,
        s1_0.notif_email,
        s1_0.password,
        s1_0.program,
        s1_0.student_id 
    from
        students s1_0 
    where
        s1_0.student_id like ? escape '\'
Hibernate: 
    select
        e1_0.id,
        e1_0.course_id,
        e1_0.enrolled_at,
        e1_0.student_id 
    from
        enrollments e1_0 
    where
        e1_0.student_id=?
Hibernate: 
    select
        c1_0.code,
        c1_0.batch_group,
        c1_0.category,
        c1_0.color,
        c1_0.credit_type,
        c1_0.credits,
        c1_0.days,
        c1_0.end_time,
        c1_0.instructor,
        c1_0.name,
        c1_0.room,
        c1_0.start_time,
        c1_0.teacher_id 
    from
        courses c1_0 
    where
        c1_0.code=?
Hibernate: 
    select
        c1_0.code,
        c1_0.batch_group,
        c1_0.category,
        c1_0.color,
        c1_0.credit_type,
        c1_0.credits,
        c1_0.days,
        c1_0.end_time,
        c1_0.instructor,
        c1_0.name,
        c1_0.room,
        c1_0.start_time,
        c1_0.teacher_id 
    from
        courses c1_0 
    where
        c1_0.code=?
Hibernate: 
    select
        c1_0.code,
        c1_0.batch_group,
        c1_0.category,
        c1_0.color,
        c1_0.credit_type,
        c1_0.credits,
        c1_0.days,
        c1_0.end_time,
        c1_0.instructor,
        c1_0.name,
        c1_0.room,
        c1_0.start_time,
        c1_0.teacher_id 
    from
        courses c1_0 
    where
        c1_0.code=?
Hibernate: 
    select
        e1_0.id,
        e1_0.course_id,
        e1_0.enrolled_at,
        e1_0.student_id 
    from
        enrollments e1_0 
    where
        e1_0.student_id=?
Hibernate: 
    select
        c1_0.code,
        c1_0.batch_group,
        c1_0.category,
        c1_0.color,
        c1_0.credit_type,
        c1_0.credits,
        c1_0.days,
        c1_0.end_time,
        c1_0.instructor,
        c1_0.name,
        c1_0.room,
        c1_0.start_time,
        c1_0.teacher_id 
    from
        courses c1_0 
    where
        c1_0.code=?
Hibernate: 
    select
        c1_0.code,
        c1_0.batch_group,
        c1_0.category,
        c1_0.color,
        c1_0.credit_type,
        c1_0.credits,
        c1_0.days,
        c1_0.end_time,
        c1_0.instructor,
        c1_0.name,
        c1_0.room,
        c1_0.start_time,
        c1_0.teacher_id 
    from
        courses c1_0 
    where
        c1_0.code=?
Hibernate: 
    select
        c1_0.code,
        c1_0.batch_group,
        c1_0.category,
        c1_0.color,
        c1_0.credit_type,
        c1_0.credits,
        c1_0.days,
        c1_0.end_time,
        c1_0.instructor,
        c1_0.name,
        c1_0.room,
        c1_0.start_time,
        c1_0.teacher_id 
    from
        courses c1_0 
    where
        c1_0.code=?
Hibernate: 
    select
        e1_0.id,
        e1_0.course_id,
        e1_0.enrolled_at,
        e1_0.student_id 
    from
        enrollments e1_0 
    where
        e1_0.student_id=?
Hibernate: 
    select
        c1_0.code,
        c1_0.batch_group,
        c1_0.category,
        c1_0.color,
        c1_0.credit_type,
        c1_0.credits,
        c1_0.days,
        c1_0.end_time,
        c1_0.instructor,
        c1_0.name,
        c1_0.room,
        c1_0.start_time,
        c1_0.teacher_id 
    from
        courses c1_0 
    where
        c1_0.code=?
Hibernate: 
    select
        c1_0.code,
        c1_0.batch_group,
        c1_0.category,
        c1_0.color,
        c1_0.credit_type,
        c1_0.credits,
        c1_0.days,
        c1_0.end_time,
        c1_0.instructor,
        c1_0.name,
        c1_0.room,
        c1_0.start_time,
        c1_0.teacher_id 
    from
        courses c1_0 
    where
        c1_0.code=?
Hibernate: 
    select
        c1_0.code,
        c1_0.batch_group,
        c1_0.category,
        c1_0.color,
        c1_0.credit_type,
        c1_0.credits,
        c1_0.days,
        c1_0.end_time,
        c1_0.instructor,
        c1_0.name,
        c1_0.room,
        c1_0.start_time,
        c1_0.teacher_id 
    from
        courses c1_0 
    where
        c1_0.code=?
Hibernate: 
    select
        e1_0.id,
        e1_0.course_id,
        e1_0.enrolled_at,
        e1_0.student_id 
    from
        enrollments e1_0 
    where
        e1_0.student_id=?
Hibernate: 
    select
        c1_0.code,
        c1_0.batch_group,
        c1_0.category,
        c1_0.color,
        c1_0.credit_type,
        c1_0.credits,
        c1_0.days,
        c1_0.end_time,
        c1_0.instructor,
        c1_0.name,
        c1_0.room,
        c1_0.start_time,
        c1_0.teacher_id 
    from
        courses c1_0 
    where
        c1_0.code=?
Hibernate: 
    select
        c1_0.code,
        c1_0.batch_group,
        c1_0.category,
        c1_0.color,
        c1_0.credit_type,
        c1_0.credits,
        c1_0.days,
        c1_0.end_time,
        c1_0.instructor,
        c1_0.name,
        c1_0.room,
        c1_0.start_time,
        c1_0.teacher_id 
    from
        courses c1_0 
    where
        c1_0.code=?
Hibernate: 
    select
        c1_0.code,
        c1_0.batch_group,
        c1_0.category,
        c1_0.color,
        c1_0.credit_type,
        c1_0.credits,
        c1_0.days,
        c1_0.end_time,
        c1_0.instructor,
        c1_0.name,
        c1_0.room,
        c1_0.start_time,
        c1_0.teacher_id 
    from
        courses c1_0 
    where
        c1_0.code=?
Hibernate: 
    select
        e1_0.id,
        e1_0.course_id,
        e1_0.enrolled_at,
        e1_0.student_id 
    from
        enrollments e1_0 
    where
        e1_0.student_id=?
Hibernate: 
    select
        c1_0.code,
        c1_0.batch_group,
        c1_0.category,
        c1_0.color,
        c1_0.credit_type,
        c1_0.credits,
        c1_0.days,
        c1_0.end_time,
        c1_0.instructor,
        c1_0.name,
        c1_0.room,
        c1_0.start_time,
        c1_0.teacher_id 
    from
        courses c1_0 
    where
        c1_0.code=?
Hibernate: 
    select
        c1_0.code,
        c1_0.batch_group,
        c1_0.category,
        c1_0.color,
        c1_0.credit_type,
        c1_0.credits,
        c1_0.days,
        c1_0.end_time,
        c1_0.instructor,
        c1_0.name,
        c1_0.room,
        c1_0.start_time,
        c1_0.teacher_id 
    from
        courses c1_0 
    where
        c1_0.code=?
Hibernate: 
    select
        c1_0.code,
        c1_0.batch_group,
        c1_0.category,
        c1_0.color,
        c1_0.credit_type,
        c1_0.credits,
        c1_0.days,
        c1_0.end_time,
        c1_0.instructor,
        c1_0.name,
        c1_0.room,
        c1_0.start_time,
        c1_0.teacher_id 
    from
        courses c1_0 
    where
        c1_0.code=?
Hibernate: 
    select
        e1_0.id,
        e1_0.course_id,
        e1_0.enrolled_at,
        e1_0.student_id 
    from
        enrollments e1_0 
    where
        e1_0.student_id=?
Hibernate: 
    select
        c1_0.code,
        c1_0.batch_group,
        c1_0.category,
        c1_0.color,
        c1_0.credit_type,
        c1_0.credits,
        c1_0.days,
        c1_0.end_time,
        c1_0.instructor,
        c1_0.name,
        c1_0.room,
        c1_0.start_time,
        c1_0.teacher_id 
    from
        courses c1_0 
    where
        c1_0.code=?
Hibernate: 
    select
        c1_0.code,
        c1_0.batch_group,
        c1_0.category,
        c1_0.color,
        c1_0.credit_type,
        c1_0.credits,
        c1_0.days,
        c1_0.end_time,
        c1_0.instructor,
        c1_0.name,
        c1_0.room,
        c1_0.start_time,
        c1_0.teacher_id 
    from
        courses c1_0 
    where
        c1_0.code=?
Hibernate: 
    select
        c1_0.code,
        c1_0.batch_group,
        c1_0.category,
        c1_0.color,
        c1_0.credit_type,
        c1_0.credits,
        c1_0.days,
        c1_0.end_time,
        c1_0.instructor,
        c1_0.name,
        c1_0.room,
        c1_0.start_time,
        c1_0.teacher_id 
    from
        courses c1_0 
    where
        c1_0.code=?
Hibernate: 
    select
        e1_0.id,
        e1_0.course_id,
        e1_0.enrolled_at,
        e1_0.student_id 
    from
        enrollments e1_0 
    where
        e1_0.student_id=?
Hibernate: 
    select
        c1_0.code,
        c1_0.batch_group,
        c1_0.category,
        c1_0.color,
        c1_0.credit_type,
        c1_0.credits,
        c1_0.days,
        c1_0.end_time,
        c1_0.instructor,
        c1_0.name,
        c1_0.room,
        c1_0.start_time,
        c1_0.teacher_id 
    from
        courses c1_0 
    where
        c1_0.code=?
Hibernate: 
    select
        c1_0.code,
        c1_0.batch_group,
        c1_0.category,
        c1_0.color,
        c1_0.credit_type,
        c1_0.credits,
        c1_0.days,
        c1_0.end_time,
        c1_0.instructor,
        c1_0.name,
        c1_0.room,
        c1_0.start_time,
        c1_0.teacher_id 
    from
        courses c1_0 
    where
        c1_0.code=?
Hibernate: 
    select
        c1_0.code,
        c1_0.batch_group,
        c1_0.category,
        c1_0.color,
        c1_0.credit_type,
        c1_0.credits,
        c1_0.days,
        c1_0.end_time,
        c1_0.instructor,
        c1_0.name,
        c1_0.room,
        c1_0.start_time,
        c1_0.teacher_id 
    from
        courses c1_0 
    where
        c1_0.code=?
Hibernate: 
    select
        e1_0.id,
        e1_0.course_id,
        e1_0.enrolled_at,
        e1_0.student_id 
    from
        enrollments e1_0 
    where
        e1_0.student_id=?
Hibernate: 
    select
        c1_0.code,
        c1_0.batch_group,
        c1_0.category,
        c1_0.color,
        c1_0.credit_type,
        c1_0.credits,
        c1_0.days,
        c1_0.end_time,
        c1_0.instructor,
        c1_0.name,
        c1_0.room,
        c1_0.start_time,
        c1_0.teacher_id 
    from
        courses c1_0 
    where
        c1_0.code=?
Hibernate: 
    select
        c1_0.code,
        c1_0.batch_group,
        c1_0.category,
        c1_0.color,
        c1_0.credit_type,
        c1_0.credits,
        c1_0.days,
        c1_0.end_time,
        c1_0.instructor,
        c1_0.name,
        c1_0.room,
        c1_0.start_time,
        c1_0.teacher_id 
    from
        courses c1_0 
    where
        c1_0.code=?
Hibernate: 
    select
        c1_0.code,
        c1_0.batch_group,
        c1_0.category,
        c1_0.color,
        c1_0.credit_type,
        c1_0.credits,
        c1_0.days,
        c1_0.end_time,
        c1_0.instructor,
        c1_0.name,
        c1_0.room,
        c1_0.start_time,
        c1_0.teacher_id 
    from
        courses c1_0 
    where
        c1_0.code=?
Hibernate: 
    select
        e1_0.id,
        e1_0.course_id,
        e1_0.enrolled_at,
        e1_0.student_id 
    from
        enrollments e1_0 
    where
        e1_0.student_id=?
Hibernate: 
    select
        c1_0.code,
        c1_0.batch_group,
        c1_0.category,
        c1_0.color,
        c1_0.credit_type,
        c1_0.credits,
        c1_0.days,
        c1_0.end_time,
        c1_0.instructor,
        c1_0.name,
        c1_0.room,
        c1_0.start_time,
        c1_0.teacher_id 
    from
        courses c1_0 
    where
        c1_0.code=?
Hibernate: 
    select
        c1_0.code,
        c1_0.batch_group,
        c1_0.category,
        c1_0.color,
        c1_0.credit_type,
        c1_0.credits,
        c1_0.days,
        c1_0.end_time,
        c1_0.instructor,
        c1_0.name,
        c1_0.room,
        c1_0.start_time,
        c1_0.teacher_id 
    from
        courses c1_0 
    where
        c1_0.code=?
Hibernate: 
    select
        c1_0.code,
        c1_0.batch_group,
        c1_0.category,
        c1_0.color,
        c1_0.credit_type,
        c1_0.credits,
        c1_0.days,
        c1_0.end_time,
        c1_0.instructor,
        c1_0.name,
        c1_0.room,
        c1_0.start_time,
        c1_0.teacher_id 
    from
        courses c1_0 
    where
        c1_0.code=?
Hibernate: 
    select
        e1_0.id,
        e1_0.course_id,
        e1_0.enrolled_at,
        e1_0.student_id 
    from
        enrollments e1_0 
    where
        e1_0.student_id=?
Hibernate: 
    select
        c1_0.code,
        c1_0.batch_group,
        c1_0.category,
        c1_0.color,
        c1_0.credit_type,
        c1_0.credits,
        c1_0.days,
        c1_0.end_time,
        c1_0.instructor,
        c1_0.name,
        c1_0.room,
        c1_0.start_time,
        c1_0.teacher_id 
    from
        courses c1_0 
    where
        c1_0.code=?
Hibernate: 
    select
        c1_0.code,
        c1_0.batch_group,
        c1_0.category,
        c1_0.color,
        c1_0.credit_type,
        c1_0.credits,
        c1_0.days,
        c1_0.end_time,
        c1_0.instructor,
        c1_0.name,
        c1_0.room,
        c1_0.start_time,
        c1_0.teacher_id 
    from
        courses c1_0 
    where
        c1_0.code=?
Hibernate: 
    select
        c1_0.code,
        c1_0.batch_group,
        c1_0.category,
        c1_0.color,
        c1_0.credit_type,
        c1_0.credits,
        c1_0.days,
        c1_0.end_time,
        c1_0.instructor,
        c1_0.name,
        c1_0.room,
        c1_0.start_time,
        c1_0.teacher_id 
    from
        courses c1_0 
    where
        c1_0.code=?
Hibernate: 
    select
        c1_0.code,
        c1_0.batch_group,
        c1_0.category,
        c1_0.color,
        c1_0.credit_type,
        c1_0.credits,
        c1_0.days,
        c1_0.end_time,
        c1_0.instructor,
        c1_0.name,
        c1_0.room,
        c1_0.start_time,
        c1_0.teacher_id 
    from
        courses c1_0 
    where
        c1_0.instructor=?
Hibernate: 
    select
        e1_0.id,
        e1_0.course_id,
        e1_0.enrolled_at,
        e1_0.student_id 
    from
        enrollments e1_0 
    where
        e1_0.course_id=?
Hibernate: 
    select
        e1_0.id,
        e1_0.course_id,
        e1_0.enrolled_at,
        e1_0.student_id 
    from
        enrollments e1_0 
    where
        e1_0.course_id=?
Hibernate: 
    select
        t1_0.id,
        t1_0.coordinator,
        t1_0.department,
        t1_0.designation,
        t1_0.email,
        t1_0.name,
        t1_0.password,
        t1_0.photo,
        t1_0.photo_type,
        t1_0.teacher_id 
    from
        teachers t1_0 
    where
        t1_0.teacher_id=?
Hibernate: 
    select
        c1_0.code,
        c1_0.batch_group,
        c1_0.category,
        c1_0.color,
        c1_0.credit_type,
        c1_0.credits,
        c1_0.days,
        c1_0.end_time,
        c1_0.instructor,
        c1_0.name,
        c1_0.room,
        c1_0.start_time,
        c1_0.teacher_id 
    from
        courses c1_0 
    where
        c1_0.instructor=?
Hibernate: 
    select
        e1_0.id,
        e1_0.course_id,
        e1_0.enrolled_at,
        e1_0.student_id 
    from
        enrollments e1_0 
    where
        e1_0.course_id=?
Hibernate: 
    select
        e1_0.id,
        e1_0.course_id,
        e1_0.enrolled_at,
        e1_0.student_id 
    from
        enrollments e1_0 
    where
        e1_0.course_id=?
Hibernate: 
    select
        ep1_0.id,
        ep1_0.student_email,
        ep1_0.student_id,
        ep1_0.student_name,
        ep1_0.submitted_at,
        ep1_0.teacher_id,
        ep1_0.teacher_name,
        ep1_0.title,
        ep1_0.type 
    from
        exam_papers ep1_0 
    where
        ep1_0.teacher_id=? 
    order by
        ep1_0.submitted_at desc
Hibernate: 
    select
        s1_0.id,
        s1_0.academic_year,
        s1_0.credits_completed,
        s1_0.email,
        s1_0.gpa,
        s1_0.name,
        s1_0.notif_email,
        s1_0.password,
        s1_0.program,
        s1_0.student_id 
    from
        students s1_0 
    where
        s1_0.student_id=?
Hibernate: 
    select
        s1_0.id,
        s1_0.academic_year,
        s1_0.credits_completed,
        s1_0.email,
        s1_0.gpa,
        s1_0.name,
        s1_0.notif_email,
        s1_0.password,
        s1_0.program,
        s1_0.student_id 
    from
        students s1_0 
    where
        s1_0.student_id=?
Hibernate: 
    select
        s1_0.id,
        s1_0.academic_year,
        s1_0.credits_completed,
        s1_0.email,
        s1_0.gpa,
        s1_0.name,
        s1_0.notif_email,
        s1_0.password,
        s1_0.program,
        s1_0.student_id 
    from
        students s1_0 
    where
        s1_0.student_id=?
Hibernate: 
    select
        as1_0.id,
        as1_0.assessment_type,
        as1_0.course_code,
        as1_0.course_name,
        as1_0.max_score,
        as1_0.notes,
        as1_0.recorded_at,
        as1_0.score,
        as1_0.student_id 
    from
        assessment_scores as1_0 
    where
        as1_0.student_id=? 
    order by
        as1_0.recorded_at desc
Hibernate: 
    select
        spl1_0.student_id,
        spl1_0.activity_description,
        spl1_0.analysis_status,
        spl1_0.bootcamps_score,
        spl1_0.content_score,
        spl1_0.gaps_json,
        spl1_0.github_followers,
        spl1_0.github_languages,
        spl1_0.github_repos,
        spl1_0.github_score,
        spl1_0.github_stars,
        spl1_0.github_summary,
        spl1_0.github_url,
        spl1_0.last_refreshed_at,
        spl1_0.linkedin_data_json,
        spl1_0.linkedin_score,
        spl1_0.linkedin_summary,
        spl1_0.linkedin_url,
        spl1_0.network_score,
        spl1_0.projects_score,
        spl1_0.recommendations_json,
        spl1_0.research_score,
        spl1_0.seminars_score,
        spl1_0.strengths_json,
        spl1_0.technical_score 
    from
        student_profile_links spl1_0 
    where
        spl1_0.student_id=?
Hibernate: 
    select
        fs1_0.id,
        fs1_0.approved_at,
        fs1_0.coordinator_id,
        fs1_0.coordinator_name,
        fs1_0.status,
        fs1_0.student_id,
        fs1_0.student_name,
        fs1_0.submitted_at 
    from
        fee_statuses fs1_0 
    where
        fs1_0.student_id=?
Hibernate: 
    select
        e1_0.id,
        e1_0.course_id,
        e1_0.enrolled_at,
        e1_0.student_id 
    from
        enrollments e1_0 
    where
        e1_0.student_id=?
Hibernate: 
    select
        c1_0.code,
        c1_0.batch_group,
        c1_0.category,
        c1_0.color,
        c1_0.credit_type,
        c1_0.credits,
        c1_0.days,
        c1_0.end_time,
        c1_0.instructor,
        c1_0.name,
        c1_0.room,
        c1_0.start_time,
        c1_0.teacher_id 
    from
        courses c1_0 
    where
        c1_0.code=?
Hibernate: 
    select
        c1_0.code,
        c1_0.batch_group,
        c1_0.category,
        c1_0.color,
        c1_0.credit_type,
        c1_0.credits,
        c1_0.days,
        c1_0.end_time,
        c1_0.instructor,
        c1_0.name,
        c1_0.room,
        c1_0.start_time,
        c1_0.teacher_id 
    from
        courses c1_0 
    where
        c1_0.code=?
Hibernate: 
    select
        c1_0.code,
        c1_0.batch_group,
        c1_0.category,
        c1_0.color,
        c1_0.credit_type,
        c1_0.credits,
        c1_0.days,
        c1_0.end_time,
        c1_0.instructor,
        c1_0.name,
        c1_0.room,
        c1_0.start_time,
        c1_0.teacher_id 
    from
        courses c1_0
Hibernate: 
    select
        c1_0.code,
        c1_0.batch_group,
        c1_0.category,
        c1_0.color,
        c1_0.credit_type,
        c1_0.credits,
        c1_0.days,
        c1_0.end_time,
        c1_0.instructor,
        c1_0.name,
        c1_0.room,
        c1_0.start_time,
        c1_0.teacher_id 
    from
        courses c1_0 
    where
        c1_0.code=?
Hibernate: 
    select
        t1_0.id,
        t1_0.coordinator,
        t1_0.department,
        t1_0.designation,
        t1_0.email,
        t1_0.name,
        t1_0.password,
        t1_0.photo,
        t1_0.photo_type,
        t1_0.teacher_id 
    from
        teachers t1_0
Hibernate: 
    select
        c1_0.code,
        c1_0.batch_group,
        c1_0.category,
        c1_0.color,
        c1_0.credit_type,
        c1_0.credits,
        c1_0.days,
        c1_0.end_time,
        c1_0.instructor,
        c1_0.name,
        c1_0.room,
        c1_0.start_time,
        c1_0.teacher_id 
    from
        courses c1_0
Hibernate: 
    select
        t1_0.id,
        t1_0.coordinator,
        t1_0.department,
        t1_0.designation,
        t1_0.email,
        t1_0.name,
        t1_0.password,
        t1_0.photo,
        t1_0.photo_type,
        t1_0.teacher_id 
    from
        teachers t1_0 
    where
        t1_0.teacher_id=?
Hibernate: 
    select
        t1_0.id,
        t1_0.coordinator,
        t1_0.department,
        t1_0.designation,
        t1_0.email,
        t1_0.name,
        t1_0.password,
        t1_0.photo,
        t1_0.photo_type,
        t1_0.teacher_id 
    from
        teachers t1_0 
    where
        t1_0.teacher_id=?
Hibernate: 
    select
        c1_0.code,
        c1_0.batch_group,
        c1_0.category,
        c1_0.color,
        c1_0.credit_type,
        c1_0.credits,
        c1_0.days,
        c1_0.end_time,
        c1_0.instructor,
        c1_0.name,
        c1_0.room,
        c1_0.start_time,
        c1_0.teacher_id 
    from
        courses c1_0 
    where
        c1_0.instructor=?
Hibernate: 
    select
        e1_0.id,
        e1_0.course_id,
        e1_0.enrolled_at,
        e1_0.student_id 
    from
        enrollments e1_0 
    where
        e1_0.course_id=?
Hibernate: 
    select
        e1_0.id,
        e1_0.course_id,
        e1_0.enrolled_at,
        e1_0.student_id 
    from
        enrollments e1_0 
    where
        e1_0.course_id=?
Hibernate: 
    select
        b1_0.id,
        b1_0.booked_at,
        b1_0.reason,
        b1_0.slot,
        b1_0.student_id,
        b1_0.teacher_name 
    from
        bookings b1_0 
    where
        b1_0.teacher_name=? 
    order by
        b1_0.booked_at desc
Hibernate: 
    select
        s1_0.id,
        s1_0.academic_year,
        s1_0.credits_completed,
        s1_0.email,
        s1_0.gpa,
        s1_0.name,
        s1_0.notif_email,
        s1_0.password,
        s1_0.program,
        s1_0.student_id 
    from
        students s1_0 
    where
        s1_0.student_id like ? escape '\'
Hibernate: 
    select
        e1_0.id,
        e1_0.course_id,
        e1_0.enrolled_at,
        e1_0.student_id 
    from
        enrollments e1_0 
    where
        e1_0.student_id=?
Hibernate: 
    select
        c1_0.code,
        c1_0.batch_group,
        c1_0.category,
        c1_0.color,
        c1_0.credit_type,
        c1_0.credits,
        c1_0.days,
        c1_0.end_time,
        c1_0.instructor,
        c1_0.name,
        c1_0.room,
        c1_0.start_time,
        c1_0.teacher_id 
    from
        courses c1_0 
    where
        c1_0.code=?
Hibernate: 
    select
        c1_0.code,
        c1_0.batch_group,
        c1_0.category,
        c1_0.color,
        c1_0.credit_type,
        c1_0.credits,
        c1_0.days,
        c1_0.end_time,
        c1_0.instructor,
        c1_0.name,
        c1_0.room,
        c1_0.start_time,
        c1_0.teacher_id 
    from
        courses c1_0 
    where
        c1_0.code=?
Hibernate: 
    select
        c1_0.code,
        c1_0.batch_group,
        c1_0.category,
        c1_0.color,
        c1_0.credit_type,
        c1_0.credits,
        c1_0.days,
        c1_0.end_time,
        c1_0.instructor,
        c1_0.name,
        c1_0.room,
        c1_0.start_time,
        c1_0.teacher_id 
    from
        courses c1_0 
    where
        c1_0.code=?
Hibernate: 
    select
        e1_0.id,
        e1_0.course_id,
        e1_0.enrolled_at,
        e1_0.student_id 
    from
        enrollments e1_0 
    where
        e1_0.student_id=?
Hibernate: 
    select
        c1_0.code,
        c1_0.batch_group,
        c1_0.category,
        c1_0.color,
        c1_0.credit_type,
        c1_0.credits,
        c1_0.days,
        c1_0.end_time,
        c1_0.instructor,
        c1_0.name,
        c1_0.room,
        c1_0.start_time,
        c1_0.teacher_id 
    from
        courses c1_0 
    where
        c1_0.code=?
Hibernate: 
    select
        c1_0.code,
        c1_0.batch_group,
        c1_0.category,
        c1_0.color,
        c1_0.credit_type,
        c1_0.credits,
        c1_0.days,
        c1_0.end_time,
        c1_0.instructor,
        c1_0.name,
        c1_0.room,
        c1_0.start_time,
        c1_0.teacher_id 
    from
        courses c1_0 
    where
        c1_0.code=?
Hibernate: 
    select
        c1_0.code,
        c1_0.batch_group,
        c1_0.category,
        c1_0.color,
        c1_0.credit_type,
        c1_0.credits,
        c1_0.days,
        c1_0.end_time,
        c1_0.instructor,
        c1_0.name,
        c1_0.room,
        c1_0.start_time,
        c1_0.teacher_id 
    from
        courses c1_0 
    where
        c1_0.code=?
Hibernate: 
    select
        e1_0.id,
        e1_0.course_id,
        e1_0.enrolled_at,
        e1_0.student_id 
    from
        enrollments e1_0 
    where
        e1_0.student_id=?
Hibernate: 
    select
        c1_0.code,
        c1_0.batch_group,
        c1_0.category,
        c1_0.color,
        c1_0.credit_type,
        c1_0.credits,
        c1_0.days,
        c1_0.end_time,
        c1_0.instructor,
        c1_0.name,
        c1_0.room,
        c1_0.start_time,
        c1_0.teacher_id 
    from
        courses c1_0 
    where
        c1_0.code=?
Hibernate: 
    select
        c1_0.code,
        c1_0.batch_group,
        c1_0.category,
        c1_0.color,
        c1_0.credit_type,
        c1_0.credits,
        c1_0.days,
        c1_0.end_time,
        c1_0.instructor,
        c1_0.name,
        c1_0.room,
        c1_0.start_time,
        c1_0.teacher_id 
    from
        courses c1_0 
    where
        c1_0.code=?
Hibernate: 
    select
        c1_0.code,
        c1_0.batch_group,
        c1_0.category,
        c1_0.color,
        c1_0.credit_type,
        c1_0.credits,
        c1_0.days,
        c1_0.end_time,
        c1_0.instructor,
        c1_0.name,
        c1_0.room,
        c1_0.start_time,
        c1_0.teacher_id 
    from
        courses c1_0 
    where
        c1_0.code=?
Hibernate: 
    select
        e1_0.id,
        e1_0.course_id,
        e1_0.enrolled_at,
        e1_0.student_id 
    from
        enrollments e1_0 
    where
        e1_0.student_id=?
Hibernate: 
    select
        c1_0.code,
        c1_0.batch_group,
        c1_0.category,
        c1_0.color,
        c1_0.credit_type,
        c1_0.credits,
        c1_0.days,
        c1_0.end_time,
        c1_0.instructor,
        c1_0.name,
        c1_0.room,
        c1_0.start_time,
        c1_0.teacher_id 
    from
        courses c1_0 
    where
        c1_0.code=?
Hibernate: 
    select
        c1_0.code,
        c1_0.batch_group,
        c1_0.category,
        c1_0.color,
        c1_0.credit_type,
        c1_0.credits,
        c1_0.days,
        c1_0.end_time,
        c1_0.instructor,
        c1_0.name,
        c1_0.room,
        c1_0.start_time,
        c1_0.teacher_id 
    from
        courses c1_0 
    where
        c1_0.code=?
Hibernate: 
    select
        c1_0.code,
        c1_0.batch_group,
        c1_0.category,
        c1_0.color,
        c1_0.credit_type,
        c1_0.credits,
        c1_0.days,
        c1_0.end_time,
        c1_0.instructor,
        c1_0.name,
        c1_0.room,
        c1_0.start_time,
        c1_0.teacher_id 
    from
        courses c1_0 
    where
        c1_0.code=?
Hibernate: 
    select
        e1_0.id,
        e1_0.course_id,
        e1_0.enrolled_at,
        e1_0.student_id 
    from
        enrollments e1_0 
    where
        e1_0.student_id=?
Hibernate: 
    select
        c1_0.code,
        c1_0.batch_group,
        c1_0.category,
        c1_0.color,
        c1_0.credit_type,
        c1_0.credits,
        c1_0.days,
        c1_0.end_time,
        c1_0.instructor,
        c1_0.name,
        c1_0.room,
        c1_0.start_time,
        c1_0.teacher_id 
    from
        courses c1_0 
    where
        c1_0.code=?
Hibernate: 
    select
        c1_0.code,
        c1_0.batch_group,
        c1_0.category,
        c1_0.color,
        c1_0.credit_type,
        c1_0.credits,
        c1_0.days,
        c1_0.end_time,
        c1_0.instructor,
        c1_0.name,
        c1_0.room,
        c1_0.start_time,
        c1_0.teacher_id 
    from
        courses c1_0 
    where
        c1_0.code=?
Hibernate: 
    select
        c1_0.code,
        c1_0.batch_group,
        c1_0.category,
        c1_0.color,
        c1_0.credit_type,
        c1_0.credits,
        c1_0.days,
        c1_0.end_time,
        c1_0.instructor,
        c1_0.name,
        c1_0.room,
        c1_0.start_time,
        c1_0.teacher_id 
    from
        courses c1_0 
    where
        c1_0.code=?
Hibernate: 
    select
        e1_0.id,
        e1_0.course_id,
        e1_0.enrolled_at,
        e1_0.student_id 
    from
        enrollments e1_0 
    where
        e1_0.student_id=?
Hibernate: 
    select
        c1_0.code,
        c1_0.batch_group,
        c1_0.category,
        c1_0.color,
        c1_0.credit_type,
        c1_0.credits,
        c1_0.days,
        c1_0.end_time,
        c1_0.instructor,
        c1_0.name,
        c1_0.room,
        c1_0.start_time,
        c1_0.teacher_id 
    from
        courses c1_0 
    where
        c1_0.code=?
Hibernate: 
    select
        c1_0.code,
        c1_0.batch_group,
        c1_0.category,
        c1_0.color,
        c1_0.credit_type,
        c1_0.credits,
        c1_0.days,
        c1_0.end_time,
        c1_0.instructor,
        c1_0.name,
        c1_0.room,
        c1_0.start_time,
        c1_0.teacher_id 
    from
        courses c1_0 
    where
        c1_0.code=?
Hibernate: 
    select
        c1_0.code,
        c1_0.batch_group,
        c1_0.category,
        c1_0.color,
        c1_0.credit_type,
        c1_0.credits,
        c1_0.days,
        c1_0.end_time,
        c1_0.instructor,
        c1_0.name,
        c1_0.room,
        c1_0.start_time,
        c1_0.teacher_id 
    from
        courses c1_0 
    where
        c1_0.code=?
Hibernate: 
    select
        e1_0.id,
        e1_0.course_id,
        e1_0.enrolled_at,
        e1_0.student_id 
    from
        enrollments e1_0 
    where
        e1_0.student_id=?
Hibernate: 
    select
        c1_0.code,
        c1_0.batch_group,
        c1_0.category,
        c1_0.color,
        c1_0.credit_type,
        c1_0.credits,
        c1_0.days,
        c1_0.end_time,
        c1_0.instructor,
        c1_0.name,
        c1_0.room,
        c1_0.start_time,
        c1_0.teacher_id 
    from
        courses c1_0 
    where
        c1_0.code=?
Hibernate: 
    select
        c1_0.code,
        c1_0.batch_group,
        c1_0.category,
        c1_0.color,
        c1_0.credit_type,
        c1_0.credits,
        c1_0.days,
        c1_0.end_time,
        c1_0.instructor,
        c1_0.name,
        c1_0.room,
        c1_0.start_time,
        c1_0.teacher_id 
    from
        courses c1_0 
    where
        c1_0.code=?
Hibernate: 
    select
        c1_0.code,
        c1_0.batch_group,
        c1_0.category,
        c1_0.color,
        c1_0.credit_type,
        c1_0.credits,
        c1_0.days,
        c1_0.end_time,
        c1_0.instructor,
        c1_0.name,
        c1_0.room,
        c1_0.start_time,
        c1_0.teacher_id 
    from
        courses c1_0 
    where
        c1_0.code=?
Hibernate: 
    select
        e1_0.id,
        e1_0.course_id,
        e1_0.enrolled_at,
        e1_0.student_id 
    from
        enrollments e1_0 
    where
        e1_0.student_id=?
Hibernate: 
    select
        c1_0.code,
        c1_0.batch_group,
        c1_0.category,
        c1_0.color,
        c1_0.credit_type,
        c1_0.credits,
        c1_0.days,
        c1_0.end_time,
        c1_0.instructor,
        c1_0.name,
        c1_0.room,
        c1_0.start_time,
        c1_0.teacher_id 
    from
        courses c1_0 
    where
        c1_0.code=?
Hibernate: 
    select
        c1_0.code,
        c1_0.batch_group,
        c1_0.category,
        c1_0.color,
        c1_0.credit_type,
        c1_0.credits,
        c1_0.days,
        c1_0.end_time,
        c1_0.instructor,
        c1_0.name,
        c1_0.room,
        c1_0.start_time,
        c1_0.teacher_id 
    from
        courses c1_0 
    where
        c1_0.code=?
Hibernate: 
    select
        c1_0.code,
        c1_0.batch_group,
        c1_0.category,
        c1_0.color,
        c1_0.credit_type,
        c1_0.credits,
        c1_0.days,
        c1_0.end_time,
        c1_0.instructor,
        c1_0.name,
        c1_0.room,
        c1_0.start_time,
        c1_0.teacher_id 
    from
        courses c1_0 
    where
        c1_0.code=?
Hibernate: 
    select
        e1_0.id,
        e1_0.course_id,
        e1_0.enrolled_at,
        e1_0.student_id 
    from
        enrollments e1_0 
    where
        e1_0.student_id=?
Hibernate: 
    select
        c1_0.code,
        c1_0.batch_group,
        c1_0.category,
        c1_0.color,
        c1_0.credit_type,
        c1_0.credits,
        c1_0.days,
        c1_0.end_time,
        c1_0.instructor,
        c1_0.name,
        c1_0.room,
        c1_0.start_time,
        c1_0.teacher_id 
    from
        courses c1_0 
    where
        c1_0.code=?
Hibernate: 
    select
        c1_0.code,
        c1_0.batch_group,
        c1_0.category,
        c1_0.color,
        c1_0.credit_type,
        c1_0.credits,
        c1_0.days,
        c1_0.end_time,
        c1_0.instructor,
        c1_0.name,
        c1_0.room,
        c1_0.start_time,
        c1_0.teacher_id 
    from
        courses c1_0 
    where
        c1_0.code=?
Hibernate: 
    select
        c1_0.code,
        c1_0.batch_group,
        c1_0.category,
        c1_0.color,
        c1_0.credit_type,
        c1_0.credits,
        c1_0.days,
        c1_0.end_time,
        c1_0.instructor,
        c1_0.name,
        c1_0.room,
        c1_0.start_time,
        c1_0.teacher_id 
    from
        courses c1_0 
    where
        c1_0.code=?
Hibernate: 
    select
        e1_0.id,
        e1_0.course_id,
        e1_0.enrolled_at,
        e1_0.student_id 
    from
        enrollments e1_0 
    where
        e1_0.student_id=?
Hibernate: 
    select
        c1_0.code,
        c1_0.batch_group,
        c1_0.category,
        c1_0.color,
        c1_0.credit_type,
        c1_0.credits,
        c1_0.days,
        c1_0.end_time,
        c1_0.instructor,
        c1_0.name,
        c1_0.room,
        c1_0.start_time,
        c1_0.teacher_id 
    from
        courses c1_0 
    where
        c1_0.code=?
Hibernate: 
    select
        c1_0.code,
        c1_0.batch_group,
        c1_0.category,
        c1_0.color,
        c1_0.credit_type,
        c1_0.credits,
        c1_0.days,
        c1_0.end_time,
        c1_0.instructor,
        c1_0.name,
        c1_0.room,
        c1_0.start_time,
        c1_0.teacher_id 
    from
        courses c1_0 
    where
        c1_0.code=?
Hibernate: 
    select
        c1_0.code,
        c1_0.batch_group,
        c1_0.category,
        c1_0.color,
        c1_0.credit_type,
        c1_0.credits,
        c1_0.days,
        c1_0.end_time,
        c1_0.instructor,
        c1_0.name,
        c1_0.room,
        c1_0.start_time,
        c1_0.teacher_id 
    from
        courses c1_0 
    where
        c1_0.code=?
Hibernate: 
    select
        c1_0.code,
        c1_0.batch_group,
        c1_0.category,
        c1_0.color,
        c1_0.credit_type,
        c1_0.credits,
        c1_0.days,
        c1_0.end_time,
        c1_0.instructor,
        c1_0.name,
        c1_0.room,
        c1_0.start_time,
        c1_0.teacher_id 
    from
        courses c1_0 
    where
        c1_0.instructor=?
Hibernate: 
    select
        e1_0.id,
        e1_0.course_id,
        e1_0.enrolled_at,
        e1_0.student_id 
    from
        enrollments e1_0 
    where
        e1_0.course_id=?
Hibernate: 
    select
        t1_0.id,
        t1_0.coordinator,
        t1_0.department,
        t1_0.designation,
        t1_0.email,
        t1_0.name,
        t1_0.password,
        t1_0.photo,
        t1_0.photo_type,
        t1_0.teacher_id 
    from
        teachers t1_0 
    where
        t1_0.teacher_id=?
Hibernate: 
    select
        e1_0.id,
        e1_0.course_id,
        e1_0.enrolled_at,
        e1_0.student_id 
    from
        enrollments e1_0 
    where
        e1_0.course_id=?
Hibernate: 
    select
        c1_0.code,
        c1_0.batch_group,
        c1_0.category,
        c1_0.color,
        c1_0.credit_type,
        c1_0.credits,
        c1_0.days,
        c1_0.end_time,
        c1_0.instructor,
        c1_0.name,
        c1_0.room,
        c1_0.start_time,
        c1_0.teacher_id 
    from
        courses c1_0 
    where
        c1_0.instructor=?
Hibernate: 
    select
        e1_0.id,
        e1_0.course_id,
        e1_0.enrolled_at,
        e1_0.student_id 
    from
        enrollments e1_0 
    where
        e1_0.course_id=?
Hibernate: 
    select
        e1_0.id,
        e1_0.course_id,
        e1_0.enrolled_at,
        e1_0.student_id 
    from
        enrollments e1_0 
    where
        e1_0.course_id=?
Hibernate: 
    select
        ep1_0.id,
        ep1_0.student_email,
        ep1_0.student_id,
        ep1_0.student_name,
        ep1_0.submitted_at,
        ep1_0.teacher_id,
        ep1_0.teacher_name,
        ep1_0.title,
        ep1_0.type 
    from
        exam_papers ep1_0 
    where
        ep1_0.teacher_id=? 
    order by
        ep1_0.submitted_at desc
Hibernate: 
    select
        c1_0.code,
        c1_0.batch_group,
        c1_0.category,
        c1_0.color,
        c1_0.credit_type,
        c1_0.credits,
        c1_0.days,
        c1_0.end_time,
        c1_0.instructor,
        c1_0.name,
        c1_0.room,
        c1_0.start_time,
        c1_0.teacher_id 
    from
        courses c1_0 
    where
        c1_0.instructor=?
Hibernate: 
    select
        e1_0.id,
        e1_0.course_id,
        e1_0.enrolled_at,
        e1_0.student_id 
    from
        enrollments e1_0 
    where
        e1_0.course_id=?
Hibernate: 
    select
        e1_0.id,
        e1_0.course_id,
        e1_0.enrolled_at,
        e1_0.student_id 
    from
        enrollments e1_0 
    where
        e1_0.course_id=?
Hibernate: 
    select
        ep1_0.id,
        ep1_0.student_email,
        ep1_0.student_id,
        ep1_0.student_name,
        ep1_0.submitted_at,
        ep1_0.teacher_id,
        ep1_0.teacher_name,
        ep1_0.title,
        ep1_0.type 
    from
        exam_papers ep1_0 
    where
        ep1_0.teacher_id=? 
    order by
        ep1_0.submitted_at desc
Hibernate: 
    select
        t1_0.id,
        t1_0.coordinator,
        t1_0.department,
        t1_0.designation,
        t1_0.email,
        t1_0.name,
        t1_0.password,
        t1_0.photo,
        t1_0.photo_type,
        t1_0.teacher_id 
    from
        teachers t1_0 
    where
        t1_0.teacher_id=?
Hibernate: 
    select
        t1_0.id,
        t1_0.coordinator,
        t1_0.department,
        t1_0.designation,
        t1_0.email,
        t1_0.name,
        t1_0.password,
        t1_0.photo,
        t1_0.photo_type,
        t1_0.teacher_id 
    from
        teachers t1_0 
    where
        t1_0.teacher_id=?
Hibernate: 
    select
        c1_0.code,
        c1_0.batch_group,
        c1_0.category,
        c1_0.color,
        c1_0.credit_type,
        c1_0.credits,
        c1_0.days,
        c1_0.end_time,
        c1_0.instructor,
        c1_0.name,
        c1_0.room,
        c1_0.start_time,
        c1_0.teacher_id 
    from
        courses c1_0 
    where
        c1_0.instructor=?
Hibernate: 
    select
        e1_0.id,
        e1_0.course_id,
        e1_0.enrolled_at,
        e1_0.student_id 
    from
        enrollments e1_0 
    where
        e1_0.course_id=?
Hibernate: 
    select
        e1_0.id,
        e1_0.course_id,
        e1_0.enrolled_at,
        e1_0.student_id 
    from
        enrollments e1_0 
    where
        e1_0.course_id=?
Hibernate: 
    select
        e1_0.id,
        e1_0.course_id,
        e1_0.enrolled_at,
        e1_0.student_id 
    from
        enrollments e1_0 
    where
        e1_0.course_id=?
Hibernate: 
    select
        c1_0.code,
        c1_0.batch_group,
        c1_0.category,
        c1_0.color,
        c1_0.credit_type,
        c1_0.credits,
        c1_0.days,
        c1_0.end_time,
        c1_0.instructor,
        c1_0.name,
        c1_0.room,
        c1_0.start_time,
        c1_0.teacher_id 
    from
        courses c1_0 
    where
        c1_0.code=?
Hibernate: 
    select
        s1_0.id,
        s1_0.academic_year,
        s1_0.credits_completed,
        s1_0.email,
        s1_0.gpa,
        s1_0.name,
        s1_0.notif_email,
        s1_0.password,
        s1_0.program,
        s1_0.student_id 
    from
        students s1_0 
    where
        s1_0.student_id=?
Hibernate: 
    select
        s1_0.id,
        s1_0.academic_year,
        s1_0.credits_completed,
        s1_0.email,
        s1_0.gpa,
        s1_0.name,
        s1_0.notif_email,
        s1_0.password,
        s1_0.program,
        s1_0.student_id 
    from
        students s1_0 
    where
        s1_0.student_id=?
Hibernate: 
    select
        s1_0.id,
        s1_0.academic_year,
        s1_0.credits_completed,
        s1_0.email,
        s1_0.gpa,
        s1_0.name,
        s1_0.notif_email,
        s1_0.password,
        s1_0.program,
        s1_0.student_id 
    from
        students s1_0 
    where
        s1_0.student_id=?
Hibernate: 
    select
        s1_0.id,
        s1_0.academic_year,
        s1_0.credits_completed,
        s1_0.email,
        s1_0.gpa,
        s1_0.name,
        s1_0.notif_email,
        s1_0.password,
        s1_0.program,
        s1_0.student_id 
    from
        students s1_0 
    where
        s1_0.student_id=?
Hibernate: 
    select
        s1_0.id,
        s1_0.academic_year,
        s1_0.credits_completed,
        s1_0.email,
        s1_0.gpa,
        s1_0.name,
        s1_0.notif_email,
        s1_0.password,
        s1_0.program,
        s1_0.student_id 
    from
        students s1_0 
    where
        s1_0.student_id=?
Hibernate: 
    select
        s1_0.id,
        s1_0.academic_year,
        s1_0.credits_completed,
        s1_0.email,
        s1_0.gpa,
        s1_0.name,
        s1_0.notif_email,
        s1_0.password,
        s1_0.program,
        s1_0.student_id 
    from
        students s1_0 
    where
        s1_0.student_id=?
Hibernate: 
    select
        s1_0.id,
        s1_0.academic_year,
        s1_0.credits_completed,
        s1_0.email,
        s1_0.gpa,
        s1_0.name,
        s1_0.notif_email,
        s1_0.password,
        s1_0.program,
        s1_0.student_id 
    from
        students s1_0 
    where
        s1_0.student_id=?
Hibernate: 
    select
        s1_0.id,
        s1_0.academic_year,
        s1_0.credits_completed,
        s1_0.email,
        s1_0.gpa,
        s1_0.name,
        s1_0.notif_email,
        s1_0.password,
        s1_0.program,
        s1_0.student_id 
    from
        students s1_0 
    where
        s1_0.student_id=?
Hibernate: 
    select
        s1_0.id,
        s1_0.academic_year,
        s1_0.credits_completed,
        s1_0.email,
        s1_0.gpa,
        s1_0.name,
        s1_0.notif_email,
        s1_0.password,
        s1_0.program,
        s1_0.student_id 
    from
        students s1_0 
    where
        s1_0.student_id=?
Hibernate: 
    select
        s1_0.id,
        s1_0.academic_year,
        s1_0.credits_completed,
        s1_0.email,
        s1_0.gpa,
        s1_0.name,
        s1_0.notif_email,
        s1_0.password,
        s1_0.program,
        s1_0.student_id 
    from
        students s1_0 
    where
        s1_0.student_id=?
Hibernate: 
    select
        b1_0.id,
        b1_0.booked_at,
        b1_0.reason,
        b1_0.slot,
        b1_0.student_id,
        b1_0.teacher_name 
    from
        bookings b1_0 
    where
        b1_0.teacher_name=? 
    order by
        b1_0.booked_at desc
Hibernate: 
    select
        t1_0.id,
        t1_0.coordinator,
        t1_0.department,
        t1_0.designation,
        t1_0.email,
        t1_0.name,
        t1_0.password,
        t1_0.photo,
        t1_0.photo_type,
        t1_0.teacher_id 
    from
        teachers t1_0 
    where
        t1_0.teacher_id=?
Hibernate: 
    select
        c1_0.code,
        c1_0.batch_group,
        c1_0.category,
        c1_0.color,
        c1_0.credit_type,
        c1_0.credits,
        c1_0.days,
        c1_0.end_time,
        c1_0.instructor,
        c1_0.name,
        c1_0.room,
        c1_0.start_time,
        c1_0.teacher_id 
    from
        courses c1_0 
    where
        c1_0.instructor=?
Hibernate: 
    select
        e1_0.id,
        e1_0.course_id,
        e1_0.enrolled_at,
        e1_0.student_id 
    from
        enrollments e1_0 
    where
        e1_0.course_id=?
Hibernate: 
    select
        e1_0.id,
        e1_0.course_id,
        e1_0.enrolled_at,
        e1_0.student_id 
    from
        enrollments e1_0 
    where
        e1_0.course_id=?
Hibernate: 
    select
        e1_0.id,
        e1_0.course_id,
        e1_0.enrolled_at,
        e1_0.student_id 
    from
        enrollments e1_0 
    where
        e1_0.course_id=?
Hibernate: 
    select
        c1_0.code,
        c1_0.batch_group,
        c1_0.category,
        c1_0.color,
        c1_0.credit_type,
        c1_0.credits,
        c1_0.days,
        c1_0.end_time,
        c1_0.instructor,
        c1_0.name,
        c1_0.room,
        c1_0.start_time,
        c1_0.teacher_id 
    from
        courses c1_0 
    where
        c1_0.code=?
Hibernate: 
    select
        as1_0.id,
        as1_0.assessment_type,
        as1_0.course_code,
        as1_0.course_name,
        as1_0.max_score,
        as1_0.notes,
        as1_0.recorded_at,
        as1_0.score,
        as1_0.student_id 
    from
        assessment_scores as1_0 
    where
        as1_0.student_id in (?, ?, ?, ?, ?, ?, ?, ?, ?, ?)
Hibernate: 
    select
        c1_0.code,
        c1_0.batch_group,
        c1_0.category,
        c1_0.color,
        c1_0.credit_type,
        c1_0.credits,
        c1_0.days,
        c1_0.end_time,
        c1_0.instructor,
        c1_0.name,
        c1_0.room,
        c1_0.start_time,
        c1_0.teacher_id 
    from
        courses c1_0 
    where
        c1_0.instructor=?
Hibernate: 
    select
        e1_0.id,
        e1_0.course_id,
        e1_0.enrolled_at,
        e1_0.student_id 
    from
        enrollments e1_0 
    where
        e1_0.course_id=?
Hibernate: 
    select
        e1_0.id,
        e1_0.course_id,
        e1_0.enrolled_at,
        e1_0.student_id 
    from
        enrollments e1_0 
    where
        e1_0.course_id=?
Hibernate: 
    select
        e1_0.id,
        e1_0.course_id,
        e1_0.enrolled_at,
        e1_0.student_id 
    from
        enrollments e1_0 
    where
        e1_0.course_id=?
Hibernate: 
    select
        c1_0.code,
        c1_0.batch_group,
        c1_0.category,
        c1_0.color,
        c1_0.credit_type,
        c1_0.credits,
        c1_0.days,
        c1_0.end_time,
        c1_0.instructor,
        c1_0.name,
        c1_0.room,
        c1_0.start_time,
        c1_0.teacher_id 
    from
        courses c1_0 
    where
        c1_0.code=?
Hibernate: 
    select
        s1_0.id,
        s1_0.academic_year,
        s1_0.credits_completed,
        s1_0.email,
        s1_0.gpa,
        s1_0.name,
        s1_0.notif_email,
        s1_0.password,
        s1_0.program,
        s1_0.student_id 
    from
        students s1_0 
    where
        s1_0.student_id=?
Hibernate: 
    select
        s1_0.id,
        s1_0.academic_year,
        s1_0.credits_completed,
        s1_0.email,
        s1_0.gpa,
        s1_0.name,
        s1_0.notif_email,
        s1_0.password,
        s1_0.program,
        s1_0.student_id 
    from
        students s1_0 
    where
        s1_0.student_id=?
Hibernate: 
    select
        s1_0.id,
        s1_0.academic_year,
        s1_0.credits_completed,
        s1_0.email,
        s1_0.gpa,
        s1_0.name,
        s1_0.notif_email,
        s1_0.password,
        s1_0.program,
        s1_0.student_id 
    from
        students s1_0 
    where
        s1_0.student_id=?
Hibernate: 
    select
        s1_0.id,
        s1_0.academic_year,
        s1_0.credits_completed,
        s1_0.email,
        s1_0.gpa,
        s1_0.name,
        s1_0.notif_email,
        s1_0.password,
        s1_0.program,
        s1_0.student_id 
    from
        students s1_0 
    where
        s1_0.student_id=?
Hibernate: 
    select
        s1_0.id,
        s1_0.academic_year,
        s1_0.credits_completed,
        s1_0.email,
        s1_0.gpa,
        s1_0.name,
        s1_0.notif_email,
        s1_0.password,
        s1_0.program,
        s1_0.student_id 
    from
        students s1_0 
    where
        s1_0.student_id=?
Hibernate: 
    select
        s1_0.id,
        s1_0.academic_year,
        s1_0.credits_completed,
        s1_0.email,
        s1_0.gpa,
        s1_0.name,
        s1_0.notif_email,
        s1_0.password,
        s1_0.program,
        s1_0.student_id 
    from
        students s1_0 
    where
        s1_0.student_id=?
Hibernate: 
    select
        s1_0.id,
        s1_0.academic_year,
        s1_0.credits_completed,
        s1_0.email,
        s1_0.gpa,
        s1_0.name,
        s1_0.notif_email,
        s1_0.password,
        s1_0.program,
        s1_0.student_id 
    from
        students s1_0 
    where
        s1_0.student_id=?
Hibernate: 
    select
        s1_0.id,
        s1_0.academic_year,
        s1_0.credits_completed,
        s1_0.email,
        s1_0.gpa,
        s1_0.name,
        s1_0.notif_email,
        s1_0.password,
        s1_0.program,
        s1_0.student_id 
    from
        students s1_0 
    where
        s1_0.student_id=?
Hibernate: 
    select
        s1_0.id,
        s1_0.academic_year,
        s1_0.credits_completed,
        s1_0.email,
        s1_0.gpa,
        s1_0.name,
        s1_0.notif_email,
        s1_0.password,
        s1_0.program,
        s1_0.student_id 
    from
        students s1_0 
    where
        s1_0.student_id=?
Hibernate: 
    select
        s1_0.id,
        s1_0.academic_year,
        s1_0.credits_completed,
        s1_0.email,
        s1_0.gpa,
        s1_0.name,
        s1_0.notif_email,
        s1_0.password,
        s1_0.program,
        s1_0.student_id 
    from
        students s1_0 
    where
        s1_0.student_id=?
Hibernate: 
    select
        ep1_0.id,
        ep1_0.student_email,
        ep1_0.student_id,
        ep1_0.student_name,
        ep1_0.submitted_at,
        ep1_0.teacher_id,
        ep1_0.teacher_name,
        ep1_0.title,
        ep1_0.type 
    from
        exam_papers ep1_0 
    where
        ep1_0.teacher_id=? 
    order by
        ep1_0.submitted_at desc
Hibernate: 
    select
        s1_0.id,
        s1_0.academic_year,
        s1_0.credits_completed,
        s1_0.email,
        s1_0.gpa,
        s1_0.name,
        s1_0.notif_email,
        s1_0.password,
        s1_0.program,
        s1_0.student_id 
    from
        students s1_0 
    where
        s1_0.student_id=?
Hibernate: 
    insert 
    into
        exam_papers
        (student_email, student_id, student_name, submitted_at, teacher_id, teacher_name, title, type, id) 
    values
        (?, ?, ?, ?, ?, ?, ?, ?, default)
Hibernate: 
    insert 
    into
        exam_paper_images
        (image_base64, image_type, id) 
    values
        (?, ?, default)
Hibernate: 
    insert 
    into
        exam_paper_images
        (image_base64, image_type, id) 
    values
        (?, ?, default)
Hibernate: 
    update
        exam_paper_images 
    set
        paper_id=? 
    where
        id=?
Hibernate: 
    update
        exam_paper_images 
    set
        paper_id=? 
    where
        id=?
Hibernate: 
    select
        s1_0.id,
        s1_0.academic_year,
        s1_0.credits_completed,
        s1_0.email,
        s1_0.gpa,
        s1_0.name,
        s1_0.notif_email,
        s1_0.password,
        s1_0.program,
        s1_0.student_id 
    from
        students s1_0 
    where
        s1_0.student_id=?
Hibernate: 
    insert 
    into
        exam_papers
        (student_email, student_id, student_name, submitted_at, teacher_id, teacher_name, title, type, id) 
    values
        (?, ?, ?, ?, ?, ?, ?, ?, default)
Hibernate: 
    insert 
    into
        exam_paper_images
        (image_base64, image_type, id) 
    values
        (?, ?, default)
Hibernate: 
    insert 
    into
        exam_paper_images
        (image_base64, image_type, id) 
    values
        (?, ?, default)
Hibernate: 
    update
        exam_paper_images 
    set
        paper_id=? 
    where
        id=?
Hibernate: 
    update
        exam_paper_images 
    set
        paper_id=? 
    where
        id=?
2026-07-11T10:27:48.645+06:00  INFO 17504 --- [eduadvisor2] [nio-8081-exec-6] c.e.e.service.NotificationService        : ✅ Email sent to 251-16-056@diu.edu.bd
Hibernate: 
    select
        s1_0.id,
        s1_0.academic_year,
        s1_0.credits_completed,
        s1_0.email,
        s1_0.gpa,
        s1_0.name,
        s1_0.notif_email,
        s1_0.password,
        s1_0.program,
        s1_0.student_id 
    from
        students s1_0 
    where
        s1_0.student_id=?
Hibernate: 
    insert 
    into
        exam_papers
        (student_email, student_id, student_name, submitted_at, teacher_id, teacher_name, title, type, id) 
    values
        (?, ?, ?, ?, ?, ?, ?, ?, default)
Hibernate: 
    insert 
    into
        exam_paper_images
        (image_base64, image_type, id) 
    values
        (?, ?, default)
Hibernate: 
    insert 
    into
        exam_paper_images
        (image_base64, image_type, id) 
    values
        (?, ?, default)
Hibernate: 
    update
        exam_paper_images 
    set
        paper_id=? 
    where
        id=?
Hibernate: 
    update
        exam_paper_images 
    set
        paper_id=? 
    where
        id=?
2026-07-11T10:27:50.976+06:00  INFO 17504 --- [eduadvisor2] [nio-8081-exec-7] c.e.e.service.NotificationService        : ✅ Email sent to 251-16-056@diu.edu.bd
Hibernate: 
    select
        s1_0.id,
        s1_0.academic_year,
        s1_0.credits_completed,
        s1_0.email,
        s1_0.gpa,
        s1_0.name,
        s1_0.notif_email,
        s1_0.password,
        s1_0.program,
        s1_0.student_id 
    from
        students s1_0 
    where
        s1_0.student_id=?
Hibernate: 
    insert 
    into
        exam_papers
        (student_email, student_id, student_name, submitted_at, teacher_id, teacher_name, title, type, id) 
    values
        (?, ?, ?, ?, ?, ?, ?, ?, default)
Hibernate: 
    insert 
    into
        exam_paper_images
        (image_base64, image_type, id) 
    values
        (?, ?, default)
Hibernate: 
    insert 
    into
        exam_paper_images
        (image_base64, image_type, id) 
    values
        (?, ?, default)
Hibernate: 
    update
        exam_paper_images 
    set
        paper_id=? 
    where
        id=?
Hibernate: 
    update
        exam_paper_images 
    set
        paper_id=? 
    where
        id=?
2026-07-11T10:27:53.832+06:00  INFO 17504 --- [eduadvisor2] [nio-8081-exec-9] c.e.e.service.NotificationService        : ✅ Email sent to 251-16-056@diu.edu.bd
Hibernate: 
    select
        s1_0.id,
        s1_0.academic_year,
        s1_0.credits_completed,
        s1_0.email,
        s1_0.gpa,
        s1_0.name,
        s1_0.notif_email,
        s1_0.password,
        s1_0.program,
        s1_0.student_id 
    from
        students s1_0 
    where
        s1_0.student_id=?
Hibernate: 
    insert 
    into
        exam_papers
        (student_email, student_id, student_name, submitted_at, teacher_id, teacher_name, title, type, id) 
    values
        (?, ?, ?, ?, ?, ?, ?, ?, default)
Hibernate: 
    insert 
    into
        exam_paper_images
        (image_base64, image_type, id) 
    values
        (?, ?, default)
Hibernate: 
    insert 
    into
        exam_paper_images
        (image_base64, image_type, id) 
    values
        (?, ?, default)
Hibernate: 
    update
        exam_paper_images 
    set
        paper_id=? 
    where
        id=?
Hibernate: 
    update
        exam_paper_images 
    set
        paper_id=? 
    where
        id=?
Hibernate: 
    select
        s1_0.id,
        s1_0.academic_year,
        s1_0.credits_completed,
        s1_0.email,
        s1_0.gpa,
        s1_0.name,
        s1_0.notif_email,
        s1_0.password,
        s1_0.program,
        s1_0.student_id 
    from
        students s1_0 
    where
        s1_0.student_id=?
Hibernate: 
    insert 
    into
        exam_papers
        (student_email, student_id, student_name, submitted_at, teacher_id, teacher_name, title, type, id) 
    values
        (?, ?, ?, ?, ?, ?, ?, ?, default)
Hibernate: 
    insert 
    into
        exam_paper_images
        (image_base64, image_type, id) 
    values
        (?, ?, default)
Hibernate: 
    insert 
    into
        exam_paper_images
        (image_base64, image_type, id) 
    values
        (?, ?, default)
Hibernate: 
    update
        exam_paper_images 
    set
        paper_id=? 
    where
        id=?
Hibernate: 
    update
        exam_paper_images 
    set
        paper_id=? 
    where
        id=?
Hibernate: 
    select
        s1_0.id,
        s1_0.academic_year,
        s1_0.credits_completed,
        s1_0.email,
        s1_0.gpa,
        s1_0.name,
        s1_0.notif_email,
        s1_0.password,
        s1_0.program,
        s1_0.student_id 
    from
        students s1_0 
    where
        s1_0.student_id=?
Hibernate: 
    insert 
    into
        exam_papers
        (student_email, student_id, student_name, submitted_at, teacher_id, teacher_name, title, type, id) 
    values
        (?, ?, ?, ?, ?, ?, ?, ?, default)
Hibernate: 
    insert 
    into
        exam_paper_images
        (image_base64, image_type, id) 
    values
        (?, ?, default)
Hibernate: 
    insert 
    into
        exam_paper_images
        (image_base64, image_type, id) 
    values
        (?, ?, default)
Hibernate: 
    update
        exam_paper_images 
    set
        paper_id=? 
    where
        id=?
Hibernate: 
    update
        exam_paper_images 
    set
        paper_id=? 
    where
        id=?
Hibernate: 
    select
        s1_0.id,
        s1_0.academic_year,
        s1_0.credits_completed,
        s1_0.email,
        s1_0.gpa,
        s1_0.name,
        s1_0.notif_email,
        s1_0.password,
        s1_0.program,
        s1_0.student_id 
    from
        students s1_0 
    where
        s1_0.student_id=?
Hibernate: 
    insert 
    into
        exam_papers
        (student_email, student_id, student_name, submitted_at, teacher_id, teacher_name, title, type, id) 
    values
        (?, ?, ?, ?, ?, ?, ?, ?, default)
Hibernate: 
    insert 
    into
        exam_paper_images
        (image_base64, image_type, id) 
    values
        (?, ?, default)
Hibernate: 
    insert 
    into
        exam_paper_images
        (image_base64, image_type, id) 
    values
        (?, ?, default)
Hibernate: 
    update
        exam_paper_images 
    set
        paper_id=? 
    where
        id=?
Hibernate: 
    update
        exam_paper_images 
    set
        paper_id=? 
    where
        id=?
Hibernate: 
    select
        s1_0.id,
        s1_0.academic_year,
        s1_0.credits_completed,
        s1_0.email,
        s1_0.gpa,
        s1_0.name,
        s1_0.notif_email,
        s1_0.password,
        s1_0.program,
        s1_0.student_id 
    from
        students s1_0 
    where
        s1_0.student_id=?
Hibernate: 
    insert 
    into
        exam_papers
        (student_email, student_id, student_name, submitted_at, teacher_id, teacher_name, title, type, id) 
    values
        (?, ?, ?, ?, ?, ?, ?, ?, default)
Hibernate: 
    insert 
    into
        exam_paper_images
        (image_base64, image_type, id) 
    values
        (?, ?, default)
Hibernate: 
    insert 
    into
        exam_paper_images
        (image_base64, image_type, id) 
    values
        (?, ?, default)
Hibernate: 
    update
        exam_paper_images 
    set
        paper_id=? 
    where
        id=?
Hibernate: 
    update
        exam_paper_images 
    set
        paper_id=? 
    where
        id=?
Hibernate: 
    select
        s1_0.id,
        s1_0.academic_year,
        s1_0.credits_completed,
        s1_0.email,
        s1_0.gpa,
        s1_0.name,
        s1_0.notif_email,
        s1_0.password,
        s1_0.program,
        s1_0.student_id 
    from
        students s1_0 
    where
        s1_0.student_id=?
Hibernate: 
    insert 
    into
        exam_papers
        (student_email, student_id, student_name, submitted_at, teacher_id, teacher_name, title, type, id) 
    values
        (?, ?, ?, ?, ?, ?, ?, ?, default)
Hibernate: 
    insert 
    into
        exam_paper_images
        (image_base64, image_type, id) 
    values
        (?, ?, default)
Hibernate: 
    insert 
    into
        exam_paper_images
        (image_base64, image_type, id) 
    values
        (?, ?, default)
Hibernate: 
    update
        exam_paper_images 
    set
        paper_id=? 
    where
        id=?
Hibernate: 
    update
        exam_paper_images 
    set
        paper_id=? 
    where
        id=?
Hibernate: 
    select
        s1_0.id,
        s1_0.academic_year,
        s1_0.credits_completed,
        s1_0.email,
        s1_0.gpa,
        s1_0.name,
        s1_0.notif_email,
        s1_0.password,
        s1_0.program,
        s1_0.student_id 
    from
        students s1_0 
    where
        s1_0.student_id=?
Hibernate: 
    insert 
    into
        exam_papers
        (student_email, student_id, student_name, submitted_at, teacher_id, teacher_name, title, type, id) 
    values
        (?, ?, ?, ?, ?, ?, ?, ?, default)
Hibernate: 
    insert 
    into
        exam_paper_images
        (image_base64, image_type, id) 
    values
        (?, ?, default)
Hibernate: 
    insert 
    into
        exam_paper_images
        (image_base64, image_type, id) 
    values
        (?, ?, default)
Hibernate: 
    update
        exam_paper_images 
    set
        paper_id=? 
    where
        id=?
Hibernate: 
    update
        exam_paper_images 
    set
        paper_id=? 
    where
        id=?
Hibernate: 
    select
        s1_0.id,
        s1_0.academic_year,
        s1_0.credits_completed,
        s1_0.email,
        s1_0.gpa,
        s1_0.name,
        s1_0.notif_email,
        s1_0.password,
        s1_0.program,
        s1_0.student_id 
    from
        students s1_0 
    where
        s1_0.student_id=?
Hibernate: 
    insert 
    into
        exam_papers
        (student_email, student_id, student_name, submitted_at, teacher_id, teacher_name, title, type, id) 
    values
        (?, ?, ?, ?, ?, ?, ?, ?, default)
Hibernate: 
    insert 
    into
        exam_paper_images
        (image_base64, image_type, id) 
    values
        (?, ?, default)
Hibernate: 
    insert 
    into
        exam_paper_images
        (image_base64, image_type, id) 
    values
        (?, ?, default)
Hibernate: 
    update
        exam_paper_images 
    set
        paper_id=? 
    where
        id=?
Hibernate: 
    update
        exam_paper_images 
    set
        paper_id=? 
    where
        id=?
2026-07-11T10:27:58.479+06:00  INFO 17504 --- [eduadvisor2] [nio-8081-exec-2] c.e.e.service.NotificationService        : ✅ Email sent to 251-16-056@diu.edu.bd
Hibernate: 
    select
        s1_0.id,
        s1_0.academic_year,
        s1_0.credits_completed,
        s1_0.email,
        s1_0.gpa,
        s1_0.name,
        s1_0.notif_email,
        s1_0.password,
        s1_0.program,
        s1_0.student_id 
    from
        students s1_0 
    where
        s1_0.student_id=?
Hibernate: 
    insert 
    into
        exam_papers
        (student_email, student_id, student_name, submitted_at, teacher_id, teacher_name, title, type, id) 
    values
        (?, ?, ?, ?, ?, ?, ?, ?, default)
Hibernate: 
    insert 
    into
        exam_paper_images
        (image_base64, image_type, id) 
    values
        (?, ?, default)
Hibernate: 
    insert 
    into
        exam_paper_images
        (image_base64, image_type, id) 
    values
        (?, ?, default)
Hibernate: 
    update
        exam_paper_images 
    set
        paper_id=? 
    where
        id=?
Hibernate: 
    update
        exam_paper_images 
    set
        paper_id=? 
    where
        id=?
2026-07-11T10:27:58.763+06:00  INFO 17504 --- [eduadvisor2] [nio-8081-exec-8] c.e.e.service.NotificationService        : ✅ Email sent to 251-16-056@diu.edu.bd
Hibernate: 
    select
        s1_0.id,
        s1_0.academic_year,
        s1_0.credits_completed,
        s1_0.email,
        s1_0.gpa,
        s1_0.name,
        s1_0.notif_email,
        s1_0.password,
        s1_0.program,
        s1_0.student_id 
    from
        students s1_0 
    where
        s1_0.student_id=?
Hibernate: 
    insert 
    into
        exam_papers
        (student_email, student_id, student_name, submitted_at, teacher_id, teacher_name, title, type, id) 
    values
        (?, ?, ?, ?, ?, ?, ?, ?, default)
Hibernate: 
    insert 
    into
        exam_paper_images
        (image_base64, image_type, id) 
    values
        (?, ?, default)
Hibernate: 
    insert 
    into
        exam_paper_images
        (image_base64, image_type, id) 
    values
        (?, ?, default)
Hibernate: 
    update
        exam_paper_images 
    set
        paper_id=? 
    where
        id=?
Hibernate: 
    update
        exam_paper_images 
    set
        paper_id=? 
    where
        id=?
2026-07-11T10:27:59.447+06:00  INFO 17504 --- [eduadvisor2] [nio-8081-exec-1] c.e.e.service.NotificationService        : ✅ Email sent to 251-16-056@diu.edu.bd
Hibernate: 
    select
        s1_0.id,
        s1_0.academic_year,
        s1_0.credits_completed,
        s1_0.email,
        s1_0.gpa,
        s1_0.name,
        s1_0.notif_email,
        s1_0.password,
        s1_0.program,
        s1_0.student_id 
    from
        students s1_0 
    where
        s1_0.student_id=?
Hibernate: 
    insert 
    into
        exam_papers
        (student_email, student_id, student_name, submitted_at, teacher_id, teacher_name, title, type, id) 
    values
        (?, ?, ?, ?, ?, ?, ?, ?, default)
Hibernate: 
    insert 
    into
        exam_paper_images
        (image_base64, image_type, id) 
    values
        (?, ?, default)
Hibernate: 
    insert 
    into
        exam_paper_images
        (image_base64, image_type, id) 
    values
        (?, ?, default)
Hibernate: 
    update
        exam_paper_images 
    set
        paper_id=? 
    where
        id=?
Hibernate: 
    update
        exam_paper_images 
    set
        paper_id=? 
    where
        id=?
2026-07-11T10:27:59.770+06:00  INFO 17504 --- [eduadvisor2] [nio-8081-exec-3] c.e.e.service.NotificationService        : ✅ Email sent to 251-16-056@diu.edu.bd
Hibernate: 
    select
        s1_0.id,
        s1_0.academic_year,
        s1_0.credits_completed,
        s1_0.email,
        s1_0.gpa,
        s1_0.name,
        s1_0.notif_email,
        s1_0.password,
        s1_0.program,
        s1_0.student_id 
    from
        students s1_0 
    where
        s1_0.student_id=?
Hibernate: 
    insert 
    into
        exam_papers
        (student_email, student_id, student_name, submitted_at, teacher_id, teacher_name, title, type, id) 
    values
        (?, ?, ?, ?, ?, ?, ?, ?, default)
Hibernate: 
    insert 
    into
        exam_paper_images
        (image_base64, image_type, id) 
    values
        (?, ?, default)
Hibernate: 
    insert 
    into
        exam_paper_images
        (image_base64, image_type, id) 
    values
        (?, ?, default)
Hibernate: 
    update
        exam_paper_images 
    set
        paper_id=? 
    where
        id=?
Hibernate: 
    update
        exam_paper_images 
    set
        paper_id=? 
    where
        id=?
Hibernate: 
    select
        s1_0.id,
        s1_0.academic_year,
        s1_0.credits_completed,
        s1_0.email,
        s1_0.gpa,
        s1_0.name,
        s1_0.notif_email,
        s1_0.password,
        s1_0.program,
        s1_0.student_id 
    from
        students s1_0 
    where
        s1_0.student_id=?
Hibernate: 
    insert 
    into
        exam_papers
        (student_email, student_id, student_name, submitted_at, teacher_id, teacher_name, title, type, id) 
    values
        (?, ?, ?, ?, ?, ?, ?, ?, default)
Hibernate: 
    insert 
    into
        exam_paper_images
        (image_base64, image_type, id) 
    values
        (?, ?, default)
Hibernate: 
    insert 
    into
        exam_paper_images
        (image_base64, image_type, id) 
    values
        (?, ?, default)
Hibernate: 
    update
        exam_paper_images 
    set
        paper_id=? 
    where
        id=?
Hibernate: 
    update
        exam_paper_images 
    set
        paper_id=? 
    where
        id=?
2026-07-11T10:28:00.146+06:00  INFO 17504 --- [eduadvisor2] [nio-8081-exec-6] c.e.e.service.NotificationService        : ✅ Email sent to 251-16-056@diu.edu.bd
Hibernate: 
    select
        s1_0.id,
        s1_0.academic_year,
        s1_0.credits_completed,
        s1_0.email,
        s1_0.gpa,
        s1_0.name,
        s1_0.notif_email,
        s1_0.password,
        s1_0.program,
        s1_0.student_id 
    from
        students s1_0 
    where
        s1_0.student_id=?
Hibernate: 
    insert 
    into
        exam_papers
        (student_email, student_id, student_name, submitted_at, teacher_id, teacher_name, title, type, id) 
    values
        (?, ?, ?, ?, ?, ?, ?, ?, default)
Hibernate: 
    insert 
    into
        exam_paper_images
        (image_base64, image_type, id) 
    values
        (?, ?, default)
Hibernate: 
    insert 
    into
        exam_paper_images
        (image_base64, image_type, id) 
    values
        (?, ?, default)
Hibernate: 
    update
        exam_paper_images 
    set
        paper_id=? 
    where
        id=?
Hibernate: 
    update
        exam_paper_images 
    set
        paper_id=? 
    where
        id=?
2026-07-11T10:28:00.429+06:00  INFO 17504 --- [eduadvisor2] [io-8081-exec-10] c.e.e.service.NotificationService        : ✅ Email sent to 251-16-056@diu.edu.bd
Hibernate: 
    select
        s1_0.id,
        s1_0.academic_year,
        s1_0.credits_completed,
        s1_0.email,
        s1_0.gpa,
        s1_0.name,
        s1_0.notif_email,
        s1_0.password,
        s1_0.program,
        s1_0.student_id 
    from
        students s1_0 
    where
        s1_0.student_id=?
Hibernate: 
    insert 
    into
        exam_papers
        (student_email, student_id, student_name, submitted_at, teacher_id, teacher_name, title, type, id) 
    values
        (?, ?, ?, ?, ?, ?, ?, ?, default)
Hibernate: 
    insert 
    into
        exam_paper_images
        (image_base64, image_type, id) 
    values
        (?, ?, default)
Hibernate: 
    insert 
    into
        exam_paper_images
        (image_base64, image_type, id) 
    values
        (?, ?, default)
Hibernate: 
    update
        exam_paper_images 
    set
        paper_id=? 
    where
        id=?
Hibernate: 
    update
        exam_paper_images 
    set
        paper_id=? 
    where
        id=?
Hibernate: 
    select
        s1_0.id,
        s1_0.academic_year,
        s1_0.credits_completed,
        s1_0.email,
        s1_0.gpa,
        s1_0.name,
        s1_0.notif_email,
        s1_0.password,
        s1_0.program,
        s1_0.student_id 
    from
        students s1_0 
    where
        s1_0.student_id=?
Hibernate: 
    insert 
    into
        exam_papers
        (student_email, student_id, student_name, submitted_at, teacher_id, teacher_name, title, type, id) 
    values
        (?, ?, ?, ?, ?, ?, ?, ?, default)
Hibernate: 
    insert 
    into
        exam_paper_images
        (image_base64, image_type, id) 
    values
        (?, ?, default)
Hibernate: 
    insert 
    into
        exam_paper_images
        (image_base64, image_type, id) 
    values
        (?, ?, default)
Hibernate: 
    update
        exam_paper_images 
    set
        paper_id=? 
    where
        id=?
Hibernate: 
    update
        exam_paper_images 
    set
        paper_id=? 
    where
        id=?
Hibernate: 
    select
        s1_0.id,
        s1_0.academic_year,
        s1_0.credits_completed,
        s1_0.email,
        s1_0.gpa,
        s1_0.name,
        s1_0.notif_email,
        s1_0.password,
        s1_0.program,
        s1_0.student_id 
    from
        students s1_0 
    where
        s1_0.student_id=?
Hibernate: 
    insert 
    into
        exam_papers
        (student_email, student_id, student_name, submitted_at, teacher_id, teacher_name, title, type, id) 
    values
        (?, ?, ?, ?, ?, ?, ?, ?, default)
Hibernate: 
    insert 
    into
        exam_paper_images
        (image_base64, image_type, id) 
    values
        (?, ?, default)
Hibernate: 
    insert 
    into
        exam_paper_images
        (image_base64, image_type, id) 
    values
        (?, ?, default)
Hibernate: 
    update
        exam_paper_images 
    set
        paper_id=? 
    where
        id=?
Hibernate: 
    update
        exam_paper_images 
    set
        paper_id=? 
    where
        id=?
2026-07-11T10:28:00.796+06:00  INFO 17504 --- [eduadvisor2] [nio-8081-exec-4] c.e.e.service.NotificationService        : ✅ Email sent to 251-16-056@diu.edu.bd
Hibernate: 
    select
        s1_0.id,
        s1_0.academic_year,
        s1_0.credits_completed,
        s1_0.email,
        s1_0.gpa,
        s1_0.name,
        s1_0.notif_email,
        s1_0.password,
        s1_0.program,
        s1_0.student_id 
    from
        students s1_0 
    where
        s1_0.student_id=?
Hibernate: 
    insert 
    into
        exam_papers
        (student_email, student_id, student_name, submitted_at, teacher_id, teacher_name, title, type, id) 
    values
        (?, ?, ?, ?, ?, ?, ?, ?, default)
Hibernate: 
    insert 
    into
        exam_paper_images
        (image_base64, image_type, id) 
    values
        (?, ?, default)
Hibernate: 
    insert 
    into
        exam_paper_images
        (image_base64, image_type, id) 
    values
        (?, ?, default)
Hibernate: 
    update
        exam_paper_images 
    set
        paper_id=? 
    where
        id=?
Hibernate: 
    update
        exam_paper_images 
    set
        paper_id=? 
    where
        id=?
2026-07-11T10:28:02.181+06:00  INFO 17504 --- [eduadvisor2] [nio-8081-exec-7] c.e.e.service.NotificationService        : ✅ Email sent to 251-16-056@diu.edu.bd
2026-07-11T10:28:03.138+06:00  INFO 17504 --- [eduadvisor2] [nio-8081-exec-9] c.e.e.service.NotificationService        : ✅ Email sent to 251-16-056@diu.edu.bd
2026-07-11T10:28:03.835+06:00  INFO 17504 --- [eduadvisor2] [nio-8081-exec-2] c.e.e.service.NotificationService        : ✅ Email sent to 251-16-056@diu.edu.bd
2026-07-11T10:28:04.446+06:00  INFO 17504 --- [eduadvisor2] [nio-8081-exec-3] c.e.e.service.NotificationService        : ✅ Email sent to 251-16-056@diu.edu.bd
2026-07-11T10:28:04.644+06:00  INFO 17504 --- [eduadvisor2] [io-8081-exec-11] c.e.e.service.NotificationService        : ✅ Email sent to 251-16-056@diu.edu.bd
2026-07-11T10:28:05.065+06:00  INFO 17504 --- [eduadvisor2] [io-8081-exec-12] c.e.e.service.NotificationService        : ✅ Email sent to 251-16-056@diu.edu.bd
2026-07-11T10:28:05.235+06:00  INFO 17504 --- [eduadvisor2] [nio-8081-exec-8] c.e.e.service.NotificationService        : ✅ Email sent to 251-16-056@diu.edu.bd
2026-07-11T10:28:05.761+06:00  INFO 17504 --- [eduadvisor2] [nio-8081-exec-6] c.e.e.service.NotificationService        : ✅ Email sent to 251-16-056@diu.edu.bd
2026-07-11T10:28:06.048+06:00  INFO 17504 --- [eduadvisor2] [nio-8081-exec-1] c.e.e.service.NotificationService        : ✅ Email sent to 251-16-056@diu.edu.bd
2026-07-11T10:28:06.352+06:00  INFO 17504 --- [eduadvisor2] [nio-8081-exec-4] c.e.e.service.NotificationService        : ✅ Email sent to 251-16-056@diu.edu.bd
Hibernate: 
    select
        c1_0.code,
        c1_0.batch_group,
        c1_0.category,
        c1_0.color,
        c1_0.credit_type,
        c1_0.credits,
        c1_0.days,
        c1_0.end_time,
        c1_0.instructor,
        c1_0.name,
        c1_0.room,
        c1_0.start_time,
        c1_0.teacher_id 
    from
        courses c1_0 
    where
        c1_0.instructor=?
Hibernate: 
    select
        e1_0.id,
        e1_0.course_id,
        e1_0.enrolled_at,
        e1_0.student_id 
    from
        enrollments e1_0 
    where
        e1_0.course_id=?
Hibernate: 
    select
        e1_0.id,
        e1_0.course_id,
        e1_0.enrolled_at,
        e1_0.student_id 
    from
        enrollments e1_0 
    where
        e1_0.course_id=?
Hibernate: 
    select
        e1_0.id,
        e1_0.course_id,
        e1_0.enrolled_at,
        e1_0.student_id 
    from
        enrollments e1_0 
    where
        e1_0.course_id=?
Hibernate: 
    select
        c1_0.code,
        c1_0.batch_group,
        c1_0.category,
        c1_0.color,
        c1_0.credit_type,
        c1_0.credits,
        c1_0.days,
        c1_0.end_time,
        c1_0.instructor,
        c1_0.name,
        c1_0.room,
        c1_0.start_time,
        c1_0.teacher_id 
    from
        courses c1_0 
    where
        c1_0.code=?
Hibernate: 
    select
        s1_0.id,
        s1_0.academic_year,
        s1_0.credits_completed,
        s1_0.email,
        s1_0.gpa,
        s1_0.name,
        s1_0.notif_email,
        s1_0.password,
        s1_0.program,
        s1_0.student_id 
    from
        students s1_0 
    where
        s1_0.student_id=?
Hibernate: 
    select
        s1_0.id,
        s1_0.academic_year,
        s1_0.credits_completed,
        s1_0.email,
        s1_0.gpa,
        s1_0.name,
        s1_0.notif_email,
        s1_0.password,
        s1_0.program,
        s1_0.student_id 
    from
        students s1_0 
    where
        s1_0.student_id=?
Hibernate: 
    select
        s1_0.id,
        s1_0.academic_year,
        s1_0.credits_completed,
        s1_0.email,
        s1_0.gpa,
        s1_0.name,
        s1_0.notif_email,
        s1_0.password,
        s1_0.program,
        s1_0.student_id 
    from
        students s1_0 
    where
        s1_0.student_id=?
Hibernate: 
    select
        s1_0.id,
        s1_0.academic_year,
        s1_0.credits_completed,
        s1_0.email,
        s1_0.gpa,
        s1_0.name,
        s1_0.notif_email,
        s1_0.password,
        s1_0.program,
        s1_0.student_id 
    from
        students s1_0 
    where
        s1_0.student_id=?
Hibernate: 
    select
        s1_0.id,
        s1_0.academic_year,
        s1_0.credits_completed,
        s1_0.email,
        s1_0.gpa,
        s1_0.name,
        s1_0.notif_email,
        s1_0.password,
        s1_0.program,
        s1_0.student_id 
    from
        students s1_0 
    where
        s1_0.student_id=?
Hibernate: 
    select
        s1_0.id,
        s1_0.academic_year,
        s1_0.credits_completed,
        s1_0.email,
        s1_0.gpa,
        s1_0.name,
        s1_0.notif_email,
        s1_0.password,
        s1_0.program,
        s1_0.student_id 
    from
        students s1_0 
    where
        s1_0.student_id=?
Hibernate: 
    select
        s1_0.id,
        s1_0.academic_year,
        s1_0.credits_completed,
        s1_0.email,
        s1_0.gpa,
        s1_0.name,
        s1_0.notif_email,
        s1_0.password,
        s1_0.program,
        s1_0.student_id 
    from
        students s1_0 
    where
        s1_0.student_id=?
Hibernate: 
    select
        s1_0.id,
        s1_0.academic_year,
        s1_0.credits_completed,
        s1_0.email,
        s1_0.gpa,
        s1_0.name,
        s1_0.notif_email,
        s1_0.password,
        s1_0.program,
        s1_0.student_id 
    from
        students s1_0 
    where
        s1_0.student_id=?
Hibernate: 
    select
        s1_0.id,
        s1_0.academic_year,
        s1_0.credits_completed,
        s1_0.email,
        s1_0.gpa,
        s1_0.name,
        s1_0.notif_email,
        s1_0.password,
        s1_0.program,
        s1_0.student_id 
    from
        students s1_0 
    where
        s1_0.student_id=?
Hibernate: 
    select
        s1_0.id,
        s1_0.academic_year,
        s1_0.credits_completed,
        s1_0.email,
        s1_0.gpa,
        s1_0.name,
        s1_0.notif_email,
        s1_0.password,
        s1_0.program,
        s1_0.student_id 
    from
        students s1_0 
    where
        s1_0.student_id=?
Hibernate: 
    select
        ep1_0.id,
        ep1_0.student_email,
        ep1_0.student_id,
        ep1_0.student_name,
        ep1_0.submitted_at,
        ep1_0.teacher_id,
        ep1_0.teacher_name,
        ep1_0.title,
        ep1_0.type 
    from
        exam_papers ep1_0 
    where
        ep1_0.teacher_id=? 
    order by
        ep1_0.submitted_at desc
Hibernate: 
    select
        i1_0.paper_id,
        i1_0.id,
        i1_0.image_base64,
        i1_0.image_type 
    from
        exam_paper_images i1_0 
    where
        i1_0.paper_id=?
Hibernate: 
    select
        i1_0.paper_id,
        i1_0.id,
        i1_0.image_base64,
        i1_0.image_type 
    from
        exam_paper_images i1_0 
    where
        i1_0.paper_id=?
Hibernate: 
    select
        i1_0.paper_id,
        i1_0.id,
        i1_0.image_base64,
        i1_0.image_type 
    from
        exam_paper_images i1_0 
    where
        i1_0.paper_id=?
Hibernate: 
    select
        i1_0.paper_id,
        i1_0.id,
        i1_0.image_base64,
        i1_0.image_type 
    from
        exam_paper_images i1_0 
    where
        i1_0.paper_id=?
Hibernate: 
    select
        i1_0.paper_id,
        i1_0.id,
        i1_0.image_base64,
        i1_0.image_type 
    from
        exam_paper_images i1_0 
    where
        i1_0.paper_id=?
Hibernate: 
    select
        i1_0.paper_id,
        i1_0.id,
        i1_0.image_base64,
        i1_0.image_type 
    from
        exam_paper_images i1_0 
    where
        i1_0.paper_id=?
Hibernate: 
    select
        i1_0.paper_id,
        i1_0.id,
        i1_0.image_base64,
        i1_0.image_type 
    from
        exam_paper_images i1_0 
    where
        i1_0.paper_id=?
Hibernate: 
    select
        i1_0.paper_id,
        i1_0.id,
        i1_0.image_base64,
        i1_0.image_type 
    from
        exam_paper_images i1_0 
    where
        i1_0.paper_id=?
Hibernate: 
    select
        i1_0.paper_id,
        i1_0.id,
        i1_0.image_base64,
        i1_0.image_type 
    from
        exam_paper_images i1_0 
    where
        i1_0.paper_id=?
Hibernate: 
    select
        i1_0.paper_id,
        i1_0.id,
        i1_0.image_base64,
        i1_0.image_type 
    from
        exam_paper_images i1_0 
    where
        i1_0.paper_id=?
Hibernate: 
    select
        i1_0.paper_id,
        i1_0.id,
        i1_0.image_base64,
        i1_0.image_type 
    from
        exam_paper_images i1_0 
    where
        i1_0.paper_id=?
Hibernate: 
    select
        i1_0.paper_id,
        i1_0.id,
        i1_0.image_base64,
        i1_0.image_type 
    from
        exam_paper_images i1_0 
    where
        i1_0.paper_id=?
Hibernate: 
    select
        i1_0.paper_id,
        i1_0.id,
        i1_0.image_base64,
        i1_0.image_type 
    from
        exam_paper_images i1_0 
    where
        i1_0.paper_id=?
Hibernate: 
    select
        i1_0.paper_id,
        i1_0.id,
        i1_0.image_base64,
        i1_0.image_type 
    from
        exam_paper_images i1_0 
    where
        i1_0.paper_id=?
Hibernate: 
    select
        i1_0.paper_id,
        i1_0.id,
        i1_0.image_base64,
        i1_0.image_type 
    from
        exam_paper_images i1_0 
    where
        i1_0.paper_id=?
Hibernate: 
    select
        i1_0.paper_id,
        i1_0.id,
        i1_0.image_base64,
        i1_0.image_type 
    from
        exam_paper_images i1_0 
    where
        i1_0.paper_id=?
Hibernate: 
    select
        i1_0.paper_id,
        i1_0.id,
        i1_0.image_base64,
        i1_0.image_type 
    from
        exam_paper_images i1_0 
    where
        i1_0.paper_id=?
Hibernate: 
    select
        i1_0.paper_id,
        i1_0.id,
        i1_0.image_base64,
        i1_0.image_type 
    from
        exam_paper_images i1_0 
    where
        i1_0.paper_id=?
Hibernate: 
    select
        i1_0.paper_id,
        i1_0.id,
        i1_0.image_base64,
        i1_0.image_type 
    from
        exam_paper_images i1_0 
    where
        i1_0.paper_id=?
Hibernate: 
    select
        i1_0.paper_id,
        i1_0.id,
        i1_0.image_base64,
        i1_0.image_type 
    from
        exam_paper_images i1_0 
    where
        i1_0.paper_id=?
Hibernate: 
    select
        i1_0.paper_id,
        i1_0.id,
        i1_0.image_base64,
        i1_0.image_type 
    from
        exam_paper_images i1_0 
    where
        i1_0.paper_id=?
Hibernate: 
    select
        i1_0.paper_id,
        i1_0.id,
        i1_0.image_base64,
        i1_0.image_type 
    from
        exam_paper_images i1_0 
    where
        i1_0.paper_id=?
2026-07-11T10:28:06.837+06:00  INFO 17504 --- [eduadvisor2] [io-8081-exec-10] c.e.e.service.NotificationService        : ✅ Email sent to 251-16-056@diu.edu.bd
2026-07-11T10:28:07.032+06:00  WARN 17504 --- [eduadvisor2] [nio-8081-exec-9] .w.s.m.s.DefaultHandlerExceptionResolver : Resolved [org.springframework.web.method.annotation.MethodArgumentTypeMismatchException: Method parameter 'id': Failed to convert value of type 'java.lang.String' to required type 'java.lang.Long'; For input string: "img.id"]
2026-07-11T10:28:07.116+06:00  INFO 17504 --- [eduadvisor2] [io-8081-exec-13] c.e.e.service.NotificationService        : ✅ Email sent to 251-16-056@diu.edu.bd
Hibernate: 
    select
        s1_0.id,
        s1_0.academic_year,
        s1_0.credits_completed,
        s1_0.email,
        s1_0.gpa,
        s1_0.name,
        s1_0.notif_email,
        s1_0.password,
        s1_0.program,
        s1_0.student_id 
    from
        students s1_0 
    where
        s1_0.student_id=?
Hibernate: 
    select
        s1_0.id,
        s1_0.academic_year,
        s1_0.credits_completed,
        s1_0.email,
        s1_0.gpa,
        s1_0.name,
        s1_0.notif_email,
        s1_0.password,
        s1_0.program,
        s1_0.student_id 
    from
        students s1_0 
    where
        s1_0.student_id=?
Hibernate: 
    select
        s1_0.id,
        s1_0.academic_year,
        s1_0.credits_completed,
        s1_0.email,
        s1_0.gpa,
        s1_0.name,
        s1_0.notif_email,
        s1_0.password,
        s1_0.program,
        s1_0.student_id 
    from
        students s1_0 
    where
        s1_0.student_id=?
Hibernate: 
    select
        as1_0.id,
        as1_0.assessment_type,
        as1_0.course_code,
        as1_0.course_name,
        as1_0.max_score,
        as1_0.notes,
        as1_0.recorded_at,
        as1_0.score,
        as1_0.student_id 
    from
        assessment_scores as1_0 
    where
        as1_0.student_id=? 
    order by
        as1_0.recorded_at desc
Hibernate: 
    select
        spl1_0.student_id,
        spl1_0.activity_description,
        spl1_0.analysis_status,
        spl1_0.bootcamps_score,
        spl1_0.content_score,
        spl1_0.gaps_json,
        spl1_0.github_followers,
        spl1_0.github_languages,
        spl1_0.github_repos,
        spl1_0.github_score,
        spl1_0.github_stars,
        spl1_0.github_summary,
        spl1_0.github_url,
        spl1_0.last_refreshed_at,
        spl1_0.linkedin_data_json,
        spl1_0.linkedin_score,
        spl1_0.linkedin_summary,
        spl1_0.linkedin_url,
        spl1_0.network_score,
        spl1_0.projects_score,
        spl1_0.recommendations_json,
        spl1_0.research_score,
        spl1_0.seminars_score,
        spl1_0.strengths_json,
        spl1_0.technical_score 
    from
        student_profile_links spl1_0 
    where
        spl1_0.student_id=?
Hibernate: 
    select
        ep1_0.id,
        ep1_0.student_email,
        ep1_0.student_id,
        ep1_0.student_name,
        ep1_0.submitted_at,
        ep1_0.teacher_id,
        ep1_0.teacher_name,
        ep1_0.title,
        ep1_0.type 
    from
        exam_papers ep1_0 
    where
        ep1_0.student_id=? 
    order by
        ep1_0.submitted_at desc
Hibernate: 
    select
        i1_0.paper_id,
        i1_0.id,
        i1_0.image_base64,
        i1_0.image_type 
    from
        exam_paper_images i1_0 
    where
        i1_0.paper_id=?
Hibernate: 
    select
        i1_0.paper_id,
        i1_0.id,
        i1_0.image_base64,
        i1_0.image_type 
    from
        exam_paper_images i1_0 
    where
        i1_0.paper_id=?
Hibernate: 
    select
        i1_0.paper_id,
        i1_0.id,
        i1_0.image_base64,
        i1_0.image_type 
    from
        exam_paper_images i1_0 
    where
        i1_0.paper_id=?
Hibernate: 
    select
        i1_0.paper_id,
        i1_0.id,
        i1_0.image_base64,
        i1_0.image_type 
    from
        exam_paper_images i1_0 
    where
        i1_0.paper_id=?
Hibernate: 
    select
        i1_0.paper_id,
        i1_0.id,
        i1_0.image_base64,
        i1_0.image_type 
    from
        exam_paper_images i1_0 
    where
        i1_0.paper_id=?
Hibernate: 
    select
        i1_0.paper_id,
        i1_0.id,
        i1_0.image_base64,
        i1_0.image_type 
    from
        exam_paper_images i1_0 
    where
        i1_0.paper_id=?
Hibernate: 
    select
        i1_0.paper_id,
        i1_0.id,
        i1_0.image_base64,
        i1_0.image_type 
    from
        exam_paper_images i1_0 
    where
        i1_0.paper_id=?
Hibernate: 
    select
        i1_0.paper_id,
        i1_0.id,
        i1_0.image_base64,
        i1_0.image_type 
    from
        exam_paper_images i1_0 
    where
        i1_0.paper_id=?
Hibernate: 
    select
        i1_0.paper_id,
        i1_0.id,
        i1_0.image_base64,
        i1_0.image_type 
    from
        exam_paper_images i1_0 
    where
        i1_0.paper_id=?
Hibernate: 
    select
        i1_0.paper_id,
        i1_0.id,
        i1_0.image_base64,
        i1_0.image_type 
    from
        exam_paper_images i1_0 
    where
        i1_0.paper_id=?
Hibernate: 
    select
        i1_0.paper_id,
        i1_0.id,
        i1_0.image_base64,
        i1_0.image_type 
    from
        exam_paper_images i1_0 
    where
        i1_0.paper_id=?
Hibernate: 
    select
        i1_0.paper_id,
        i1_0.id,
        i1_0.image_base64,
        i1_0.image_type 
    from
        exam_paper_images i1_0 
    where
        i1_0.paper_id=?
Hibernate: 
    select
        i1_0.paper_id,
        i1_0.id,
        i1_0.image_base64,
        i1_0.image_type 
    from
        exam_paper_images i1_0 
    where
        i1_0.paper_id=?
Hibernate: 
    select
        i1_0.paper_id,
        i1_0.id,
        i1_0.image_base64,
        i1_0.image_type 
    from
        exam_paper_images i1_0 
    where
        i1_0.paper_id=?
Hibernate: 
    select
        i1_0.paper_id,
        i1_0.id,
        i1_0.image_base64,
        i1_0.image_type 
    from
        exam_paper_images i1_0 
    where
        i1_0.paper_id=?
Hibernate: 
    select
        i1_0.paper_id,
        i1_0.id,
        i1_0.image_base64,
        i1_0.image_type 
    from
        exam_paper_images i1_0 
    where
        i1_0.paper_id=?
Hibernate: 
    select
        i1_0.paper_id,
        i1_0.id,
        i1_0.image_base64,
        i1_0.image_type 
    from
        exam_paper_images i1_0 
    where
        i1_0.paper_id=?
Hibernate: 
    select
        i1_0.paper_id,
        i1_0.id,
        i1_0.image_base64,
        i1_0.image_type 
    from
        exam_paper_images i1_0 
    where
        i1_0.paper_id=?
Hibernate: 
    select
        i1_0.paper_id,
        i1_0.id,
        i1_0.image_base64,
        i1_0.image_type 
    from
        exam_paper_images i1_0 
    where
        i1_0.paper_id=?
Hibernate: 
    select
        i1_0.paper_id,
        i1_0.id,
        i1_0.image_base64,
        i1_0.image_type 
    from
        exam_paper_images i1_0 
    where
        i1_0.paper_id=?
Hibernate: 
    select
        i1_0.paper_id,
        i1_0.id,
        i1_0.image_base64,
        i1_0.image_type 
    from
        exam_paper_images i1_0 
    where
        i1_0.paper_id=?
Hibernate: 
    select
        i1_0.paper_id,
        i1_0.id,
        i1_0.image_base64,
        i1_0.image_type 
    from
        exam_paper_images i1_0 
    where
        i1_0.paper_id=?
2026-07-11T10:28:22.917+06:00  WARN 17504 --- [eduadvisor2] [nio-8081-exec-1] .w.s.m.s.DefaultHandlerExceptionResolver : Resolved [org.springframework.web.method.annotation.MethodArgumentTypeMismatchException: Method parameter 'id': Failed to convert value of type 'java.lang.String' to required type 'java.lang.Long'; For input string: "img.id"]
2026-07-11T10:28:22.998+06:00  WARN 17504 --- [eduadvisor2] [nio-8081-exec-4] .w.s.m.s.DefaultHandlerExceptionResolver : Resolved [org.springframework.web.method.annotation.MethodArgumentTypeMismatchException: Method parameter 'id': Failed to convert value of type 'java.lang.String' to required type 'java.lang.Long'; For input string: "img.id"]
2026-07-11T10:28:38.565+06:00  WARN 17504 --- [eduadvisor2] [io-8081-exec-10] .w.s.m.s.DefaultHandlerExceptionResolver : Resolved [org.springframework.web.method.annotation.MethodArgumentTypeMismatchException: Method parameter 'id': Failed to convert value of type 'java.lang.String' to required type 'java.lang.Long'; For input string: "img.id"]
2026-07-11T10:28:41.469+06:00  WARN 17504 --- [eduadvisor2] [nio-8081-exec-7] .w.s.m.s.DefaultHandlerExceptionResolver : Resolved [org.springframework.web.method.annotation.MethodArgumentTypeMismatchException: Method parameter 'id': Failed to convert value of type 'java.lang.String' to required type 'java.lang.Long'; For input string: "img.id"]
Hibernate: 
    select
        ep1_0.id,
        ep1_0.student_email,
        ep1_0.student_id,
        ep1_0.student_name,
        ep1_0.submitted_at,
        ep1_0.teacher_id,
        ep1_0.teacher_name,
        ep1_0.title,
        ep1_0.type 
    from
        exam_papers ep1_0 
    where
        ep1_0.student_id=? 
    order by
        ep1_0.submitted_at desc
Hibernate: 
    select
        i1_0.paper_id,
        i1_0.id,
        i1_0.image_base64,
        i1_0.image_type 
    from
        exam_paper_images i1_0 
    where
        i1_0.paper_id=?
Hibernate: 
    select
        i1_0.paper_id,
        i1_0.id,
        i1_0.image_base64,
        i1_0.image_type 
    from
        exam_paper_images i1_0 
    where
        i1_0.paper_id=?
Hibernate: 
    select
        i1_0.paper_id,
        i1_0.id,
        i1_0.image_base64,
        i1_0.image_type 
    from
        exam_paper_images i1_0 
    where
        i1_0.paper_id=?
Hibernate: 
    select
        i1_0.paper_id,
        i1_0.id,
        i1_0.image_base64,
        i1_0.image_type 
    from
        exam_paper_images i1_0 
    where
        i1_0.paper_id=?
Hibernate: 
    select
        i1_0.paper_id,
        i1_0.id,
        i1_0.image_base64,
        i1_0.image_type 
    from
        exam_paper_images i1_0 
    where
        i1_0.paper_id=?
Hibernate: 
    select
        i1_0.paper_id,
        i1_0.id,
        i1_0.image_base64,
        i1_0.image_type 
    from
        exam_paper_images i1_0 
    where
        i1_0.paper_id=?
Hibernate: 
    select
        i1_0.paper_id,
        i1_0.id,
        i1_0.image_base64,
        i1_0.image_type 
    from
        exam_paper_images i1_0 
    where
        i1_0.paper_id=?
Hibernate: 
    select
        i1_0.paper_id,
        i1_0.id,
        i1_0.image_base64,
        i1_0.image_type 
    from
        exam_paper_images i1_0 
    where
        i1_0.paper_id=?
Hibernate: 
    select
        i1_0.paper_id,
        i1_0.id,
        i1_0.image_base64,
        i1_0.image_type 
    from
        exam_paper_images i1_0 
    where
        i1_0.paper_id=?
Hibernate: 
    select
        i1_0.paper_id,
        i1_0.id,
        i1_0.image_base64,
        i1_0.image_type 
    from
        exam_paper_images i1_0 
    where
        i1_0.paper_id=?
Hibernate: 
    select
        i1_0.paper_id,
        i1_0.id,
        i1_0.image_base64,
        i1_0.image_type 
    from
        exam_paper_images i1_0 
    where
        i1_0.paper_id=?
Hibernate: 
    select
        i1_0.paper_id,
        i1_0.id,
        i1_0.image_base64,
        i1_0.image_type 
    from
        exam_paper_images i1_0 
    where
        i1_0.paper_id=?
Hibernate: 
    select
        i1_0.paper_id,
        i1_0.id,
        i1_0.image_base64,
        i1_0.image_type 
    from
        exam_paper_images i1_0 
    where
        i1_0.paper_id=?
Hibernate: 
    select
        i1_0.paper_id,
        i1_0.id,
        i1_0.image_base64,
        i1_0.image_type 
    from
        exam_paper_images i1_0 
    where
        i1_0.paper_id=?
Hibernate: 
    select
        i1_0.paper_id,
        i1_0.id,
        i1_0.image_base64,
        i1_0.image_type 
    from
        exam_paper_images i1_0 
    where
        i1_0.paper_id=?
Hibernate: 
    select
        i1_0.paper_id,
        i1_0.id,
        i1_0.image_base64,
        i1_0.image_type 
    from
        exam_paper_images i1_0 
    where
        i1_0.paper_id=?
Hibernate: 
    select
        i1_0.paper_id,
        i1_0.id,
        i1_0.image_base64,
        i1_0.image_type 
    from
        exam_paper_images i1_0 
    where
        i1_0.paper_id=?
Hibernate: 
    select
        i1_0.paper_id,
        i1_0.id,
        i1_0.image_base64,
        i1_0.image_type 
    from
        exam_paper_images i1_0 
    where
        i1_0.paper_id=?
Hibernate: 
    select
        i1_0.paper_id,
        i1_0.id,
        i1_0.image_base64,
        i1_0.image_type 
    from
        exam_paper_images i1_0 
    where
        i1_0.paper_id=?
Hibernate: 
    select
        i1_0.paper_id,
        i1_0.id,
        i1_0.image_base64,
        i1_0.image_type 
    from
        exam_paper_images i1_0 
    where
        i1_0.paper_id=?
Hibernate: 
    select
        i1_0.paper_id,
        i1_0.id,
        i1_0.image_base64,
        i1_0.image_type 
    from
        exam_paper_images i1_0 
    where
        i1_0.paper_id=?
Hibernate: 
    select
        i1_0.paper_id,
        i1_0.id,
        i1_0.image_base64,
        i1_0.image_type 
    from
        exam_paper_images i1_0 
    where
        i1_0.paper_id=?
2026-07-11T10:28:51.907+06:00  WARN 17504 --- [eduadvisor2] [io-8081-exec-13] .w.s.m.s.DefaultHandlerExceptionResolver : Resolved [org.springframework.web.method.annotation.MethodArgumentTypeMismatchException: Method parameter 'id': Failed to convert value of type 'java.lang.String' to required type 'java.lang.Long'; For input string: "img.id"]
2026-07-11T10:28:51.975+06:00  WARN 17504 --- [eduadvisor2] [nio-8081-exec-2] .w.s.m.s.DefaultHandlerExceptionResolver : Resolved [org.springframework.web.method.annotation.MethodArgumentTypeMismatchException: Method parameter 'id': Failed to convert value of type 'java.lang.String' to required type 'java.lang.Long'; For input string: "img.id"]
2026-07-11T10:28:52.024+06:00  WARN 17504 --- [eduadvisor2] [nio-8081-exec-3] .w.s.m.s.DefaultHandlerExceptionResolver : Resolved [org.springframework.web.method.annotation.MethodArgumentTypeMismatchException: Method parameter 'id': Failed to convert value of type 'java.lang.String' to required type 'java.lang.Long'; For input string: "img.id"]
Hibernate: 
    select
        t1_0.id,
        t1_0.coordinator,
        t1_0.department,
        t1_0.designation,
        t1_0.email,
        t1_0.name,
        t1_0.password,
        t1_0.photo,
        t1_0.photo_type,
        t1_0.teacher_id 
    from
        teachers t1_0 
    where
        t1_0.teacher_id=?
Hibernate: 
    select
        t1_0.id,
        t1_0.coordinator,
        t1_0.department,
        t1_0.designation,
        t1_0.email,
        t1_0.name,
        t1_0.password,
        t1_0.photo,
        t1_0.photo_type,
        t1_0.teacher_id 
    from
        teachers t1_0 
    where
        t1_0.teacher_id=?
Hibernate: 
    select
        c1_0.code,
        c1_0.batch_group,
        c1_0.category,
        c1_0.color,
        c1_0.credit_type,
        c1_0.credits,
        c1_0.days,
        c1_0.end_time,
        c1_0.instructor,
        c1_0.name,
        c1_0.room,
        c1_0.start_time,
        c1_0.teacher_id 
    from
        courses c1_0 
    where
        c1_0.instructor=?
Hibernate: 
    select
        e1_0.id,
        e1_0.course_id,
        e1_0.enrolled_at,
        e1_0.student_id 
    from
        enrollments e1_0 
    where
        e1_0.course_id=?
Hibernate: 
    select
        e1_0.id,
        e1_0.course_id,
        e1_0.enrolled_at,
        e1_0.student_id 
    from
        enrollments e1_0 
    where
        e1_0.course_id=?
Hibernate: 
    select
        e1_0.id,
        e1_0.course_id,
        e1_0.enrolled_at,
        e1_0.student_id 
    from
        enrollments e1_0 
    where
        e1_0.course_id=?
Hibernate: 
    select
        c1_0.code,
        c1_0.batch_group,
        c1_0.category,
        c1_0.color,
        c1_0.credit_type,
        c1_0.credits,
        c1_0.days,
        c1_0.end_time,
        c1_0.instructor,
        c1_0.name,
        c1_0.room,
        c1_0.start_time,
        c1_0.teacher_id 
    from
        courses c1_0 
    where
        c1_0.code=?
Hibernate: 
    select
        s1_0.id,
        s1_0.academic_year,
        s1_0.credits_completed,
        s1_0.email,
        s1_0.gpa,
        s1_0.name,
        s1_0.notif_email,
        s1_0.password,
        s1_0.program,
        s1_0.student_id 
    from
        students s1_0 
    where
        s1_0.student_id=?
Hibernate: 
    select
        s1_0.id,
        s1_0.academic_year,
        s1_0.credits_completed,
        s1_0.email,
        s1_0.gpa,
        s1_0.name,
        s1_0.notif_email,
        s1_0.password,
        s1_0.program,
        s1_0.student_id 
    from
        students s1_0 
    where
        s1_0.student_id=?
Hibernate: 
    select
        s1_0.id,
        s1_0.academic_year,
        s1_0.credits_completed,
        s1_0.email,
        s1_0.gpa,
        s1_0.name,
        s1_0.notif_email,
        s1_0.password,
        s1_0.program,
        s1_0.student_id 
    from
        students s1_0 
    where
        s1_0.student_id=?
Hibernate: 
    select
        s1_0.id,
        s1_0.academic_year,
        s1_0.credits_completed,
        s1_0.email,
        s1_0.gpa,
        s1_0.name,
        s1_0.notif_email,
        s1_0.password,
        s1_0.program,
        s1_0.student_id 
    from
        students s1_0 
    where
        s1_0.student_id=?
Hibernate: 
    select
        s1_0.id,
        s1_0.academic_year,
        s1_0.credits_completed,
        s1_0.email,
        s1_0.gpa,
        s1_0.name,
        s1_0.notif_email,
        s1_0.password,
        s1_0.program,
        s1_0.student_id 
    from
        students s1_0 
    where
        s1_0.student_id=?
Hibernate: 
    select
        s1_0.id,
        s1_0.academic_year,
        s1_0.credits_completed,
        s1_0.email,
        s1_0.gpa,
        s1_0.name,
        s1_0.notif_email,
        s1_0.password,
        s1_0.program,
        s1_0.student_id 
    from
        students s1_0 
    where
        s1_0.student_id=?
Hibernate: 
    select
        s1_0.id,
        s1_0.academic_year,
        s1_0.credits_completed,
        s1_0.email,
        s1_0.gpa,
        s1_0.name,
        s1_0.notif_email,
        s1_0.password,
        s1_0.program,
        s1_0.student_id 
    from
        students s1_0 
    where
        s1_0.student_id=?
Hibernate: 
    select
        s1_0.id,
        s1_0.academic_year,
        s1_0.credits_completed,
        s1_0.email,
        s1_0.gpa,
        s1_0.name,
        s1_0.notif_email,
        s1_0.password,
        s1_0.program,
        s1_0.student_id 
    from
        students s1_0 
    where
        s1_0.student_id=?
Hibernate: 
    select
        s1_0.id,
        s1_0.academic_year,
        s1_0.credits_completed,
        s1_0.email,
        s1_0.gpa,
        s1_0.name,
        s1_0.notif_email,
        s1_0.password,
        s1_0.program,
        s1_0.student_id 
    from
        students s1_0 
    where
        s1_0.student_id=?
Hibernate: 
    select
        s1_0.id,
        s1_0.academic_year,
        s1_0.credits_completed,
        s1_0.email,
        s1_0.gpa,
        s1_0.name,
        s1_0.notif_email,
        s1_0.password,
        s1_0.program,
        s1_0.student_id 
    from
        students s1_0 
    where
        s1_0.student_id=?
Hibernate: 
    select
        b1_0.id,
        b1_0.booked_at,
        b1_0.reason,
        b1_0.slot,
        b1_0.student_id,
        b1_0.teacher_name 
    from
        bookings b1_0 
    where
        b1_0.teacher_name=? 
    order by
        b1_0.booked_at desc
Hibernate: 
    select
        t1_0.id,
        t1_0.coordinator,
        t1_0.department,
        t1_0.designation,
        t1_0.email,
        t1_0.name,
        t1_0.password,
        t1_0.photo,
        t1_0.photo_type,
        t1_0.teacher_id 
    from
        teachers t1_0 
    where
        t1_0.teacher_id=?
Hibernate: 
    select
        c1_0.code,
        c1_0.batch_group,
        c1_0.category,
        c1_0.color,
        c1_0.credit_type,
        c1_0.credits,
        c1_0.days,
        c1_0.end_time,
        c1_0.instructor,
        c1_0.name,
        c1_0.room,
        c1_0.start_time,
        c1_0.teacher_id 
    from
        courses c1_0 
    where
        c1_0.instructor=?
Hibernate: 
    select
        e1_0.id,
        e1_0.course_id,
        e1_0.enrolled_at,
        e1_0.student_id 
    from
        enrollments e1_0 
    where
        e1_0.course_id=?
Hibernate: 
    select
        e1_0.id,
        e1_0.course_id,
        e1_0.enrolled_at,
        e1_0.student_id 
    from
        enrollments e1_0 
    where
        e1_0.course_id=?
Hibernate: 
    select
        e1_0.id,
        e1_0.course_id,
        e1_0.enrolled_at,
        e1_0.student_id 
    from
        enrollments e1_0 
    where
        e1_0.course_id=?
Hibernate: 
    select
        c1_0.code,
        c1_0.batch_group,
        c1_0.category,
        c1_0.color,
        c1_0.credit_type,
        c1_0.credits,
        c1_0.days,
        c1_0.end_time,
        c1_0.instructor,
        c1_0.name,
        c1_0.room,
        c1_0.start_time,
        c1_0.teacher_id 
    from
        courses c1_0 
    where
        c1_0.code=?
Hibernate: 
    select
        as1_0.id,
        as1_0.assessment_type,
        as1_0.course_code,
        as1_0.course_name,
        as1_0.max_score,
        as1_0.notes,
        as1_0.recorded_at,
        as1_0.score,
        as1_0.student_id 
    from
        assessment_scores as1_0 
    where
        as1_0.student_id in (?, ?, ?, ?, ?, ?, ?, ?, ?, ?)
Hibernate: 
    select
        c1_0.code,
        c1_0.batch_group,
        c1_0.category,
        c1_0.color,
        c1_0.credit_type,
        c1_0.credits,
        c1_0.days,
        c1_0.end_time,
        c1_0.instructor,
        c1_0.name,
        c1_0.room,
        c1_0.start_time,
        c1_0.teacher_id 
    from
        courses c1_0 
    where
        c1_0.instructor=?
Hibernate: 
    select
        e1_0.id,
        e1_0.course_id,
        e1_0.enrolled_at,
        e1_0.student_id 
    from
        enrollments e1_0 
    where
        e1_0.course_id=?
Hibernate: 
    select
        e1_0.id,
        e1_0.course_id,
        e1_0.enrolled_at,
        e1_0.student_id 
    from
        enrollments e1_0 
    where
        e1_0.course_id=?
Hibernate: 
    select
        e1_0.id,
        e1_0.course_id,
        e1_0.enrolled_at,
        e1_0.student_id 
    from
        enrollments e1_0 
    where
        e1_0.course_id=?
Hibernate: 
    select
        c1_0.code,
        c1_0.batch_group,
        c1_0.category,
        c1_0.color,
        c1_0.credit_type,
        c1_0.credits,
        c1_0.days,
        c1_0.end_time,
        c1_0.instructor,
        c1_0.name,
        c1_0.room,
        c1_0.start_time,
        c1_0.teacher_id 
    from
        courses c1_0 
    where
        c1_0.code=?
Hibernate: 
    select
        s1_0.id,
        s1_0.academic_year,
        s1_0.credits_completed,
        s1_0.email,
        s1_0.gpa,
        s1_0.name,
        s1_0.notif_email,
        s1_0.password,
        s1_0.program,
        s1_0.student_id 
    from
        students s1_0 
    where
        s1_0.student_id=?
Hibernate: 
    select
        s1_0.id,
        s1_0.academic_year,
        s1_0.credits_completed,
        s1_0.email,
        s1_0.gpa,
        s1_0.name,
        s1_0.notif_email,
        s1_0.password,
        s1_0.program,
        s1_0.student_id 
    from
        students s1_0 
    where
        s1_0.student_id=?
Hibernate: 
    select
        s1_0.id,
        s1_0.academic_year,
        s1_0.credits_completed,
        s1_0.email,
        s1_0.gpa,
        s1_0.name,
        s1_0.notif_email,
        s1_0.password,
        s1_0.program,
        s1_0.student_id 
    from
        students s1_0 
    where
        s1_0.student_id=?
Hibernate: 
    select
        s1_0.id,
        s1_0.academic_year,
        s1_0.credits_completed,
        s1_0.email,
        s1_0.gpa,
        s1_0.name,
        s1_0.notif_email,
        s1_0.password,
        s1_0.program,
        s1_0.student_id 
    from
        students s1_0 
    where
        s1_0.student_id=?
Hibernate: 
    select
        s1_0.id,
        s1_0.academic_year,
        s1_0.credits_completed,
        s1_0.email,
        s1_0.gpa,
        s1_0.name,
        s1_0.notif_email,
        s1_0.password,
        s1_0.program,
        s1_0.student_id 
    from
        students s1_0 
    where
        s1_0.student_id=?
Hibernate: 
    select
        s1_0.id,
        s1_0.academic_year,
        s1_0.credits_completed,
        s1_0.email,
        s1_0.gpa,
        s1_0.name,
        s1_0.notif_email,
        s1_0.password,
        s1_0.program,
        s1_0.student_id 
    from
        students s1_0 
    where
        s1_0.student_id=?
Hibernate: 
    select
        s1_0.id,
        s1_0.academic_year,
        s1_0.credits_completed,
        s1_0.email,
        s1_0.gpa,
        s1_0.name,
        s1_0.notif_email,
        s1_0.password,
        s1_0.program,
        s1_0.student_id 
    from
        students s1_0 
    where
        s1_0.student_id=?
Hibernate: 
    select
        s1_0.id,
        s1_0.academic_year,
        s1_0.credits_completed,
        s1_0.email,
        s1_0.gpa,
        s1_0.name,
        s1_0.notif_email,
        s1_0.password,
        s1_0.program,
        s1_0.student_id 
    from
        students s1_0 
    where
        s1_0.student_id=?
Hibernate: 
    select
        s1_0.id,
        s1_0.academic_year,
        s1_0.credits_completed,
        s1_0.email,
        s1_0.gpa,
        s1_0.name,
        s1_0.notif_email,
        s1_0.password,
        s1_0.program,
        s1_0.student_id 
    from
        students s1_0 
    where
        s1_0.student_id=?
Hibernate: 
    select
        s1_0.id,
        s1_0.academic_year,
        s1_0.credits_completed,
        s1_0.email,
        s1_0.gpa,
        s1_0.name,
        s1_0.notif_email,
        s1_0.password,
        s1_0.program,
        s1_0.student_id 
    from
        students s1_0 
    where
        s1_0.student_id=?
Hibernate: 
    select
        ep1_0.id,
        ep1_0.student_email,
        ep1_0.student_id,
        ep1_0.student_name,
        ep1_0.submitted_at,
        ep1_0.teacher_id,
        ep1_0.teacher_name,
        ep1_0.title,
        ep1_0.type 
    from
        exam_papers ep1_0 
    where
        ep1_0.teacher_id=? 
    order by
        ep1_0.submitted_at desc
Hibernate: 
    select
        i1_0.paper_id,
        i1_0.id,
        i1_0.image_base64,
        i1_0.image_type 
    from
        exam_paper_images i1_0 
    where
        i1_0.paper_id=?
Hibernate: 
    select
        i1_0.paper_id,
        i1_0.id,
        i1_0.image_base64,
        i1_0.image_type 
    from
        exam_paper_images i1_0 
    where
        i1_0.paper_id=?
Hibernate: 
    select
        i1_0.paper_id,
        i1_0.id,
        i1_0.image_base64,
        i1_0.image_type 
    from
        exam_paper_images i1_0 
    where
        i1_0.paper_id=?
Hibernate: 
    select
        i1_0.paper_id,
        i1_0.id,
        i1_0.image_base64,
        i1_0.image_type 
    from
        exam_paper_images i1_0 
    where
        i1_0.paper_id=?
Hibernate: 
    select
        i1_0.paper_id,
        i1_0.id,
        i1_0.image_base64,
        i1_0.image_type 
    from
        exam_paper_images i1_0 
    where
        i1_0.paper_id=?
Hibernate: 
    select
        i1_0.paper_id,
        i1_0.id,
        i1_0.image_base64,
        i1_0.image_type 
    from
        exam_paper_images i1_0 
    where
        i1_0.paper_id=?
Hibernate: 
    select
        i1_0.paper_id,
        i1_0.id,
        i1_0.image_base64,
        i1_0.image_type 
    from
        exam_paper_images i1_0 
    where
        i1_0.paper_id=?
Hibernate: 
    select
        i1_0.paper_id,
        i1_0.id,
        i1_0.image_base64,
        i1_0.image_type 
    from
        exam_paper_images i1_0 
    where
        i1_0.paper_id=?
Hibernate: 
    select
        i1_0.paper_id,
        i1_0.id,
        i1_0.image_base64,
        i1_0.image_type 
    from
        exam_paper_images i1_0 
    where
        i1_0.paper_id=?
Hibernate: 
    select
        i1_0.paper_id,
        i1_0.id,
        i1_0.image_base64,
        i1_0.image_type 
    from
        exam_paper_images i1_0 
    where
        i1_0.paper_id=?
Hibernate: 
    select
        i1_0.paper_id,
        i1_0.id,
        i1_0.image_base64,
        i1_0.image_type 
    from
        exam_paper_images i1_0 
    where
        i1_0.paper_id=?
Hibernate: 
    select
        i1_0.paper_id,
        i1_0.id,
        i1_0.image_base64,
        i1_0.image_type 
    from
        exam_paper_images i1_0 
    where
        i1_0.paper_id=?
Hibernate: 
    select
        i1_0.paper_id,
        i1_0.id,
        i1_0.image_base64,
        i1_0.image_type 
    from
        exam_paper_images i1_0 
    where
        i1_0.paper_id=?
Hibernate: 
    select
        i1_0.paper_id,
        i1_0.id,
        i1_0.image_base64,
        i1_0.image_type 
    from
        exam_paper_images i1_0 
    where
        i1_0.paper_id=?
Hibernate: 
    select
        i1_0.paper_id,
        i1_0.id,
        i1_0.image_base64,
        i1_0.image_type 
    from
        exam_paper_images i1_0 
    where
        i1_0.paper_id=?
Hibernate: 
    select
        i1_0.paper_id,
        i1_0.id,
        i1_0.image_base64,
        i1_0.image_type 
    from
        exam_paper_images i1_0 
    where
        i1_0.paper_id=?
Hibernate: 
    select
        i1_0.paper_id,
        i1_0.id,
        i1_0.image_base64,
        i1_0.image_type 
    from
        exam_paper_images i1_0 
    where
        i1_0.paper_id=?
Hibernate: 
    select
        i1_0.paper_id,
        i1_0.id,
        i1_0.image_base64,
        i1_0.image_type 
    from
        exam_paper_images i1_0 
    where
        i1_0.paper_id=?
Hibernate: 
    select
        i1_0.paper_id,
        i1_0.id,
        i1_0.image_base64,
        i1_0.image_type 
    from
        exam_paper_images i1_0 
    where
        i1_0.paper_id=?
Hibernate: 
    select
        i1_0.paper_id,
        i1_0.id,
        i1_0.image_base64,
        i1_0.image_type 
    from
        exam_paper_images i1_0 
    where
        i1_0.paper_id=?
Hibernate: 
    select
        i1_0.paper_id,
        i1_0.id,
        i1_0.image_base64,
        i1_0.image_type 
    from
        exam_paper_images i1_0 
    where
        i1_0.paper_id=?
Hibernate: 
    select
        i1_0.paper_id,
        i1_0.id,
        i1_0.image_base64,
        i1_0.image_type 
    from
        exam_paper_images i1_0 
    where
        i1_0.paper_id=?
2026-07-11T10:29:07.380+06:00  WARN 17504 --- [eduadvisor2] [nio-8081-exec-7] .w.s.m.s.DefaultHandlerExceptionResolver : Resolved [org.springframework.web.method.annotation.MethodArgumentTypeMismatchException: Method parameter 'id': Failed to convert value of type 'java.lang.String' to required type 'java.lang.Long'; For input string: "img.id"]
2026-07-11T10:29:07.426+06:00  WARN 17504 --- [eduadvisor2] [io-8081-exec-13] .w.s.m.s.DefaultHandlerExceptionResolver : Resolved [org.springframework.web.method.annotation.MethodArgumentTypeMismatchException: Method parameter 'id': Failed to convert value of type 'java.lang.String' to required type 'java.lang.Long'; For input string: "img.id"]
