[INFO] Scanning for projects...
[INFO] 
[INFO] ----------------------< com.example:eduadvisor2 >-----------------------
[INFO] Building eduadvisor2 0.0.1-SNAPSHOT
[INFO]   from pom.xml
[INFO] --------------------------------[ jar ]---------------------------------
[INFO] 
[INFO] >>> spring-boot:4.0.6:run (default-cli) > test-compile @ eduadvisor2 >>>
[INFO] 
[INFO] --- resources:3.3.1:resources (default-resources) @ eduadvisor2 ---
[INFO] Copying 1 resource from src\main\resources to target\classes
[INFO] Copying 25 resources from src\main\resources to target\classes
[INFO] 
[INFO] --- compiler:3.14.1:compile (default-compile) @ eduadvisor2 ---
[INFO] Nothing to compile - all classes are up to date.
[INFO] 
[INFO] --- resources:3.3.1:testResources (default-testResources) @ eduadvisor2 ---
[INFO] skip non existing resourceDirectory D:\OOp_EduAdvisor\eduadvisor2\src\test\resources
[INFO] 
[INFO] --- compiler:3.14.1:testCompile (default-testCompile) @ eduadvisor2 ---
[INFO] Recompiling the module because of changed source code.
[INFO] Compiling 1 source file with javac [debug parameters release 25] to target\test-classes
[INFO] 
[INFO] <<< spring-boot:4.0.6:run (default-cli) < test-compile @ eduadvisor2 <<<
[INFO] 
[INFO] 
[INFO] --- spring-boot:4.0.6:run (default-cli) @ eduadvisor2 ---
[INFO] Attaching agents: []

  .   ____          _            __ _ _
 /\\ / ___'_ __ _ _(_)_ __  __ _ \ \ \ \
( ( )\___ | '_ | '_| | '_ \/ _` | \ \ \ \
 \\/  ___)| |_)| | | | | || (_| |  ) ) ) )
  '  |____| .__|_| |_|_| |_\__, | / / / /
 =========|_|==============|___/=/_/_/_/

 :: Spring Boot ::                (v4.0.6)

2026-07-01T19:26:49.541+06:00  INFO 15424 --- [eduadvisor2] [  restartedMain] c.e.eduadvisor2.Eduadvisor2Application   : Starting Eduadvisor2Application using Java 25.0.2 with PID 15424 (D:\OOp_EduAdvisor\eduadvisor2\target\classes started by Windows in D:\OOp_EduAdvisor\eduadvisor2)
2026-07-01T19:26:49.544+06:00  INFO 15424 --- [eduadvisor2] [  restartedMain] c.e.eduadvisor2.Eduadvisor2Application   : No active profile set, falling back to 1 default profile: "default"
2026-07-01T19:26:49.600+06:00  INFO 15424 --- [eduadvisor2] [  restartedMain] .e.DevToolsPropertyDefaultsPostProcessor : Devtools property defaults active! Set 'spring.devtools.add-properties' to 'false' to disable
2026-07-01T19:26:49.601+06:00  INFO 15424 --- [eduadvisor2] [  restartedMain] .e.DevToolsPropertyDefaultsPostProcessor : For additional web related logging consider setting the 'logging.level.web' property to 'DEBUG'
2026-07-01T19:26:50.478+06:00  INFO 15424 --- [eduadvisor2] [  restartedMain] .s.d.r.c.RepositoryConfigurationDelegate : Bootstrapping Spring Data JPA repositories in DEFAULT mode.
2026-07-01T19:26:50.573+06:00  INFO 15424 --- [eduadvisor2] [  restartedMain] .s.d.r.c.RepositoryConfigurationDelegate : Finished Spring Data repository scanning in 81 ms. Found 13 JPA repository interfaces.
2026-07-01T19:26:51.145+06:00  INFO 15424 --- [eduadvisor2] [  restartedMain] o.s.boot.tomcat.TomcatWebServer          : Tomcat initialized with port 8081 (http)
2026-07-01T19:26:51.168+06:00  INFO 15424 --- [eduadvisor2] [  restartedMain] o.apache.catalina.core.StandardService   : Starting service [Tomcat]
2026-07-01T19:26:51.169+06:00  INFO 15424 --- [eduadvisor2] [  restartedMain] o.apache.catalina.core.StandardEngine    : Starting Servlet engine: [Apache Tomcat/11.0.21]
2026-07-01T19:26:51.205+06:00  INFO 15424 --- [eduadvisor2] [  restartedMain] b.w.c.s.WebApplicationContextInitializer : Root WebApplicationContext: initialization completed in 1602 ms
2026-07-01T19:26:51.499+06:00  INFO 15424 --- [eduadvisor2] [  restartedMain] org.hibernate.orm.jpa                    : HHH008540: Processing PersistenceUnitInfo [name: default]
2026-07-01T19:26:51.567+06:00  INFO 15424 --- [eduadvisor2] [  restartedMain] org.hibernate.orm.core                   : HHH000001: Hibernate ORM core version 7.2.12.Final
2026-07-01T19:26:52.001+06:00  INFO 15424 --- [eduadvisor2] [  restartedMain] o.s.o.j.p.SpringPersistenceUnitInfo      : No LoadTimeWeaver setup: ignoring JPA class transformer
2026-07-01T19:26:52.030+06:00  INFO 15424 --- [eduadvisor2] [  restartedMain] com.zaxxer.hikari.HikariDataSource       : HikariPool-1 - Starting...
2026-07-01T19:26:52.256+06:00  INFO 15424 --- [eduadvisor2] [  restartedMain] com.zaxxer.hikari.pool.HikariPool        : HikariPool-1 - Added connection conn0: url=jdbc:h2:file:./data/studentadvicedb user=SA
2026-07-01T19:26:52.258+06:00  INFO 15424 --- [eduadvisor2] [  restartedMain] com.zaxxer.hikari.HikariDataSource       : HikariPool-1 - Start completed.
2026-07-01T19:26:52.315+06:00  INFO 15424 --- [eduadvisor2] [  restartedMain] org.hibernate.orm.connections.pooling    : HHH10001005: Database info:
	Database JDBC URL [jdbc:h2:file:./data/studentadvicedb]
	Database driver: H2 JDBC Driver
	Database dialect: H2Dialect
	Database version: 2.4.240
	Default catalog/schema: STUDENTADVICEDB/PUBLIC
	Autocommit mode: undefined/unknown
	Isolation level: READ_COMMITTED [default READ_COMMITTED]
	JDBC fetch size: 100
	Pool: DataSourceConnectionProvider
	Minimum pool size: undefined/unknown
	Maximum pool size: undefined/unknown
2026-07-01T19:26:53.384+06:00  INFO 15424 --- [eduadvisor2] [  restartedMain] org.hibernate.orm.core                   : HHH000489: No JTA platform available (set 'hibernate.transaction.jta.platform' to enable JTA platform integration)
Hibernate: 
    alter table if exists discussions 
       alter column answer set data type TEXT
Hibernate: 
    alter table if exists discussions 
       alter column answer_image_base64 set data type TEXT
Hibernate: 
    alter table if exists discussions 
       alter column question set data type TEXT
Hibernate: 
    alter table if exists discussions 
       alter column question_image_base64 set data type TEXT
Hibernate: 
    alter table if exists exam_paper_images 
       alter column image_base64 set data type TEXT
Hibernate: 
    alter table if exists lost_found_reports 
       alter column coordinator_note set data type TEXT
Hibernate: 
    alter table if exists lost_found_reports 
       alter column description set data type TEXT
Hibernate: 
    alter table if exists lost_found_reports 
       alter column image_base64 set data type TEXT
Hibernate: 
    alter table if exists schedule_events 
       add column notified boolean not null
2026-07-01T19:26:53.452+06:00  WARN 15424 --- [eduadvisor2] [  restartedMain] o.h.t.s.i.ExceptionHandlerLoggedImpl     : GenerationTarget encountered exception accepting command : Error executing DDL "
    alter table if exists schedule_events 
       add column notified boolean not null" via JDBC [NULL not allowed for column "NOTIFIED";]

org.hibernate.tool.schema.spi.CommandAcceptanceException: Error executing DDL "
    alter table if exists schedule_events 
       add column notified boolean not null" via JDBC [NULL not allowed for column "NOTIFIED";]
	at org.hibernate.tool.schema.internal.exec.GenerationTargetToDatabase.accept(GenerationTargetToDatabase.java:81) ~[hibernate-core-7.2.12.Final.jar:7.2.12.Final]
	at org.hibernate.tool.schema.internal.AbstractSchemaMigrator.applySqlString(AbstractSchemaMigrator.java:566) ~[hibernate-core-7.2.12.Final.jar:7.2.12.Final]
	at org.hibernate.tool.schema.internal.AbstractSchemaMigrator.applySqlStrings(AbstractSchemaMigrator.java:506) ~[hibernate-core-7.2.12.Final.jar:7.2.12.Final]
	at org.hibernate.tool.schema.internal.AbstractSchemaMigrator.migrateTable(AbstractSchemaMigrator.java:324) ~[hibernate-core-7.2.12.Final.jar:7.2.12.Final]
	at org.hibernate.tool.schema.internal.GroupedSchemaMigratorImpl.performTablesMigration(GroupedSchemaMigratorImpl.java:84) ~[hibernate-core-7.2.12.Final.jar:7.2.12.Final]
	at org.hibernate.tool.schema.internal.AbstractSchemaMigrator.performMigration(AbstractSchemaMigrator.java:220) ~[hibernate-core-7.2.12.Final.jar:7.2.12.Final]
	at org.hibernate.tool.schema.internal.AbstractSchemaMigrator.doMigration(AbstractSchemaMigrator.java:96) ~[hibernate-core-7.2.12.Final.jar:7.2.12.Final]
	at org.hibernate.tool.schema.spi.SchemaManagementToolCoordinator.performDatabaseAction(SchemaManagementToolCoordinator.java:269) ~[hibernate-core-7.2.12.Final.jar:7.2.12.Final]
	at org.hibernate.tool.schema.spi.SchemaManagementToolCoordinator.lambda$process$1(SchemaManagementToolCoordinator.java:101) ~[hibernate-core-7.2.12.Final.jar:7.2.12.Final]
	at java.base/java.util.HashMap.forEach(HashMap.java:1430) ~[na:na]
	at org.hibernate.tool.schema.spi.SchemaManagementToolCoordinator.process(SchemaManagementToolCoordinator.java:100) ~[hibernate-core-7.2.12.Final.jar:7.2.12.Final]
	at org.hibernate.boot.internal.SessionFactoryObserverForSchemaExport.sessionFactoryCreated(SessionFactoryObserverForSchemaExport.java:35) ~[hibernate-core-7.2.12.Final.jar:7.2.12.Final]
	at org.hibernate.internal.SessionFactoryObserverChain.sessionFactoryCreated(SessionFactoryObserverChain.java:33) ~[hibernate-core-7.2.12.Final.jar:7.2.12.Final]
	at org.hibernate.internal.SessionFactoryImpl.<init>(SessionFactoryImpl.java:323) ~[hibernate-core-7.2.12.Final.jar:7.2.12.Final]
	at org.hibernate.internal.SessionFactoryRegistry.instantiateSessionFactory(SessionFactoryRegistry.java:64) ~[hibernate-core-7.2.12.Final.jar:7.2.12.Final]
	at org.hibernate.boot.internal.SessionFactoryBuilderImpl.build(SessionFactoryBuilderImpl.java:437) ~[hibernate-core-7.2.12.Final.jar:7.2.12.Final]
	at org.hibernate.jpa.boot.internal.EntityManagerFactoryBuilderImpl.build(EntityManagerFactoryBuilderImpl.java:1456) ~[hibernate-core-7.2.12.Final.jar:7.2.12.Final]
	at org.springframework.orm.jpa.vendor.SpringHibernateJpaPersistenceProvider.createContainerEntityManagerFactory(SpringHibernateJpaPersistenceProvider.java:93) ~[spring-orm-7.0.7.jar:7.0.7]
	at org.springframework.orm.jpa.LocalContainerEntityManagerFactoryBean.createNativeEntityManagerFactory(LocalContainerEntityManagerFactoryBean.java:443) ~[spring-orm-7.0.7.jar:7.0.7]
	at org.springframework.orm.jpa.AbstractEntityManagerFactoryBean.buildNativeEntityManagerFactory(AbstractEntityManagerFactoryBean.java:436) ~[spring-orm-7.0.7.jar:7.0.7]
	at org.springframework.orm.jpa.AbstractEntityManagerFactoryBean.afterPropertiesSet(AbstractEntityManagerFactoryBean.java:411) ~[spring-orm-7.0.7.jar:7.0.7]
	at org.springframework.orm.jpa.LocalContainerEntityManagerFactoryBean.afterPropertiesSet(LocalContainerEntityManagerFactoryBean.java:419) ~[spring-orm-7.0.7.jar:7.0.7]
	at org.springframework.beans.factory.support.AbstractAutowireCapableBeanFactory.invokeInitMethods(AbstractAutowireCapableBeanFactory.java:1864) ~[spring-beans-7.0.7.jar:7.0.7]
	at org.springframework.beans.factory.support.AbstractAutowireCapableBeanFactory.initializeBean(AbstractAutowireCapableBeanFactory.java:1813) ~[spring-beans-7.0.7.jar:7.0.7]
	at org.springframework.beans.factory.support.AbstractAutowireCapableBeanFactory.doCreateBean(AbstractAutowireCapableBeanFactory.java:603) ~[spring-beans-7.0.7.jar:7.0.7]
	at org.springframework.beans.factory.support.AbstractAutowireCapableBeanFactory.createBean(AbstractAutowireCapableBeanFactory.java:525) ~[spring-beans-7.0.7.jar:7.0.7]
	at org.springframework.beans.factory.support.AbstractBeanFactory.lambda$doGetBean$0(AbstractBeanFactory.java:333) ~[spring-beans-7.0.7.jar:7.0.7]
	at org.springframework.beans.factory.support.DefaultSingletonBeanRegistry.getSingleton(DefaultSingletonBeanRegistry.java:371) ~[spring-beans-7.0.7.jar:7.0.7]
	at org.springframework.beans.factory.support.AbstractBeanFactory.doGetBean(AbstractBeanFactory.java:331) ~[spring-beans-7.0.7.jar:7.0.7]
	at org.springframework.beans.factory.support.AbstractBeanFactory.getBean(AbstractBeanFactory.java:201) ~[spring-beans-7.0.7.jar:7.0.7]
	at org.springframework.context.support.AbstractApplicationContext.finishBeanFactoryInitialization(AbstractApplicationContext.java:977) ~[spring-context-7.0.7.jar:7.0.7]
	at org.springframework.context.support.AbstractApplicationContext.refresh(AbstractApplicationContext.java:621) ~[spring-context-7.0.7.jar:7.0.7]
	at org.springframework.boot.web.server.servlet.context.ServletWebServerApplicationContext.refresh(ServletWebServerApplicationContext.java:143) ~[spring-boot-web-server-4.0.6.jar:4.0.6]
	at org.springframework.boot.SpringApplication.refresh(SpringApplication.java:756) ~[spring-boot-4.0.6.jar:4.0.6]
	at org.springframework.boot.SpringApplication.refreshContext(SpringApplication.java:445) ~[spring-boot-4.0.6.jar:4.0.6]
	at org.springframework.boot.SpringApplication.run(SpringApplication.java:321) ~[spring-boot-4.0.6.jar:4.0.6]
	at org.springframework.boot.SpringApplication.run(SpringApplication.java:1365) ~[spring-boot-4.0.6.jar:4.0.6]
	at org.springframework.boot.SpringApplication.run(SpringApplication.java:1354) ~[spring-boot-4.0.6.jar:4.0.6]
	at com.example.eduadvisor2.Eduadvisor2Application.main(Eduadvisor2Application.java:12) ~[classes/:na]
	at java.base/jdk.internal.reflect.DirectMethodHandleAccessor.invoke(DirectMethodHandleAccessor.java:104) ~[na:na]
	at java.base/java.lang.reflect.Method.invoke(Method.java:565) ~[na:na]
	at org.springframework.boot.devtools.restart.RestartLauncher.run(RestartLauncher.java:52) ~[spring-boot-devtools-4.0.6.jar:4.0.6]
Caused by: org.h2.jdbc.JdbcSQLIntegrityConstraintViolationException: NULL not allowed for column "NOTIFIED"; SQL statement:
INSERT INTO "PUBLIC"."SCHEDULE_EVENTS_COPY_3_0"("ID", "CREATED_AT", "DATE", "STUDENT_ID", "TIME", "TITLE", "TYPE") OVERRIDING SYSTEM VALUE SELECT "ID", "CREATED_AT", "DATE", "STUDENT_ID", "TIME", "TITLE", "TYPE" FROM "PUBLIC"."SCHEDULE_EVENTS" [23502-240]
	at org.h2.message.DbException.getJdbcSQLException(DbException.java:520) ~[h2-2.4.240.jar:2.4.240]
	at org.h2.message.DbException.getJdbcSQLException(DbException.java:489) ~[h2-2.4.240.jar:2.4.240]
	at org.h2.message.DbException.get(DbException.java:223) ~[h2-2.4.240.jar:2.4.240]
	at org.h2.message.DbException.get(DbException.java:199) ~[h2-2.4.240.jar:2.4.240]
	at org.h2.table.Column.validateConvertUpdateSequence(Column.java:406) ~[h2-2.4.240.jar:2.4.240]
	at org.h2.table.Table.convertInsertRow(Table.java:948) ~[h2-2.4.240.jar:2.4.240]
	at org.h2.command.dml.Insert.addRow(Insert.java:229) ~[h2-2.4.240.jar:2.4.240]
	at org.h2.command.dml.Insert.insertRows(Insert.java:203) ~[h2-2.4.240.jar:2.4.240]
	at org.h2.command.dml.Insert.update(Insert.java:135) ~[h2-2.4.240.jar:2.4.240]
	at org.h2.command.dml.DataChangeStatement.update(DataChangeStatement.java:77) ~[h2-2.4.240.jar:2.4.240]
	at org.h2.command.CommandContainer.update(CommandContainer.java:139) ~[h2-2.4.240.jar:2.4.240]
	at org.h2.command.Command.executeUpdate(Command.java:306) ~[h2-2.4.240.jar:2.4.240]
	at org.h2.command.Command.executeUpdate(Command.java:250) ~[h2-2.4.240.jar:2.4.240]
	at org.h2.command.ddl.AlterTableAlterColumn.execute(AlterTableAlterColumn.java:648) ~[h2-2.4.240.jar:2.4.240]
	at org.h2.command.ddl.AlterTableAlterColumn.cloneTableStructure(AlterTableAlterColumn.java:560) ~[h2-2.4.240.jar:2.4.240]
	at org.h2.command.ddl.AlterTableAlterColumn.copyData(AlterTableAlterColumn.java:343) ~[h2-2.4.240.jar:2.4.240]
	at org.h2.command.ddl.AlterTableAlterColumn.update(AlterTableAlterColumn.java:244) ~[h2-2.4.240.jar:2.4.240]
	at org.h2.command.CommandContainer.update(CommandContainer.java:139) ~[h2-2.4.240.jar:2.4.240]
	at org.h2.command.Command.executeUpdate(Command.java:306) ~[h2-2.4.240.jar:2.4.240]
	at org.h2.command.Command.executeUpdate(Command.java:250) ~[h2-2.4.240.jar:2.4.240]
	at org.h2.jdbc.JdbcStatement.executeInternal(JdbcStatement.java:262) ~[h2-2.4.240.jar:2.4.240]
	at org.h2.jdbc.JdbcStatement.execute(JdbcStatement.java:231) ~[h2-2.4.240.jar:2.4.240]
	at com.zaxxer.hikari.pool.ProxyStatement.execute(ProxyStatement.java:95) ~[HikariCP-7.0.2.jar:na]
	at com.zaxxer.hikari.pool.HikariProxyStatement.execute(HikariProxyStatement.java) ~[HikariCP-7.0.2.jar:na]
	at org.hibernate.tool.schema.internal.exec.GenerationTargetToDatabase.accept(GenerationTargetToDatabase.java:76) ~[hibernate-core-7.2.12.Final.jar:7.2.12.Final]
	... 41 common frames omitted

2026-07-01T19:26:53.462+06:00  INFO 15424 --- [eduadvisor2] [  restartedMain] j.LocalContainerEntityManagerFactoryBean : Initialized JPA EntityManagerFactory for persistence unit 'default'
2026-07-01T19:26:53.537+06:00  INFO 15424 --- [eduadvisor2] [  restartedMain] o.s.d.j.r.query.QueryEnhancerFactories   : Hibernate is in classpath; If applicable, HQL parser will be used.
2026-07-01T19:26:53.944+06:00  INFO 15424 --- [eduadvisor2] [  restartedMain] o.s.b.w.a.WelcomePageHandlerMapping      : Adding welcome page template: index
2026-07-01T19:26:54.359+06:00  INFO 15424 --- [eduadvisor2] [  restartedMain] o.s.b.a.e.web.EndpointLinksResolver      : Exposing 1 endpoint beneath base path '/actuator'
2026-07-01T19:26:54.473+06:00  INFO 15424 --- [eduadvisor2] [  restartedMain] o.s.boot.tomcat.TomcatWebServer          : Tomcat started on port 8081 (http) with context path '/'
2026-07-01T19:26:54.484+06:00  INFO 15424 --- [eduadvisor2] [  restartedMain] c.e.eduadvisor2.Eduadvisor2Application   : Started Eduadvisor2Application in 5.318 seconds (process running for 5.759)
Hibernate: 
    select
        count(*) 
    from
        students s1_0
Hibernate: 
    select
        count(*) 
    from
        teachers t1_0
Hibernate: 
    select
        count(*) 
    from
        courses c1_0
Hibernate: 
    select
        count(*) 
    from
        enrollments e1_0
Hibernate: 
    select
        t1_0.id,
        t1_0.coordinator,
        t1_0.department,
        t1_0.designation,
        t1_0.email,
        t1_0.name,
        t1_0.password,
        t1_0.photo,
        t1_0.photo_type,
        t1_0.teacher_id 
    from
        teachers t1_0 
    where
        t1_0.teacher_id=?
Hibernate: 
    select
        t1_0.id,
        t1_0.coordinator,
        t1_0.department,
        t1_0.designation,
        t1_0.email,
        t1_0.name,
        t1_0.password,
        t1_0.photo,
        t1_0.photo_type,
        t1_0.teacher_id 
    from
        teachers t1_0 
    where
        t1_0.teacher_id=?
Hibernate: 
    select
        t1_0.id,
        t1_0.coordinator,
        t1_0.department,
        t1_0.designation,
        t1_0.email,
        t1_0.name,
        t1_0.password,
        t1_0.photo,
        t1_0.photo_type,
        t1_0.teacher_id 
    from
        teachers t1_0 
    where
        t1_0.teacher_id=?
2026-07-01T19:28:34.874+06:00  INFO 15424 --- [eduadvisor2] [nio-8081-exec-1] o.a.c.c.C.[Tomcat].[localhost].[/]       : Initializing Spring DispatcherServlet 'dispatcherServlet'
2026-07-01T19:28:34.874+06:00  INFO 15424 --- [eduadvisor2] [nio-8081-exec-1] o.s.web.servlet.DispatcherServlet        : Initializing Servlet 'dispatcherServlet'
2026-07-01T19:28:34.877+06:00  INFO 15424 --- [eduadvisor2] [nio-8081-exec-1] o.s.web.servlet.DispatcherServlet        : Completed initialization in 2 ms
Hibernate: 
    select
        s1_0.id,
        s1_0.academic_year,
        s1_0.credits_completed,
        s1_0.email,
        s1_0.gpa,
        s1_0.name,
        s1_0.notif_email,
        s1_0.password,
        s1_0.program,
        s1_0.student_id 
    from
        students s1_0 
    where
        s1_0.student_id=?
Hibernate: 
    select
        s1_0.id,
        s1_0.academic_year,
        s1_0.credits_completed,
        s1_0.email,
        s1_0.gpa,
        s1_0.name,
        s1_0.notif_email,
        s1_0.password,
        s1_0.program,
        s1_0.student_id 
    from
        students s1_0 
    where
        s1_0.student_id=?
Hibernate: 
    select
        e1_0.id,
        e1_0.course_id,
        e1_0.enrolled_at,
        e1_0.student_id 
    from
        enrollments e1_0 
    where
        e1_0.student_id=?
Hibernate: 
    select
        c1_0.code,
        c1_0.category,
        c1_0.color,
        c1_0.credits,
        c1_0.days,
        c1_0.end_time,
        c1_0.instructor,
        c1_0.name,
        c1_0.room,
        c1_0.start_time,
        c1_0.teacher_id 
    from
        courses c1_0 
    where
        c1_0.code=?
Hibernate: 
    select
        c1_0.code,
        c1_0.category,
        c1_0.color,
        c1_0.credits,
        c1_0.days,
        c1_0.end_time,
        c1_0.instructor,
        c1_0.name,
        c1_0.room,
        c1_0.start_time,
        c1_0.teacher_id 
    from
        courses c1_0 
    where
        c1_0.code=?
Hibernate: 
    select
        c1_0.code,
        c1_0.category,
        c1_0.color,
        c1_0.credits,
        c1_0.days,
        c1_0.end_time,
        c1_0.instructor,
        c1_0.name,
        c1_0.room,
        c1_0.start_time,
        c1_0.teacher_id 
    from
        courses c1_0 
    where
        c1_0.code=?
Hibernate: 
    select
        c1_0.code,
        c1_0.category,
        c1_0.color,
        c1_0.credits,
        c1_0.days,
        c1_0.end_time,
        c1_0.instructor,
        c1_0.name,
        c1_0.room,
        c1_0.start_time,
        c1_0.teacher_id 
    from
        courses c1_0 
    where
        c1_0.code=?
Hibernate: 
    select
        se1_0.id,
        se1_0.created_at,
        se1_0.date,
        se1_0.notified,
        se1_0.student_id,
        se1_0.time,
        se1_0.title,
        se1_0.type 
    from
        schedule_events se1_0 
    where
        se1_0.student_id=? 
    order by
        se1_0.date
2026-07-01T19:28:46.534+06:00  WARN 15424 --- [eduadvisor2] [nio-8081-exec-7] org.hibernate.orm.jdbc.error             : HHH000247: ErrorCode: 42122, SQLState: 42S22
2026-07-01T19:28:46.535+06:00  WARN 15424 --- [eduadvisor2] [nio-8081-exec-7] org.hibernate.orm.jdbc.error             : Column "SE1_0.NOTIFIED" not found; SQL statement:
select se1_0.id,se1_0.created_at,se1_0.date,se1_0.notified,se1_0.student_id,se1_0.time,se1_0.title,se1_0.type from schedule_events se1_0 where se1_0.student_id=? order by se1_0.date [42122-240]
2026-07-01T19:28:46.556+06:00 ERROR 15424 --- [eduadvisor2] [nio-8081-exec-7] o.a.c.c.C.[.[.[/].[dispatcherServlet]    : Servlet.service() for servlet [dispatcherServlet] in context with path [] threw exception [Request processing failed: org.springframework.dao.InvalidDataAccessResourceUsageException: Could not prepare statement [Column "SE1_0.NOTIFIED" not found; SQL statement:
select se1_0.id,se1_0.created_at,se1_0.date,se1_0.notified,se1_0.student_id,se1_0.time,se1_0.title,se1_0.type from schedule_events se1_0 where se1_0.student_id=? order by se1_0.date [42122-240]] [select se1_0.id,se1_0.created_at,se1_0.date,se1_0.notified,se1_0.student_id,se1_0.time,se1_0.title,se1_0.type from schedule_events se1_0 where se1_0.student_id=? order by se1_0.date]; SQL [select se1_0.id,se1_0.created_at,se1_0.date,se1_0.notified,se1_0.student_id,se1_0.time,se1_0.title,se1_0.type from schedule_events se1_0 where se1_0.student_id=? order by se1_0.date]] with root cause

org.h2.jdbc.JdbcSQLSyntaxErrorException: Column "SE1_0.NOTIFIED" not found; SQL statement:
select se1_0.id,se1_0.created_at,se1_0.date,se1_0.notified,se1_0.student_id,se1_0.time,se1_0.title,se1_0.type from schedule_events se1_0 where se1_0.student_id=? order by se1_0.date [42122-240]
	at org.h2.message.DbException.getJdbcSQLException(DbException.java:514) ~[h2-2.4.240.jar:2.4.240]
	at org.h2.message.DbException.getJdbcSQLException(DbException.java:489) ~[h2-2.4.240.jar:2.4.240]
	at org.h2.message.DbException.get(DbException.java:223) ~[h2-2.4.240.jar:2.4.240]
	at org.h2.message.DbException.get(DbException.java:199) ~[h2-2.4.240.jar:2.4.240]
	at org.h2.expression.ExpressionColumn.getColumnException(ExpressionColumn.java:244) ~[h2-2.4.240.jar:2.4.240]
	at org.h2.expression.ExpressionColumn.optimizeOther(ExpressionColumn.java:226) ~[h2-2.4.240.jar:2.4.240]
	at org.h2.expression.ExpressionColumn.optimize(ExpressionColumn.java:213) ~[h2-2.4.240.jar:2.4.240]
	at org.h2.command.query.Select.lambda$prepareExpressions$2(Select.java:1209) ~[h2-2.4.240.jar:2.4.240]
	at java.base/java.util.ArrayList.replaceAllRange(ArrayList.java:1803) ~[na:na]
	at java.base/java.util.ArrayList.replaceAll(ArrayList.java:1793) ~[na:na]
	at org.h2.command.query.Select.prepareExpressions(Select.java:1209) ~[h2-2.4.240.jar:2.4.240]
	at org.h2.command.query.Query.prepare(Query.java:235) ~[h2-2.4.240.jar:2.4.240]
	at org.h2.command.Parser.prepareCommand(Parser.java:492) ~[h2-2.4.240.jar:2.4.240]
	at org.h2.engine.SessionLocal.prepareLocal(SessionLocal.java:647) ~[h2-2.4.240.jar:2.4.240]
	at org.h2.engine.SessionLocal.prepareCommand(SessionLocal.java:563) ~[h2-2.4.240.jar:2.4.240]
	at org.h2.jdbc.JdbcConnection.prepareCommand(JdbcConnection.java:1160) ~[h2-2.4.240.jar:2.4.240]
	at org.h2.jdbc.JdbcPreparedStatement.<init>(JdbcPreparedStatement.java:93) ~[h2-2.4.240.jar:2.4.240]
	at org.h2.jdbc.JdbcConnection.prepareStatement(JdbcConnection.java:686) ~[h2-2.4.240.jar:2.4.240]
	at com.zaxxer.hikari.pool.ProxyConnection.prepareStatement(ProxyConnection.java:342) ~[HikariCP-7.0.2.jar:na]
	at com.zaxxer.hikari.pool.HikariProxyConnection.prepareStatement(HikariProxyConnection.java) ~[HikariCP-7.0.2.jar:na]
	at org.hibernate.engine.jdbc.internal.StatementPreparerImpl$4.doPrepare(StatementPreparerImpl.java:155) ~[hibernate-core-7.2.12.Final.jar:7.2.12.Final]
	at org.hibernate.engine.jdbc.internal.StatementPreparerImpl$StatementPreparationTemplate.prepareStatement(StatementPreparerImpl.java:183) ~[hibernate-core-7.2.12.Final.jar:7.2.12.Final]
	at org.hibernate.engine.jdbc.internal.StatementPreparerImpl.prepareQueryStatement(StatementPreparerImpl.java:157) ~[hibernate-core-7.2.12.Final.jar:7.2.12.Final]
	at org.hibernate.sql.exec.internal.StandardStatementCreator.createStatement(StandardStatementCreator.java:46) ~[hibernate-core-7.2.12.Final.jar:7.2.12.Final]
	at org.hibernate.sql.results.jdbc.internal.DeferredResultSetAccess.executeQuery(DeferredResultSetAccess.java:257) ~[hibernate-core-7.2.12.Final.jar:7.2.12.Final]
	at org.hibernate.sql.results.jdbc.internal.DeferredResultSetAccess.getResultSet(DeferredResultSetAccess.java:190) ~[hibernate-core-7.2.12.Final.jar:7.2.12.Final]
	at org.hibernate.sql.results.jdbc.internal.JdbcValuesResultSetImpl.<init>(JdbcValuesResultSetImpl.java:71) ~[hibernate-core-7.2.12.Final.jar:7.2.12.Final]
	at org.hibernate.sql.exec.internal.JdbcSelectExecutorStandardImpl.resolveJdbcValues(JdbcSelectExecutorStandardImpl.java:422) ~[hibernate-core-7.2.12.Final.jar:7.2.12.Final]
	at org.hibernate.sql.exec.internal.JdbcSelectExecutorStandardImpl.resolveJdbcValuesSource(JdbcSelectExecutorStandardImpl.java:349) ~[hibernate-core-7.2.12.Final.jar:7.2.12.Final]
	at org.hibernate.sql.exec.internal.JdbcSelectExecutorStandardImpl.doExecuteQuery(JdbcSelectExecutorStandardImpl.java:143) ~[hibernate-core-7.2.12.Final.jar:7.2.12.Final]
	at org.hibernate.sql.exec.internal.JdbcSelectExecutorStandardImpl.executeQuery(JdbcSelectExecutorStandardImpl.java:100) ~[hibernate-core-7.2.12.Final.jar:7.2.12.Final]
	at org.hibernate.sql.exec.spi.JdbcSelectExecutor.executeQuery(JdbcSelectExecutor.java:63) ~[hibernate-core-7.2.12.Final.jar:7.2.12.Final]
	at org.hibernate.sql.exec.spi.JdbcSelectExecutor.list(JdbcSelectExecutor.java:137) ~[hibernate-core-7.2.12.Final.jar:7.2.12.Final]
	at org.hibernate.query.sqm.internal.ConcreteSqmSelectQueryPlan.lambda$new$1(ConcreteSqmSelectQueryPlan.java:134) ~[hibernate-core-7.2.12.Final.jar:7.2.12.Final]
	at org.hibernate.query.sqm.internal.ConcreteSqmSelectQueryPlan.withCacheableSqmInterpretation(ConcreteSqmSelectQueryPlan.java:464) ~[hibernate-core-7.2.12.Final.jar:7.2.12.Final]
	at org.hibernate.query.sqm.internal.ConcreteSqmSelectQueryPlan.performList(ConcreteSqmSelectQueryPlan.java:392) ~[hibernate-core-7.2.12.Final.jar:7.2.12.Final]
	at org.hibernate.query.sqm.internal.SqmQueryImpl.doList(SqmQueryImpl.java:374) ~[hibernate-core-7.2.12.Final.jar:7.2.12.Final]
	at org.hibernate.query.spi.AbstractSelectionQuery.list(AbstractSelectionQuery.java:153) ~[hibernate-core-7.2.12.Final.jar:7.2.12.Final]
	at org.hibernate.query.Query.getResultList(Query.java:121) ~[hibernate-core-7.2.12.Final.jar:7.2.12.Final]
	at java.base/jdk.internal.reflect.DirectMethodHandleAccessor.invoke(DirectMethodHandleAccessor.java:104) ~[na:na]
	at java.base/java.lang.reflect.Method.invoke(Method.java:565) ~[na:na]
	at org.springframework.orm.jpa.SharedEntityManagerCreator$DeferredQueryInvocationHandler.invoke(SharedEntityManagerCreator.java:557) ~[spring-orm-7.0.7.jar:7.0.7]
	at jdk.proxy4/jdk.proxy4.$Proxy170.getResultList(Unknown Source) ~[na:na]
	at org.springframework.data.jpa.repository.query.JpaQueryExecution$CollectionExecution.doExecute(JpaQueryExecution.java:132) ~[spring-data-jpa-4.0.5.jar:4.0.5]
	at org.springframework.data.jpa.repository.query.JpaQueryExecution.execute(JpaQueryExecution.java:99) ~[spring-data-jpa-4.0.5.jar:4.0.5]
	at org.springframework.data.jpa.repository.query.AbstractJpaQuery.doExecute(AbstractJpaQuery.java:164) ~[spring-data-jpa-4.0.5.jar:4.0.5]
	at org.springframework.data.jpa.repository.query.AbstractJpaQuery.execute(AbstractJpaQuery.java:154) ~[spring-data-jpa-4.0.5.jar:4.0.5]
	at org.springframework.data.repository.core.support.RepositoryMethodInvoker.doInvoke(RepositoryMethodInvoker.java:169) ~[spring-data-commons-4.0.5.jar:4.0.5]
	at org.springframework.data.repository.core.support.RepositoryMethodInvoker.invoke(RepositoryMethodInvoker.java:158) ~[spring-data-commons-4.0.5.jar:4.0.5]
	at org.springframework.data.repository.core.support.QueryExecutorMethodInterceptor.doInvoke(QueryExecutorMethodInterceptor.java:167) ~[spring-data-commons-4.0.5.jar:4.0.5]
	at org.springframework.data.repository.core.support.QueryExecutorMethodInterceptor.invoke(QueryExecutorMethodInterceptor.java:146) ~[spring-data-commons-4.0.5.jar:4.0.5]
	at org.springframework.aop.framework.ReflectiveMethodInvocation.proceed(ReflectiveMethodInvocation.java:179) ~[spring-aop-7.0.7.jar:7.0.7]
	at org.springframework.data.projection.DefaultMethodInvokingMethodInterceptor.invoke(DefaultMethodInvokingMethodInterceptor.java:69) ~[spring-data-commons-4.0.5.jar:4.0.5]
	at org.springframework.aop.framework.ReflectiveMethodInvocation.proceed(ReflectiveMethodInvocation.java:179) ~[spring-aop-7.0.7.jar:7.0.7]
	at org.springframework.transaction.interceptor.TransactionInterceptor$1.proceedWithInvocation(TransactionInterceptor.java:133) ~[spring-tx-7.0.7.jar:7.0.7]
	at org.springframework.transaction.interceptor.TransactionAspectSupport.invokeWithinTransaction(TransactionAspectSupport.java:371) ~[spring-tx-7.0.7.jar:7.0.7]
	at org.springframework.transaction.interceptor.TransactionInterceptor.invoke(TransactionInterceptor.java:130) ~[spring-tx-7.0.7.jar:7.0.7]
	at org.springframework.aop.framework.ReflectiveMethodInvocation.proceed(ReflectiveMethodInvocation.java:179) ~[spring-aop-7.0.7.jar:7.0.7]
	at org.springframework.dao.support.PersistenceExceptionTranslationInterceptor.invoke(PersistenceExceptionTranslationInterceptor.java:135) ~[spring-tx-7.0.7.jar:7.0.7]
	at org.springframework.aop.framework.ReflectiveMethodInvocation.proceed(ReflectiveMethodInvocation.java:179) ~[spring-aop-7.0.7.jar:7.0.7]
	at org.springframework.data.jpa.repository.support.CrudMethodMetadataPostProcessor$CrudMethodMetadataPopulatingMethodInterceptor.invoke(CrudMethodMetadataPostProcessor.java:137) ~[spring-data-jpa-4.0.5.jar:4.0.5]
	at org.springframework.aop.framework.ReflectiveMethodInvocation.proceed(ReflectiveMethodInvocation.java:179) ~[spring-aop-7.0.7.jar:7.0.7]
	at org.springframework.aop.framework.JdkDynamicAopProxy.invoke(JdkDynamicAopProxy.java:222) ~[spring-aop-7.0.7.jar:7.0.7]
	at jdk.proxy4/jdk.proxy4.$Proxy155.findByStudentIdOrderByDateAsc(Unknown Source) ~[na:na]
	at com.example.eduadvisor2.controller.ScheduleEventController.list(ScheduleEventController.java:42) ~[classes/:na]
	at java.base/jdk.internal.reflect.DirectMethodHandleAccessor.invoke(DirectMethodHandleAccessor.java:104) ~[na:na]
	at java.base/java.lang.reflect.Method.invoke(Method.java:565) ~[na:na]
	at org.springframework.web.method.support.InvocableHandlerMethod.doInvoke(InvocableHandlerMethod.java:252) ~[spring-web-7.0.7.jar:7.0.7]
	at org.springframework.web.method.support.InvocableHandlerMethod.invokeForRequest(InvocableHandlerMethod.java:184) ~[spring-web-7.0.7.jar:7.0.7]
	at org.springframework.web.servlet.mvc.method.annotation.ServletInvocableHandlerMethod.invokeAndHandle(ServletInvocableHandlerMethod.java:117) ~[spring-webmvc-7.0.7.jar:7.0.7]
	at org.springframework.web.servlet.mvc.method.annotation.RequestMappingHandlerAdapter.invokeHandlerMethod(RequestMappingHandlerAdapter.java:934) ~[spring-webmvc-7.0.7.jar:7.0.7]
	at org.springframework.web.servlet.mvc.method.annotation.RequestMappingHandlerAdapter.handleInternal(RequestMappingHandlerAdapter.java:853) ~[spring-webmvc-7.0.7.jar:7.0.7]
	at org.springframework.web.servlet.mvc.method.AbstractHandlerMethodAdapter.handle(AbstractHandlerMethodAdapter.java:86) ~[spring-webmvc-7.0.7.jar:7.0.7]
	at org.springframework.web.servlet.DispatcherServlet.doDispatch(DispatcherServlet.java:963) ~[spring-webmvc-7.0.7.jar:7.0.7]
	at org.springframework.web.servlet.DispatcherServlet.doService(DispatcherServlet.java:866) ~[spring-webmvc-7.0.7.jar:7.0.7]
	at org.springframework.web.servlet.FrameworkServlet.processRequest(FrameworkServlet.java:1000) ~[spring-webmvc-7.0.7.jar:7.0.7]
	at org.springframework.web.servlet.FrameworkServlet.doGet(FrameworkServlet.java:892) ~[spring-webmvc-7.0.7.jar:7.0.7]
	at jakarta.servlet.http.HttpServlet.service(HttpServlet.java:622) ~[tomcat-embed-core-11.0.21.jar:6.1]
	at org.springframework.web.servlet.FrameworkServlet.service(FrameworkServlet.java:874) ~[spring-webmvc-7.0.7.jar:7.0.7]
	at jakarta.servlet.http.HttpServlet.service(HttpServlet.java:710) ~[tomcat-embed-core-11.0.21.jar:6.1]
	at org.apache.catalina.core.ApplicationFilterChain.doFilter(ApplicationFilterChain.java:128) ~[tomcat-embed-core-11.0.21.jar:11.0.21]
	at org.apache.tomcat.websocket.server.WsFilter.doFilter(WsFilter.java:53) ~[tomcat-embed-websocket-11.0.21.jar:11.0.21]
	at org.apache.catalina.core.ApplicationFilterChain.doFilter(ApplicationFilterChain.java:107) ~[tomcat-embed-core-11.0.21.jar:11.0.21]
	at org.springframework.web.filter.RequestContextFilter.doFilterInternal(RequestContextFilter.java:100) ~[spring-web-7.0.7.jar:7.0.7]
	at org.springframework.web.filter.OncePerRequestFilter.doFilter(OncePerRequestFilter.java:116) ~[spring-web-7.0.7.jar:7.0.7]
	at org.apache.catalina.core.ApplicationFilterChain.doFilter(ApplicationFilterChain.java:107) ~[tomcat-embed-core-11.0.21.jar:11.0.21]
	at org.springframework.web.filter.FormContentFilter.doFilterInternal(FormContentFilter.java:93) ~[spring-web-7.0.7.jar:7.0.7]
	at org.springframework.web.filter.OncePerRequestFilter.doFilter(OncePerRequestFilter.java:116) ~[spring-web-7.0.7.jar:7.0.7]
	at org.apache.catalina.core.ApplicationFilterChain.doFilter(ApplicationFilterChain.java:107) ~[tomcat-embed-core-11.0.21.jar:11.0.21]
	at org.springframework.web.filter.ServerHttpObservationFilter.doFilterInternal(ServerHttpObservationFilter.java:110) ~[spring-web-7.0.7.jar:7.0.7]
	at org.springframework.web.filter.OncePerRequestFilter.doFilter(OncePerRequestFilter.java:116) ~[spring-web-7.0.7.jar:7.0.7]
	at org.apache.catalina.core.ApplicationFilterChain.doFilter(ApplicationFilterChain.java:107) ~[tomcat-embed-core-11.0.21.jar:11.0.21]
	at org.springframework.web.filter.CharacterEncodingFilter.doFilterInternal(CharacterEncodingFilter.java:199) ~[spring-web-7.0.7.jar:7.0.7]
	at org.springframework.web.filter.OncePerRequestFilter.doFilter(OncePerRequestFilter.java:116) ~[spring-web-7.0.7.jar:7.0.7]
	at org.apache.catalina.core.ApplicationFilterChain.doFilter(ApplicationFilterChain.java:107) ~[tomcat-embed-core-11.0.21.jar:11.0.21]
	at org.apache.catalina.core.StandardWrapperValve.invoke(StandardWrapperValve.java:165) ~[tomcat-embed-core-11.0.21.jar:11.0.21]
	at org.apache.catalina.core.StandardContextValve.invoke(StandardContextValve.java:77) ~[tomcat-embed-core-11.0.21.jar:11.0.21]
	at org.apache.catalina.authenticator.AuthenticatorBase.invoke(AuthenticatorBase.java:492) ~[tomcat-embed-core-11.0.21.jar:11.0.21]
	at org.apache.catalina.core.StandardHostValve.invoke(StandardHostValve.java:113) ~[tomcat-embed-core-11.0.21.jar:11.0.21]
	at org.apache.catalina.valves.ErrorReportValve.invoke(ErrorReportValve.java:83) ~[tomcat-embed-core-11.0.21.jar:11.0.21]
	at org.apache.catalina.core.StandardEngineValve.invoke(StandardEngineValve.java:72) ~[tomcat-embed-core-11.0.21.jar:11.0.21]
	at org.apache.catalina.connector.CoyoteAdapter.service(CoyoteAdapter.java:341) ~[tomcat-embed-core-11.0.21.jar:11.0.21]
	at org.apache.coyote.http11.Http11Processor.service(Http11Processor.java:397) ~[tomcat-embed-core-11.0.21.jar:11.0.21]
	at org.apache.coyote.AbstractProcessorLight.process(AbstractProcessorLight.java:63) ~[tomcat-embed-core-11.0.21.jar:11.0.21]
	at org.apache.coyote.AbstractProtocol$ConnectionHandler.process(AbstractProtocol.java:903) ~[tomcat-embed-core-11.0.21.jar:11.0.21]
	at org.apache.tomcat.util.net.NioEndpoint$SocketProcessor.doRun(NioEndpoint.java:1801) ~[tomcat-embed-core-11.0.21.jar:11.0.21]
	at org.apache.tomcat.util.net.SocketProcessorBase.run(SocketProcessorBase.java:52) ~[tomcat-embed-core-11.0.21.jar:11.0.21]
	at org.apache.tomcat.util.threads.ThreadPoolExecutor.runWorker(ThreadPoolExecutor.java:946) ~[tomcat-embed-core-11.0.21.jar:11.0.21]
	at org.apache.tomcat.util.threads.ThreadPoolExecutor$Worker.run(ThreadPoolExecutor.java:480) ~[tomcat-embed-core-11.0.21.jar:11.0.21]
	at org.apache.tomcat.util.threads.TaskThread$WrappingRunnable.run(TaskThread.java:57) ~[tomcat-embed-core-11.0.21.jar:11.0.21]
	at java.base/java.lang.Thread.run(Thread.java:1474) ~[na:na]

Hibernate: 
    select
        b1_0.id,
        b1_0.booked_at,
        b1_0.reason,
        b1_0.slot,
        b1_0.student_id,
        b1_0.teacher_name 
    from
        bookings b1_0 
    where
        b1_0.student_id=? 
    order by
        b1_0.booked_at desc
Hibernate: 
    select
        as1_0.id,
        as1_0.assessment_type,
        as1_0.course_code,
        as1_0.course_name,
        as1_0.max_score,
        as1_0.notes,
        as1_0.recorded_at,
        as1_0.score,
        as1_0.student_id 
    from
        assessment_scores as1_0 
    where
        as1_0.student_id=? 
    order by
        as1_0.recorded_at desc
Hibernate: 
    insert 
    into
        bookings
        (booked_at, reason, slot, student_id, teacher_name, id) 
    values
        (?, ?, ?, ?, ?, default)
Hibernate: 
    select
        s1_0.id,
        s1_0.academic_year,
        s1_0.credits_completed,
        s1_0.email,
        s1_0.gpa,
        s1_0.name,
        s1_0.notif_email,
        s1_0.password,
        s1_0.program,
        s1_0.student_id 
    from
        students s1_0 
    where
        s1_0.student_id=?
2026-07-01T19:28:59.589+06:00  INFO 15424 --- [eduadvisor2] [io-8081-exec-10] c.e.e.service.NotificationService        : ✅ Email sent to 251-16-056@diu.edu.bd
Hibernate: 
    select
        b1_0.id,
        b1_0.booked_at,
        b1_0.reason,
        b1_0.slot,
        b1_0.student_id,
        b1_0.teacher_name 
    from
        bookings b1_0 
    where
        b1_0.student_id=? 
    order by
        b1_0.booked_at desc
Hibernate: 
    select
        as1_0.id,
        as1_0.assessment_type,
        as1_0.course_code,
        as1_0.course_name,
        as1_0.max_score,
        as1_0.notes,
        as1_0.recorded_at,
        as1_0.score,
        as1_0.student_id 
    from
        assessment_scores as1_0 
    where
        as1_0.student_id=? 
    order by
        as1_0.recorded_at desc
Hibernate: 
    select
        b1_0.id,
        b1_0.booked_at,
        b1_0.reason,
        b1_0.slot,
        b1_0.student_id,
        b1_0.teacher_name 
    from
        bookings b1_0 
    where
        b1_0.id=?
Hibernate: 
    delete 
    from
        bookings 
    where
        id=?
Hibernate: 
    select
        b1_0.id,
        b1_0.booked_at,
        b1_0.reason,
        b1_0.slot,
        b1_0.student_id,
        b1_0.teacher_name 
    from
        bookings b1_0 
    where
        b1_0.student_id=? 
    order by
        b1_0.booked_at desc
Hibernate: 
    select
        as1_0.id,
        as1_0.assessment_type,
        as1_0.course_code,
        as1_0.course_name,
        as1_0.max_score,
        as1_0.notes,
        as1_0.recorded_at,
        as1_0.score,
        as1_0.student_id 
    from
        assessment_scores as1_0 
    where
        as1_0.student_id=? 
    order by
        as1_0.recorded_at desc
Hibernate: 
    insert 
    into
        bookings
        (booked_at, reason, slot, student_id, teacher_name, id) 
    values
        (?, ?, ?, ?, ?, default)
Hibernate: 
    select
        s1_0.id,
        s1_0.academic_year,
        s1_0.credits_completed,
        s1_0.email,
        s1_0.gpa,
        s1_0.name,
        s1_0.notif_email,
        s1_0.password,
        s1_0.program,
        s1_0.student_id 
    from
        students s1_0 
    where
        s1_0.student_id=?
2026-07-01T19:29:28.415+06:00  INFO 15424 --- [eduadvisor2] [nio-8081-exec-7] c.e.e.service.NotificationService        : ✅ Email sent to 251-16-056@diu.edu.bd
Hibernate: 
    select
        b1_0.id,
        b1_0.booked_at,
        b1_0.reason,
        b1_0.slot,
        b1_0.student_id,
        b1_0.teacher_name 
    from
        bookings b1_0 
    where
        b1_0.student_id=? 
    order by
        b1_0.booked_at desc
Hibernate: 
    select
        as1_0.id,
        as1_0.assessment_type,
        as1_0.course_code,
        as1_0.course_name,
        as1_0.max_score,
        as1_0.notes,
        as1_0.recorded_at,
        as1_0.score,
        as1_0.student_id 
    from
        assessment_scores as1_0 
    where
        as1_0.student_id=? 
    order by
        as1_0.recorded_at desc
Hibernate: 
    select
        b1_0.id,
        b1_0.booked_at,
        b1_0.reason,
        b1_0.slot,
        b1_0.student_id,
        b1_0.teacher_name 
    from
        bookings b1_0 
    where
        b1_0.id=?
Hibernate: 
    delete 
    from
        bookings 
    where
        id=?
Hibernate: 
    select
        b1_0.id,
        b1_0.booked_at,
        b1_0.reason,
        b1_0.slot,
        b1_0.student_id,
        b1_0.teacher_name 
    from
        bookings b1_0 
    where
        b1_0.student_id=? 
    order by
        b1_0.booked_at desc
Hibernate: 
    select
        as1_0.id,
        as1_0.assessment_type,
        as1_0.course_code,
        as1_0.course_name,
        as1_0.max_score,
        as1_0.notes,
        as1_0.recorded_at,
        as1_0.score,
        as1_0.student_id 
    from
        assessment_scores as1_0 
    where
        as1_0.student_id=? 
    order by
        as1_0.recorded_at desc
Hibernate: 
    select
        t1_0.id,
        t1_0.coordinator,
        t1_0.department,
        t1_0.designation,
        t1_0.email,
        t1_0.name,
        t1_0.password,
        t1_0.photo,
        t1_0.photo_type,
        t1_0.teacher_id 
    from
        teachers t1_0
Hibernate: 
    select
        d1_0.id,
        d1_0.answer,
        d1_0.answer_image_base64,
        d1_0.answer_image_type,
        d1_0.answered_at,
        d1_0.asked_at,
        d1_0.question,
        d1_0.question_image_base64,
        d1_0.question_image_type,
        d1_0.student_email,
        d1_0.student_id,
        d1_0.student_name,
        d1_0.teacher_id,
        d1_0.teacher_name 
    from
        discussions d1_0 
    where
        d1_0.student_id=? 
    order by
        d1_0.asked_at desc
Hibernate: 
    select
        s1_0.id,
        s1_0.academic_year,
        s1_0.credits_completed,
        s1_0.email,
        s1_0.gpa,
        s1_0.name,
        s1_0.notif_email,
        s1_0.password,
        s1_0.program,
        s1_0.student_id 
    from
        students s1_0 
    where
        s1_0.student_id=?
Hibernate: 
    select
        lfr1_0.id,
        lfr1_0.coordinator_note,
        lfr1_0.description,
        lfr1_0.image_base64,
        lfr1_0.image_type,
        lfr1_0.location,
        lfr1_0.reported_at,
        lfr1_0.status,
        lfr1_0.student_email,
        lfr1_0.student_id,
        lfr1_0.student_name,
        lfr1_0.updated_at 
    from
        lost_found_reports lfr1_0 
    where
        lfr1_0.student_id=? 
    order by
        lfr1_0.reported_at desc
Hibernate: 
    select
        e1_0.id,
        e1_0.course_id,
        e1_0.enrolled_at,
        e1_0.student_id 
    from
        enrollments e1_0 
    where
        e1_0.student_id=?
Hibernate: 
    select
        c1_0.code,
        c1_0.category,
        c1_0.color,
        c1_0.credits,
        c1_0.days,
        c1_0.end_time,
        c1_0.instructor,
        c1_0.name,
        c1_0.room,
        c1_0.start_time,
        c1_0.teacher_id 
    from
        courses c1_0 
    where
        c1_0.code=?
Hibernate: 
    select
        c1_0.code,
        c1_0.category,
        c1_0.color,
        c1_0.credits,
        c1_0.days,
        c1_0.end_time,
        c1_0.instructor,
        c1_0.name,
        c1_0.room,
        c1_0.start_time,
        c1_0.teacher_id 
    from
        courses c1_0 
    where
        c1_0.code=?
Hibernate: 
    select
        c1_0.code,
        c1_0.category,
        c1_0.color,
        c1_0.credits,
        c1_0.days,
        c1_0.end_time,
        c1_0.instructor,
        c1_0.name,
        c1_0.room,
        c1_0.start_time,
        c1_0.teacher_id 
    from
        courses c1_0 
    where
        c1_0.code=?
Hibernate: 
    select
        c1_0.code,
        c1_0.category,
        c1_0.color,
        c1_0.credits,
        c1_0.days,
        c1_0.end_time,
        c1_0.instructor,
        c1_0.name,
        c1_0.room,
        c1_0.start_time,
        c1_0.teacher_id 
    from
        courses c1_0 
    where
        c1_0.code=?
Hibernate: 
    select
        se1_0.id,
        se1_0.created_at,
        se1_0.date,
        se1_0.notified,
        se1_0.student_id,
        se1_0.time,
        se1_0.title,
        se1_0.type 
    from
        schedule_events se1_0 
    where
        se1_0.student_id=? 
    order by
        se1_0.date
2026-07-01T19:31:05.189+06:00  WARN 15424 --- [eduadvisor2] [nio-8081-exec-9] org.hibernate.orm.jdbc.error             : HHH000247: ErrorCode: 42122, SQLState: 42S22
2026-07-01T19:31:05.190+06:00  WARN 15424 --- [eduadvisor2] [nio-8081-exec-9] org.hibernate.orm.jdbc.error             : Column "SE1_0.NOTIFIED" not found; SQL statement:
select se1_0.id,se1_0.created_at,se1_0.date,se1_0.notified,se1_0.student_id,se1_0.time,se1_0.title,se1_0.type from schedule_events se1_0 where se1_0.student_id=? order by se1_0.date [42122-240]
2026-07-01T19:31:05.191+06:00 ERROR 15424 --- [eduadvisor2] [nio-8081-exec-9] o.a.c.c.C.[.[.[/].[dispatcherServlet]    : Servlet.service() for servlet [dispatcherServlet] in context with path [] threw exception [Request processing failed: org.springframework.dao.InvalidDataAccessResourceUsageException: Could not prepare statement [Column "SE1_0.NOTIFIED" not found; SQL statement:
select se1_0.id,se1_0.created_at,se1_0.date,se1_0.notified,se1_0.student_id,se1_0.time,se1_0.title,se1_0.type from schedule_events se1_0 where se1_0.student_id=? order by se1_0.date [42122-240]] [select se1_0.id,se1_0.created_at,se1_0.date,se1_0.notified,se1_0.student_id,se1_0.time,se1_0.title,se1_0.type from schedule_events se1_0 where se1_0.student_id=? order by se1_0.date]; SQL [select se1_0.id,se1_0.created_at,se1_0.date,se1_0.notified,se1_0.student_id,se1_0.time,se1_0.title,se1_0.type from schedule_events se1_0 where se1_0.student_id=? order by se1_0.date]] with root cause

org.h2.jdbc.JdbcSQLSyntaxErrorException: Column "SE1_0.NOTIFIED" not found; SQL statement:
select se1_0.id,se1_0.created_at,se1_0.date,se1_0.notified,se1_0.student_id,se1_0.time,se1_0.title,se1_0.type from schedule_events se1_0 where se1_0.student_id=? order by se1_0.date [42122-240]
	at org.h2.message.DbException.getJdbcSQLException(DbException.java:514) ~[h2-2.4.240.jar:2.4.240]
	at org.h2.message.DbException.getJdbcSQLException(DbException.java:489) ~[h2-2.4.240.jar:2.4.240]
	at org.h2.message.DbException.get(DbException.java:223) ~[h2-2.4.240.jar:2.4.240]
	at org.h2.message.DbException.get(DbException.java:199) ~[h2-2.4.240.jar:2.4.240]
	at org.h2.expression.ExpressionColumn.getColumnException(ExpressionColumn.java:244) ~[h2-2.4.240.jar:2.4.240]
	at org.h2.expression.ExpressionColumn.optimizeOther(ExpressionColumn.java:226) ~[h2-2.4.240.jar:2.4.240]
	at org.h2.expression.ExpressionColumn.optimize(ExpressionColumn.java:213) ~[h2-2.4.240.jar:2.4.240]
	at org.h2.command.query.Select.lambda$prepareExpressions$2(Select.java:1209) ~[h2-2.4.240.jar:2.4.240]
	at java.base/java.util.ArrayList.replaceAllRange(ArrayList.java:1803) ~[na:na]
	at java.base/java.util.ArrayList.replaceAll(ArrayList.java:1793) ~[na:na]
	at org.h2.command.query.Select.prepareExpressions(Select.java:1209) ~[h2-2.4.240.jar:2.4.240]
	at org.h2.command.query.Query.prepare(Query.java:235) ~[h2-2.4.240.jar:2.4.240]
	at org.h2.command.Parser.prepareCommand(Parser.java:492) ~[h2-2.4.240.jar:2.4.240]
	at org.h2.engine.SessionLocal.prepareLocal(SessionLocal.java:647) ~[h2-2.4.240.jar:2.4.240]
	at org.h2.engine.SessionLocal.prepareCommand(SessionLocal.java:563) ~[h2-2.4.240.jar:2.4.240]
	at org.h2.jdbc.JdbcConnection.prepareCommand(JdbcConnection.java:1160) ~[h2-2.4.240.jar:2.4.240]
	at org.h2.jdbc.JdbcPreparedStatement.<init>(JdbcPreparedStatement.java:93) ~[h2-2.4.240.jar:2.4.240]
	at org.h2.jdbc.JdbcConnection.prepareStatement(JdbcConnection.java:686) ~[h2-2.4.240.jar:2.4.240]
	at com.zaxxer.hikari.pool.ProxyConnection.prepareStatement(ProxyConnection.java:342) ~[HikariCP-7.0.2.jar:na]
	at com.zaxxer.hikari.pool.HikariProxyConnection.prepareStatement(HikariProxyConnection.java) ~[HikariCP-7.0.2.jar:na]
	at org.hibernate.engine.jdbc.internal.StatementPreparerImpl$4.doPrepare(StatementPreparerImpl.java:155) ~[hibernate-core-7.2.12.Final.jar:7.2.12.Final]
	at org.hibernate.engine.jdbc.internal.StatementPreparerImpl$StatementPreparationTemplate.prepareStatement(StatementPreparerImpl.java:183) ~[hibernate-core-7.2.12.Final.jar:7.2.12.Final]
	at org.hibernate.engine.jdbc.internal.StatementPreparerImpl.prepareQueryStatement(StatementPreparerImpl.java:157) ~[hibernate-core-7.2.12.Final.jar:7.2.12.Final]
	at org.hibernate.sql.exec.internal.StandardStatementCreator.createStatement(StandardStatementCreator.java:46) ~[hibernate-core-7.2.12.Final.jar:7.2.12.Final]
	at org.hibernate.sql.results.jdbc.internal.DeferredResultSetAccess.executeQuery(DeferredResultSetAccess.java:257) ~[hibernate-core-7.2.12.Final.jar:7.2.12.Final]
	at org.hibernate.sql.results.jdbc.internal.DeferredResultSetAccess.getResultSet(DeferredResultSetAccess.java:190) ~[hibernate-core-7.2.12.Final.jar:7.2.12.Final]
	at org.hibernate.sql.results.jdbc.internal.JdbcValuesResultSetImpl.<init>(JdbcValuesResultSetImpl.java:71) ~[hibernate-core-7.2.12.Final.jar:7.2.12.Final]
	at org.hibernate.sql.exec.internal.JdbcSelectExecutorStandardImpl.resolveJdbcValues(JdbcSelectExecutorStandardImpl.java:422) ~[hibernate-core-7.2.12.Final.jar:7.2.12.Final]
	at org.hibernate.sql.exec.internal.JdbcSelectExecutorStandardImpl.resolveJdbcValuesSource(JdbcSelectExecutorStandardImpl.java:349) ~[hibernate-core-7.2.12.Final.jar:7.2.12.Final]
	at org.hibernate.sql.exec.internal.JdbcSelectExecutorStandardImpl.doExecuteQuery(JdbcSelectExecutorStandardImpl.java:143) ~[hibernate-core-7.2.12.Final.jar:7.2.12.Final]
	at org.hibernate.sql.exec.internal.JdbcSelectExecutorStandardImpl.executeQuery(JdbcSelectExecutorStandardImpl.java:100) ~[hibernate-core-7.2.12.Final.jar:7.2.12.Final]
	at org.hibernate.sql.exec.spi.JdbcSelectExecutor.executeQuery(JdbcSelectExecutor.java:63) ~[hibernate-core-7.2.12.Final.jar:7.2.12.Final]
	at org.hibernate.sql.exec.spi.JdbcSelectExecutor.list(JdbcSelectExecutor.java:137) ~[hibernate-core-7.2.12.Final.jar:7.2.12.Final]
	at org.hibernate.query.sqm.internal.ConcreteSqmSelectQueryPlan.lambda$new$1(ConcreteSqmSelectQueryPlan.java:134) ~[hibernate-core-7.2.12.Final.jar:7.2.12.Final]
	at org.hibernate.query.sqm.internal.ConcreteSqmSelectQueryPlan.withCacheableSqmInterpretation(ConcreteSqmSelectQueryPlan.java:464) ~[hibernate-core-7.2.12.Final.jar:7.2.12.Final]
	at org.hibernate.query.sqm.internal.ConcreteSqmSelectQueryPlan.performList(ConcreteSqmSelectQueryPlan.java:392) ~[hibernate-core-7.2.12.Final.jar:7.2.12.Final]
	at org.hibernate.query.sqm.internal.SqmQueryImpl.doList(SqmQueryImpl.java:374) ~[hibernate-core-7.2.12.Final.jar:7.2.12.Final]
	at org.hibernate.query.spi.AbstractSelectionQuery.list(AbstractSelectionQuery.java:153) ~[hibernate-core-7.2.12.Final.jar:7.2.12.Final]
	at org.hibernate.query.Query.getResultList(Query.java:121) ~[hibernate-core-7.2.12.Final.jar:7.2.12.Final]
	at java.base/jdk.internal.reflect.DirectMethodHandleAccessor.invoke(DirectMethodHandleAccessor.java:104) ~[na:na]
	at java.base/java.lang.reflect.Method.invoke(Method.java:565) ~[na:na]
	at org.springframework.orm.jpa.SharedEntityManagerCreator$DeferredQueryInvocationHandler.invoke(SharedEntityManagerCreator.java:557) ~[spring-orm-7.0.7.jar:7.0.7]
	at jdk.proxy4/jdk.proxy4.$Proxy170.getResultList(Unknown Source) ~[na:na]
	at org.springframework.data.jpa.repository.query.JpaQueryExecution$CollectionExecution.doExecute(JpaQueryExecution.java:132) ~[spring-data-jpa-4.0.5.jar:4.0.5]
	at org.springframework.data.jpa.repository.query.JpaQueryExecution.execute(JpaQueryExecution.java:99) ~[spring-data-jpa-4.0.5.jar:4.0.5]
	at org.springframework.data.jpa.repository.query.AbstractJpaQuery.doExecute(AbstractJpaQuery.java:164) ~[spring-data-jpa-4.0.5.jar:4.0.5]
	at org.springframework.data.jpa.repository.query.AbstractJpaQuery.execute(AbstractJpaQuery.java:154) ~[spring-data-jpa-4.0.5.jar:4.0.5]
	at org.springframework.data.repository.core.support.RepositoryMethodInvoker.doInvoke(RepositoryMethodInvoker.java:169) ~[spring-data-commons-4.0.5.jar:4.0.5]
	at org.springframework.data.repository.core.support.RepositoryMethodInvoker.invoke(RepositoryMethodInvoker.java:158) ~[spring-data-commons-4.0.5.jar:4.0.5]
	at org.springframework.data.repository.core.support.QueryExecutorMethodInterceptor.doInvoke(QueryExecutorMethodInterceptor.java:167) ~[spring-data-commons-4.0.5.jar:4.0.5]
	at org.springframework.data.repository.core.support.QueryExecutorMethodInterceptor.invoke(QueryExecutorMethodInterceptor.java:146) ~[spring-data-commons-4.0.5.jar:4.0.5]
	at org.springframework.aop.framework.ReflectiveMethodInvocation.proceed(ReflectiveMethodInvocation.java:179) ~[spring-aop-7.0.7.jar:7.0.7]
	at org.springframework.data.projection.DefaultMethodInvokingMethodInterceptor.invoke(DefaultMethodInvokingMethodInterceptor.java:69) ~[spring-data-commons-4.0.5.jar:4.0.5]
	at org.springframework.aop.framework.ReflectiveMethodInvocation.proceed(ReflectiveMethodInvocation.java:179) ~[spring-aop-7.0.7.jar:7.0.7]
	at org.springframework.transaction.interceptor.TransactionInterceptor$1.proceedWithInvocation(TransactionInterceptor.java:133) ~[spring-tx-7.0.7.jar:7.0.7]
	at org.springframework.transaction.interceptor.TransactionAspectSupport.invokeWithinTransaction(TransactionAspectSupport.java:371) ~[spring-tx-7.0.7.jar:7.0.7]
	at org.springframework.transaction.interceptor.TransactionInterceptor.invoke(TransactionInterceptor.java:130) ~[spring-tx-7.0.7.jar:7.0.7]
	at org.springframework.aop.framework.ReflectiveMethodInvocation.proceed(ReflectiveMethodInvocation.java:179) ~[spring-aop-7.0.7.jar:7.0.7]
	at org.springframework.dao.support.PersistenceExceptionTranslationInterceptor.invoke(PersistenceExceptionTranslationInterceptor.java:135) ~[spring-tx-7.0.7.jar:7.0.7]
	at org.springframework.aop.framework.ReflectiveMethodInvocation.proceed(ReflectiveMethodInvocation.java:179) ~[spring-aop-7.0.7.jar:7.0.7]
	at org.springframework.data.jpa.repository.support.CrudMethodMetadataPostProcessor$CrudMethodMetadataPopulatingMethodInterceptor.invoke(CrudMethodMetadataPostProcessor.java:137) ~[spring-data-jpa-4.0.5.jar:4.0.5]
	at org.springframework.aop.framework.ReflectiveMethodInvocation.proceed(ReflectiveMethodInvocation.java:179) ~[spring-aop-7.0.7.jar:7.0.7]
	at org.springframework.aop.framework.JdkDynamicAopProxy.invoke(JdkDynamicAopProxy.java:222) ~[spring-aop-7.0.7.jar:7.0.7]
	at jdk.proxy4/jdk.proxy4.$Proxy155.findByStudentIdOrderByDateAsc(Unknown Source) ~[na:na]
	at com.example.eduadvisor2.controller.ScheduleEventController.list(ScheduleEventController.java:42) ~[classes/:na]
	at java.base/jdk.internal.reflect.DirectMethodHandleAccessor.invoke(DirectMethodHandleAccessor.java:104) ~[na:na]
	at java.base/java.lang.reflect.Method.invoke(Method.java:565) ~[na:na]
	at org.springframework.web.method.support.InvocableHandlerMethod.doInvoke(InvocableHandlerMethod.java:252) ~[spring-web-7.0.7.jar:7.0.7]
	at org.springframework.web.method.support.InvocableHandlerMethod.invokeForRequest(InvocableHandlerMethod.java:184) ~[spring-web-7.0.7.jar:7.0.7]
	at org.springframework.web.servlet.mvc.method.annotation.ServletInvocableHandlerMethod.invokeAndHandle(ServletInvocableHandlerMethod.java:117) ~[spring-webmvc-7.0.7.jar:7.0.7]
	at org.springframework.web.servlet.mvc.method.annotation.RequestMappingHandlerAdapter.invokeHandlerMethod(RequestMappingHandlerAdapter.java:934) ~[spring-webmvc-7.0.7.jar:7.0.7]
	at org.springframework.web.servlet.mvc.method.annotation.RequestMappingHandlerAdapter.handleInternal(RequestMappingHandlerAdapter.java:853) ~[spring-webmvc-7.0.7.jar:7.0.7]
	at org.springframework.web.servlet.mvc.method.AbstractHandlerMethodAdapter.handle(AbstractHandlerMethodAdapter.java:86) ~[spring-webmvc-7.0.7.jar:7.0.7]
	at org.springframework.web.servlet.DispatcherServlet.doDispatch(DispatcherServlet.java:963) ~[spring-webmvc-7.0.7.jar:7.0.7]
	at org.springframework.web.servlet.DispatcherServlet.doService(DispatcherServlet.java:866) ~[spring-webmvc-7.0.7.jar:7.0.7]
	at org.springframework.web.servlet.FrameworkServlet.processRequest(FrameworkServlet.java:1000) ~[spring-webmvc-7.0.7.jar:7.0.7]
	at org.springframework.web.servlet.FrameworkServlet.doGet(FrameworkServlet.java:892) ~[spring-webmvc-7.0.7.jar:7.0.7]
	at jakarta.servlet.http.HttpServlet.service(HttpServlet.java:622) ~[tomcat-embed-core-11.0.21.jar:6.1]
	at org.springframework.web.servlet.FrameworkServlet.service(FrameworkServlet.java:874) ~[spring-webmvc-7.0.7.jar:7.0.7]
	at jakarta.servlet.http.HttpServlet.service(HttpServlet.java:710) ~[tomcat-embed-core-11.0.21.jar:6.1]
	at org.apache.catalina.core.ApplicationFilterChain.doFilter(ApplicationFilterChain.java:128) ~[tomcat-embed-core-11.0.21.jar:11.0.21]
	at org.apache.tomcat.websocket.server.WsFilter.doFilter(WsFilter.java:53) ~[tomcat-embed-websocket-11.0.21.jar:11.0.21]
	at org.apache.catalina.core.ApplicationFilterChain.doFilter(ApplicationFilterChain.java:107) ~[tomcat-embed-core-11.0.21.jar:11.0.21]
	at org.springframework.web.filter.RequestContextFilter.doFilterInternal(RequestContextFilter.java:100) ~[spring-web-7.0.7.jar:7.0.7]
	at org.springframework.web.filter.OncePerRequestFilter.doFilter(OncePerRequestFilter.java:116) ~[spring-web-7.0.7.jar:7.0.7]
	at org.apache.catalina.core.ApplicationFilterChain.doFilter(ApplicationFilterChain.java:107) ~[tomcat-embed-core-11.0.21.jar:11.0.21]
	at org.springframework.web.filter.FormContentFilter.doFilterInternal(FormContentFilter.java:93) ~[spring-web-7.0.7.jar:7.0.7]
	at org.springframework.web.filter.OncePerRequestFilter.doFilter(OncePerRequestFilter.java:116) ~[spring-web-7.0.7.jar:7.0.7]
	at org.apache.catalina.core.ApplicationFilterChain.doFilter(ApplicationFilterChain.java:107) ~[tomcat-embed-core-11.0.21.jar:11.0.21]
	at org.springframework.web.filter.ServerHttpObservationFilter.doFilterInternal(ServerHttpObservationFilter.java:110) ~[spring-web-7.0.7.jar:7.0.7]
	at org.springframework.web.filter.OncePerRequestFilter.doFilter(OncePerRequestFilter.java:116) ~[spring-web-7.0.7.jar:7.0.7]
	at org.apache.catalina.core.ApplicationFilterChain.doFilter(ApplicationFilterChain.java:107) ~[tomcat-embed-core-11.0.21.jar:11.0.21]
	at org.springframework.web.filter.CharacterEncodingFilter.doFilterInternal(CharacterEncodingFilter.java:199) ~[spring-web-7.0.7.jar:7.0.7]
	at org.springframework.web.filter.OncePerRequestFilter.doFilter(OncePerRequestFilter.java:116) ~[spring-web-7.0.7.jar:7.0.7]
	at org.apache.catalina.core.ApplicationFilterChain.doFilter(ApplicationFilterChain.java:107) ~[tomcat-embed-core-11.0.21.jar:11.0.21]
	at org.apache.catalina.core.StandardWrapperValve.invoke(StandardWrapperValve.java:165) ~[tomcat-embed-core-11.0.21.jar:11.0.21]
	at org.apache.catalina.core.StandardContextValve.invoke(StandardContextValve.java:77) ~[tomcat-embed-core-11.0.21.jar:11.0.21]
	at org.apache.catalina.authenticator.AuthenticatorBase.invoke(AuthenticatorBase.java:492) ~[tomcat-embed-core-11.0.21.jar:11.0.21]
	at org.apache.catalina.core.StandardHostValve.invoke(StandardHostValve.java:113) ~[tomcat-embed-core-11.0.21.jar:11.0.21]
	at org.apache.catalina.valves.ErrorReportValve.invoke(ErrorReportValve.java:83) ~[tomcat-embed-core-11.0.21.jar:11.0.21]
	at org.apache.catalina.core.StandardEngineValve.invoke(StandardEngineValve.java:72) ~[tomcat-embed-core-11.0.21.jar:11.0.21]
	at org.apache.catalina.connector.CoyoteAdapter.service(CoyoteAdapter.java:341) ~[tomcat-embed-core-11.0.21.jar:11.0.21]
	at org.apache.coyote.http11.Http11Processor.service(Http11Processor.java:397) ~[tomcat-embed-core-11.0.21.jar:11.0.21]
	at org.apache.coyote.AbstractProcessorLight.process(AbstractProcessorLight.java:63) ~[tomcat-embed-core-11.0.21.jar:11.0.21]
	at org.apache.coyote.AbstractProtocol$ConnectionHandler.process(AbstractProtocol.java:903) ~[tomcat-embed-core-11.0.21.jar:11.0.21]
	at org.apache.tomcat.util.net.NioEndpoint$SocketProcessor.doRun(NioEndpoint.java:1801) ~[tomcat-embed-core-11.0.21.jar:11.0.21]
	at org.apache.tomcat.util.net.SocketProcessorBase.run(SocketProcessorBase.java:52) ~[tomcat-embed-core-11.0.21.jar:11.0.21]
	at org.apache.tomcat.util.threads.ThreadPoolExecutor.runWorker(ThreadPoolExecutor.java:946) ~[tomcat-embed-core-11.0.21.jar:11.0.21]
	at org.apache.tomcat.util.threads.ThreadPoolExecutor$Worker.run(ThreadPoolExecutor.java:480) ~[tomcat-embed-core-11.0.21.jar:11.0.21]
	at org.apache.tomcat.util.threads.TaskThread$WrappingRunnable.run(TaskThread.java:57) ~[tomcat-embed-core-11.0.21.jar:11.0.21]
	at java.base/java.lang.Thread.run(Thread.java:1474) ~[na:na]

2026-07-01T19:39:37.876+06:00  INFO 15424 --- [eduadvisor2] [   File Watcher] rtingClassPathChangeChangedEventListener : Restarting due to 1 class path change (1 addition, 0 deletions, 0 modifications)
2026-07-01T19:39:37.890+06:00  INFO 15424 --- [eduadvisor2] [       Thread-1] o.s.boot.tomcat.GracefulShutdown         : Commencing graceful shutdown. Waiting for active requests to complete
2026-07-01T19:39:37.899+06:00  INFO 15424 --- [eduadvisor2] [tomcat-shutdown] o.s.boot.tomcat.GracefulShutdown         : Graceful shutdown complete
2026-07-01T19:39:37.905+06:00  INFO 15424 --- [eduadvisor2] [       Thread-1] j.LocalContainerEntityManagerFactoryBean : Closing JPA EntityManagerFactory for persistence unit 'default'
2026-07-01T19:39:37.910+06:00  INFO 15424 --- [eduadvisor2] [       Thread-1] com.zaxxer.hikari.HikariDataSource       : HikariPool-1 - Shutdown initiated...
2026-07-01T19:39:37.937+06:00  INFO 15424 --- [eduadvisor2] [       Thread-1] com.zaxxer.hikari.HikariDataSource       : HikariPool-1 - Shutdown completed.

  .   ____          _            __ _ _
 /\\ / ___'_ __ _ _(_)_ __  __ _ \ \ \ \
( ( )\___ | '_ | '_| | '_ \/ _` | \ \ \ \
 \\/  ___)| |_)| | | | | || (_| |  ) ) ) )
  '  |____| .__|_| |_|_| |_\__, | / / / /
 =========|_|==============|___/=/_/_/_/

 :: Spring Boot ::                (v4.0.6)

2026-07-01T19:39:38.045+06:00  INFO 15424 --- [eduadvisor2] [  restartedMain] c.e.eduadvisor2.Eduadvisor2Application   : Starting Eduadvisor2Application using Java 25.0.2 with PID 15424 (D:\OOp_EduAdvisor\eduadvisor2\target\classes started by Windows in D:\OOp_EduAdvisor\eduadvisor2)
2026-07-01T19:39:38.045+06:00  INFO 15424 --- [eduadvisor2] [  restartedMain] c.e.eduadvisor2.Eduadvisor2Application   : No active profile set, falling back to 1 default profile: "default"
2026-07-01T19:39:38.309+06:00  INFO 15424 --- [eduadvisor2] [  restartedMain] .s.d.r.c.RepositoryConfigurationDelegate : Bootstrapping Spring Data JPA repositories in DEFAULT mode.
2026-07-01T19:39:38.354+06:00  INFO 15424 --- [eduadvisor2] [  restartedMain] .s.d.r.c.RepositoryConfigurationDelegate : Finished Spring Data repository scanning in 43 ms. Found 13 JPA repository interfaces.
2026-07-01T19:39:38.491+06:00  INFO 15424 --- [eduadvisor2] [  restartedMain] o.s.boot.tomcat.TomcatWebServer          : Tomcat initialized with port 8081 (http)
2026-07-01T19:39:38.494+06:00  INFO 15424 --- [eduadvisor2] [  restartedMain] o.apache.catalina.core.StandardService   : Starting service [Tomcat]
2026-07-01T19:39:38.494+06:00  INFO 15424 --- [eduadvisor2] [  restartedMain] o.apache.catalina.core.StandardEngine    : Starting Servlet engine: [Apache Tomcat/11.0.21]
2026-07-01T19:39:38.513+06:00  INFO 15424 --- [eduadvisor2] [  restartedMain] b.w.c.s.WebApplicationContextInitializer : Root WebApplicationContext: initialization completed in 465 ms
2026-07-01T19:39:38.571+06:00  INFO 15424 --- [eduadvisor2] [  restartedMain] org.hibernate.orm.jpa                    : HHH008540: Processing PersistenceUnitInfo [name: default]
2026-07-01T19:39:38.595+06:00  INFO 15424 --- [eduadvisor2] [  restartedMain] o.s.o.j.p.SpringPersistenceUnitInfo      : No LoadTimeWeaver setup: ignoring JPA class transformer
2026-07-01T19:39:38.597+06:00  INFO 15424 --- [eduadvisor2] [  restartedMain] com.zaxxer.hikari.HikariDataSource       : HikariPool-2 - Starting...
2026-07-01T19:39:38.621+06:00  INFO 15424 --- [eduadvisor2] [  restartedMain] com.zaxxer.hikari.pool.HikariPool        : HikariPool-2 - Added connection conn10: url=jdbc:h2:file:./data/studentadvicedb user=SA
2026-07-01T19:39:38.622+06:00  INFO 15424 --- [eduadvisor2] [  restartedMain] com.zaxxer.hikari.HikariDataSource       : HikariPool-2 - Start completed.
2026-07-01T19:39:38.622+06:00  INFO 15424 --- [eduadvisor2] [  restartedMain] org.hibernate.orm.connections.pooling    : HHH10001005: Database info:
	Database JDBC URL [jdbc:h2:file:./data/studentadvicedb]
	Database driver: H2 JDBC Driver
	Database dialect: H2Dialect
	Database version: 2.4.240
	Default catalog/schema: STUDENTADVICEDB/PUBLIC
	Autocommit mode: undefined/unknown
	Isolation level: READ_COMMITTED [default READ_COMMITTED]
	JDBC fetch size: 100
	Pool: DataSourceConnectionProvider
	Minimum pool size: undefined/unknown
	Maximum pool size: undefined/unknown
2026-07-01T19:39:38.780+06:00  INFO 15424 --- [eduadvisor2] [  restartedMain] org.hibernate.orm.core                   : HHH000489: No JTA platform available (set 'hibernate.transaction.jta.platform' to enable JTA platform integration)
Hibernate: 
    alter table if exists discussions 
       alter column answer set data type TEXT
Hibernate: 
    alter table if exists discussions 
       alter column answer_image_base64 set data type TEXT
Hibernate: 
    alter table if exists discussions 
       alter column question set data type TEXT
Hibernate: 
    alter table if exists discussions 
       alter column question_image_base64 set data type TEXT
Hibernate: 
    alter table if exists exam_paper_images 
       alter column image_base64 set data type TEXT
Hibernate: 
    alter table if exists lost_found_reports 
       alter column coordinator_note set data type TEXT
Hibernate: 
    alter table if exists lost_found_reports 
       alter column description set data type TEXT
Hibernate: 
    alter table if exists lost_found_reports 
       alter column image_base64 set data type TEXT
Hibernate: 
    alter table if exists schedule_events 
       add column notified boolean not null
2026-07-01T19:39:38.790+06:00  WARN 15424 --- [eduadvisor2] [  restartedMain] o.h.t.s.i.ExceptionHandlerLoggedImpl     : GenerationTarget encountered exception accepting command : Error executing DDL "
    alter table if exists schedule_events 
       add column notified boolean not null" via JDBC [NULL not allowed for column "NOTIFIED";]

org.hibernate.tool.schema.spi.CommandAcceptanceException: Error executing DDL "
    alter table if exists schedule_events 
       add column notified boolean not null" via JDBC [NULL not allowed for column "NOTIFIED";]
	at org.hibernate.tool.schema.internal.exec.GenerationTargetToDatabase.accept(GenerationTargetToDatabase.java:81) ~[hibernate-core-7.2.12.Final.jar:7.2.12.Final]
	at org.hibernate.tool.schema.internal.AbstractSchemaMigrator.applySqlString(AbstractSchemaMigrator.java:566) ~[hibernate-core-7.2.12.Final.jar:7.2.12.Final]
	at org.hibernate.tool.schema.internal.AbstractSchemaMigrator.applySqlStrings(AbstractSchemaMigrator.java:506) ~[hibernate-core-7.2.12.Final.jar:7.2.12.Final]
	at org.hibernate.tool.schema.internal.AbstractSchemaMigrator.migrateTable(AbstractSchemaMigrator.java:324) ~[hibernate-core-7.2.12.Final.jar:7.2.12.Final]
	at org.hibernate.tool.schema.internal.GroupedSchemaMigratorImpl.performTablesMigration(GroupedSchemaMigratorImpl.java:84) ~[hibernate-core-7.2.12.Final.jar:7.2.12.Final]
	at org.hibernate.tool.schema.internal.AbstractSchemaMigrator.performMigration(AbstractSchemaMigrator.java:220) ~[hibernate-core-7.2.12.Final.jar:7.2.12.Final]
	at org.hibernate.tool.schema.internal.AbstractSchemaMigrator.doMigration(AbstractSchemaMigrator.java:96) ~[hibernate-core-7.2.12.Final.jar:7.2.12.Final]
	at org.hibernate.tool.schema.spi.SchemaManagementToolCoordinator.performDatabaseAction(SchemaManagementToolCoordinator.java:269) ~[hibernate-core-7.2.12.Final.jar:7.2.12.Final]
	at org.hibernate.tool.schema.spi.SchemaManagementToolCoordinator.lambda$process$1(SchemaManagementToolCoordinator.java:101) ~[hibernate-core-7.2.12.Final.jar:7.2.12.Final]
	at java.base/java.util.HashMap.forEach(HashMap.java:1430) ~[na:na]
	at org.hibernate.tool.schema.spi.SchemaManagementToolCoordinator.process(SchemaManagementToolCoordinator.java:100) ~[hibernate-core-7.2.12.Final.jar:7.2.12.Final]
	at org.hibernate.boot.internal.SessionFactoryObserverForSchemaExport.sessionFactoryCreated(SessionFactoryObserverForSchemaExport.java:35) ~[hibernate-core-7.2.12.Final.jar:7.2.12.Final]
	at org.hibernate.internal.SessionFactoryObserverChain.sessionFactoryCreated(SessionFactoryObserverChain.java:33) ~[hibernate-core-7.2.12.Final.jar:7.2.12.Final]
	at org.hibernate.internal.SessionFactoryImpl.<init>(SessionFactoryImpl.java:323) ~[hibernate-core-7.2.12.Final.jar:7.2.12.Final]
	at org.hibernate.internal.SessionFactoryRegistry.instantiateSessionFactory(SessionFactoryRegistry.java:64) ~[hibernate-core-7.2.12.Final.jar:7.2.12.Final]
	at org.hibernate.boot.internal.SessionFactoryBuilderImpl.build(SessionFactoryBuilderImpl.java:437) ~[hibernate-core-7.2.12.Final.jar:7.2.12.Final]
	at org.hibernate.jpa.boot.internal.EntityManagerFactoryBuilderImpl.build(EntityManagerFactoryBuilderImpl.java:1456) ~[hibernate-core-7.2.12.Final.jar:7.2.12.Final]
	at org.springframework.orm.jpa.vendor.SpringHibernateJpaPersistenceProvider.createContainerEntityManagerFactory(SpringHibernateJpaPersistenceProvider.java:93) ~[spring-orm-7.0.7.jar:7.0.7]
	at org.springframework.orm.jpa.LocalContainerEntityManagerFactoryBean.createNativeEntityManagerFactory(LocalContainerEntityManagerFactoryBean.java:443) ~[spring-orm-7.0.7.jar:7.0.7]
	at org.springframework.orm.jpa.AbstractEntityManagerFactoryBean.buildNativeEntityManagerFactory(AbstractEntityManagerFactoryBean.java:436) ~[spring-orm-7.0.7.jar:7.0.7]
	at org.springframework.orm.jpa.AbstractEntityManagerFactoryBean.afterPropertiesSet(AbstractEntityManagerFactoryBean.java:411) ~[spring-orm-7.0.7.jar:7.0.7]
	at org.springframework.orm.jpa.LocalContainerEntityManagerFactoryBean.afterPropertiesSet(LocalContainerEntityManagerFactoryBean.java:419) ~[spring-orm-7.0.7.jar:7.0.7]
	at org.springframework.beans.factory.support.AbstractAutowireCapableBeanFactory.invokeInitMethods(AbstractAutowireCapableBeanFactory.java:1864) ~[spring-beans-7.0.7.jar:7.0.7]
	at org.springframework.beans.factory.support.AbstractAutowireCapableBeanFactory.initializeBean(AbstractAutowireCapableBeanFactory.java:1813) ~[spring-beans-7.0.7.jar:7.0.7]
	at org.springframework.beans.factory.support.AbstractAutowireCapableBeanFactory.doCreateBean(AbstractAutowireCapableBeanFactory.java:603) ~[spring-beans-7.0.7.jar:7.0.7]
	at org.springframework.beans.factory.support.AbstractAutowireCapableBeanFactory.createBean(AbstractAutowireCapableBeanFactory.java:525) ~[spring-beans-7.0.7.jar:7.0.7]
	at org.springframework.beans.factory.support.AbstractBeanFactory.lambda$doGetBean$0(AbstractBeanFactory.java:333) ~[spring-beans-7.0.7.jar:7.0.7]
	at org.springframework.beans.factory.support.DefaultSingletonBeanRegistry.getSingleton(DefaultSingletonBeanRegistry.java:371) ~[spring-beans-7.0.7.jar:7.0.7]
	at org.springframework.beans.factory.support.AbstractBeanFactory.doGetBean(AbstractBeanFactory.java:331) ~[spring-beans-7.0.7.jar:7.0.7]
	at org.springframework.beans.factory.support.AbstractBeanFactory.getBean(AbstractBeanFactory.java:201) ~[spring-beans-7.0.7.jar:7.0.7]
	at org.springframework.context.support.AbstractApplicationContext.finishBeanFactoryInitialization(AbstractApplicationContext.java:977) ~[spring-context-7.0.7.jar:7.0.7]
	at org.springframework.context.support.AbstractApplicationContext.refresh(AbstractApplicationContext.java:621) ~[spring-context-7.0.7.jar:7.0.7]
	at org.springframework.boot.web.server.servlet.context.ServletWebServerApplicationContext.refresh(ServletWebServerApplicationContext.java:143) ~[spring-boot-web-server-4.0.6.jar:4.0.6]
	at org.springframework.boot.SpringApplication.refresh(SpringApplication.java:756) ~[spring-boot-4.0.6.jar:4.0.6]
	at org.springframework.boot.SpringApplication.refreshContext(SpringApplication.java:445) ~[spring-boot-4.0.6.jar:4.0.6]
	at org.springframework.boot.SpringApplication.run(SpringApplication.java:321) ~[spring-boot-4.0.6.jar:4.0.6]
	at org.springframework.boot.SpringApplication.run(SpringApplication.java:1365) ~[spring-boot-4.0.6.jar:4.0.6]
	at org.springframework.boot.SpringApplication.run(SpringApplication.java:1354) ~[spring-boot-4.0.6.jar:4.0.6]
	at com.example.eduadvisor2.Eduadvisor2Application.main(Eduadvisor2Application.java:12) ~[classes/:na]
	at java.base/jdk.internal.reflect.DirectMethodHandleAccessor.invoke(DirectMethodHandleAccessor.java:104) ~[na:na]
	at java.base/java.lang.reflect.Method.invoke(Method.java:565) ~[na:na]
	at org.springframework.boot.devtools.restart.RestartLauncher.run(RestartLauncher.java:52) ~[spring-boot-devtools-4.0.6.jar:4.0.6]
Caused by: org.h2.jdbc.JdbcSQLIntegrityConstraintViolationException: NULL not allowed for column "NOTIFIED"; SQL statement:
INSERT INTO "PUBLIC"."SCHEDULE_EVENTS_COPY_3_0"("ID", "CREATED_AT", "DATE", "STUDENT_ID", "TIME", "TITLE", "TYPE") OVERRIDING SYSTEM VALUE SELECT "ID", "CREATED_AT", "DATE", "STUDENT_ID", "TIME", "TITLE", "TYPE" FROM "PUBLIC"."SCHEDULE_EVENTS" [23502-240]
	at org.h2.message.DbException.getJdbcSQLException(DbException.java:520) ~[h2-2.4.240.jar:2.4.240]
	at org.h2.message.DbException.getJdbcSQLException(DbException.java:489) ~[h2-2.4.240.jar:2.4.240]
	at org.h2.message.DbException.get(DbException.java:223) ~[h2-2.4.240.jar:2.4.240]
	at org.h2.message.DbException.get(DbException.java:199) ~[h2-2.4.240.jar:2.4.240]
	at org.h2.table.Column.validateConvertUpdateSequence(Column.java:406) ~[h2-2.4.240.jar:2.4.240]
	at org.h2.table.Table.convertInsertRow(Table.java:948) ~[h2-2.4.240.jar:2.4.240]
	at org.h2.command.dml.Insert.addRow(Insert.java:229) ~[h2-2.4.240.jar:2.4.240]
	at org.h2.command.dml.Insert.insertRows(Insert.java:203) ~[h2-2.4.240.jar:2.4.240]
	at org.h2.command.dml.Insert.update(Insert.java:135) ~[h2-2.4.240.jar:2.4.240]
	at org.h2.command.dml.DataChangeStatement.update(DataChangeStatement.java:77) ~[h2-2.4.240.jar:2.4.240]
	at org.h2.command.CommandContainer.update(CommandContainer.java:139) ~[h2-2.4.240.jar:2.4.240]
	at org.h2.command.Command.executeUpdate(Command.java:306) ~[h2-2.4.240.jar:2.4.240]
	at org.h2.command.Command.executeUpdate(Command.java:250) ~[h2-2.4.240.jar:2.4.240]
	at org.h2.command.ddl.AlterTableAlterColumn.execute(AlterTableAlterColumn.java:648) ~[h2-2.4.240.jar:2.4.240]
	at org.h2.command.ddl.AlterTableAlterColumn.cloneTableStructure(AlterTableAlterColumn.java:560) ~[h2-2.4.240.jar:2.4.240]
	at org.h2.command.ddl.AlterTableAlterColumn.copyData(AlterTableAlterColumn.java:343) ~[h2-2.4.240.jar:2.4.240]
	at org.h2.command.ddl.AlterTableAlterColumn.update(AlterTableAlterColumn.java:244) ~[h2-2.4.240.jar:2.4.240]
	at org.h2.command.CommandContainer.update(CommandContainer.java:139) ~[h2-2.4.240.jar:2.4.240]
	at org.h2.command.Command.executeUpdate(Command.java:306) ~[h2-2.4.240.jar:2.4.240]
	at org.h2.command.Command.executeUpdate(Command.java:250) ~[h2-2.4.240.jar:2.4.240]
	at org.h2.jdbc.JdbcStatement.executeInternal(JdbcStatement.java:262) ~[h2-2.4.240.jar:2.4.240]
	at org.h2.jdbc.JdbcStatement.execute(JdbcStatement.java:231) ~[h2-2.4.240.jar:2.4.240]
	at com.zaxxer.hikari.pool.ProxyStatement.execute(ProxyStatement.java:95) ~[HikariCP-7.0.2.jar:na]
	at com.zaxxer.hikari.pool.HikariProxyStatement.execute(HikariProxyStatement.java) ~[HikariCP-7.0.2.jar:na]
	at org.hibernate.tool.schema.internal.exec.GenerationTargetToDatabase.accept(GenerationTargetToDatabase.java:76) ~[hibernate-core-7.2.12.Final.jar:7.2.12.Final]
	... 41 common frames omitted

2026-07-01T19:39:38.797+06:00  INFO 15424 --- [eduadvisor2] [  restartedMain] j.LocalContainerEntityManagerFactoryBean : Initialized JPA EntityManagerFactory for persistence unit 'default'
2026-07-01T19:39:39.001+06:00  INFO 15424 --- [eduadvisor2] [  restartedMain] o.s.b.w.a.WelcomePageHandlerMapping      : Adding welcome page template: index
2026-07-01T19:39:39.135+06:00  INFO 15424 --- [eduadvisor2] [  restartedMain] o.s.b.a.e.web.EndpointLinksResolver      : Exposing 1 endpoint beneath base path '/actuator'
2026-07-01T19:39:39.161+06:00  INFO 15424 --- [eduadvisor2] [  restartedMain] o.s.boot.tomcat.TomcatWebServer          : Tomcat started on port 8081 (http) with context path '/'
2026-07-01T19:39:39.164+06:00  INFO 15424 --- [eduadvisor2] [  restartedMain] c.e.eduadvisor2.Eduadvisor2Application   : Started Eduadvisor2Application in 1.142 seconds (process running for 770.44)
Hibernate: 
    select
        count(*) 
    from
        students s1_0
Hibernate: 
    select
        count(*) 
    from
        teachers t1_0
Hibernate: 
    select
        count(*) 
    from
        courses c1_0
Hibernate: 
    select
        count(*) 
    from
        enrollments e1_0
Hibernate: 
    select
        t1_0.id,
        t1_0.coordinator,
        t1_0.department,
        t1_0.designation,
        t1_0.email,
        t1_0.name,
        t1_0.password,
        t1_0.photo,
        t1_0.photo_type,
        t1_0.teacher_id 
    from
        teachers t1_0 
    where
        t1_0.teacher_id=?
Hibernate: 
    select
        t1_0.id,
        t1_0.coordinator,
        t1_0.department,
        t1_0.designation,
        t1_0.email,
        t1_0.name,
        t1_0.password,
        t1_0.photo,
        t1_0.photo_type,
        t1_0.teacher_id 
    from
        teachers t1_0 
    where
        t1_0.teacher_id=?
Hibernate: 
    select
        t1_0.id,
        t1_0.coordinator,
        t1_0.department,
        t1_0.designation,
        t1_0.email,
        t1_0.name,
        t1_0.password,
        t1_0.photo,
        t1_0.photo_type,
        t1_0.teacher_id 
    from
        teachers t1_0 
    where
        t1_0.teacher_id=?
2026-07-01T19:39:39.228+06:00  INFO 15424 --- [eduadvisor2] [  restartedMain] .ConditionEvaluationDeltaLoggingListener : Condition evaluation unchanged
2026-07-01T19:58:53.239+06:00  INFO 15424 --- [eduadvisor2] [   File Watcher] rtingClassPathChangeChangedEventListener : Restarting due to 65 class path changes (0 additions, 65 deletions, 0 modifications)
2026-07-01T19:58:53.260+06:00  INFO 15424 --- [eduadvisor2] [       Thread-6] o.s.boot.tomcat.GracefulShutdown         : Commencing graceful shutdown. Waiting for active requests to complete
2026-07-01T19:58:53.269+06:00  INFO 15424 --- [eduadvisor2] [tomcat-shutdown] o.s.boot.tomcat.GracefulShutdown         : Graceful shutdown complete
2026-07-01T19:58:53.277+06:00  INFO 15424 --- [eduadvisor2] [       Thread-6] j.LocalContainerEntityManagerFactoryBean : Closing JPA EntityManagerFactory for persistence unit 'default'
2026-07-01T19:58:53.284+06:00  INFO 15424 --- [eduadvisor2] [       Thread-6] com.zaxxer.hikari.HikariDataSource       : HikariPool-2 - Shutdown initiated...
2026-07-01T19:58:53.333+06:00  INFO 15424 --- [eduadvisor2] [       Thread-6] com.zaxxer.hikari.HikariDataSource       : HikariPool-2 - Shutdown completed.

  .   ____          _            __ _ _
 /\\ / ___'_ __ _ _(_)_ __  __ _ \ \ \ \
( ( )\___ | '_ | '_| | '_ \/ _` | \ \ \ \
 \\/  ___)| |_)| | | | | || (_| |  ) ) ) )
  '  |____| .__|_| |_|_| |_\__, | / / / /
 =========|_|==============|___/=/_/_/_/

 :: Spring Boot ::                (v4.0.6)

2026-07-01T19:58:53.665+06:00  INFO 15424 --- [eduadvisor2] [  restartedMain] c.e.eduadvisor2.Eduadvisor2Application   : Starting Eduadvisor2Application using Java 25.0.2 with PID 15424 (D:\OOp_EduAdvisor\eduadvisor2\target\classes started by Windows in D:\OOp_EduAdvisor\eduadvisor2)
2026-07-01T19:58:53.666+06:00  INFO 15424 --- [eduadvisor2] [  restartedMain] c.e.eduadvisor2.Eduadvisor2Application   : No active profile set, falling back to 1 default profile: "default"
2026-07-01T19:58:54.042+06:00  INFO 15424 --- [eduadvisor2] [  restartedMain] .s.d.r.c.RepositoryConfigurationDelegate : Bootstrapping Spring Data JPA repositories in DEFAULT mode.
2026-07-01T19:58:54.048+06:00  INFO 15424 --- [eduadvisor2] [  restartedMain] .s.d.r.c.RepositoryConfigurationDelegate : Finished Spring Data repository scanning in 2 ms. Found 0 JPA repository interfaces.
2026-07-01T19:58:54.610+06:00  INFO 15424 --- [eduadvisor2] [  restartedMain] o.s.boot.tomcat.TomcatWebServer          : Tomcat initialized with port 8081 (http)
2026-07-01T19:58:54.615+06:00  INFO 15424 --- [eduadvisor2] [  restartedMain] o.apache.catalina.core.StandardService   : Starting service [Tomcat]
2026-07-01T19:58:54.618+06:00  INFO 15424 --- [eduadvisor2] [  restartedMain] o.apache.catalina.core.StandardEngine    : Starting Servlet engine: [Apache Tomcat/11.0.21]
2026-07-01T19:58:54.678+06:00  INFO 15424 --- [eduadvisor2] [  restartedMain] b.w.c.s.WebApplicationContextInitializer : Root WebApplicationContext: initialization completed in 1006 ms
2026-07-01T19:58:54.965+06:00  INFO 15424 --- [eduadvisor2] [  restartedMain] org.hibernate.orm.jpa                    : HHH008540: Processing PersistenceUnitInfo [name: default]
2026-07-01T19:58:55.045+06:00  INFO 15424 --- [eduadvisor2] [  restartedMain] o.s.o.j.p.SpringPersistenceUnitInfo      : No LoadTimeWeaver setup: ignoring JPA class transformer
2026-07-01T19:58:55.050+06:00  INFO 15424 --- [eduadvisor2] [  restartedMain] com.zaxxer.hikari.HikariDataSource       : HikariPool-3 - Starting...
2026-07-01T19:58:55.089+06:00  INFO 15424 --- [eduadvisor2] [  restartedMain] com.zaxxer.hikari.pool.HikariPool        : HikariPool-3 - Added connection conn20: url=jdbc:h2:file:./data/studentadvicedb user=SA
2026-07-01T19:58:55.091+06:00  INFO 15424 --- [eduadvisor2] [  restartedMain] com.zaxxer.hikari.HikariDataSource       : HikariPool-3 - Start completed.
2026-07-01T19:58:55.093+06:00  INFO 15424 --- [eduadvisor2] [  restartedMain] org.hibernate.orm.connections.pooling    : HHH10001005: Database info:
	Database JDBC URL [jdbc:h2:file:./data/studentadvicedb]
	Database driver: H2 JDBC Driver
	Database dialect: H2Dialect
	Database version: 2.4.240
	Default catalog/schema: STUDENTADVICEDB/PUBLIC
	Autocommit mode: undefined/unknown
	Isolation level: READ_COMMITTED [default READ_COMMITTED]
	JDBC fetch size: 100
	Pool: DataSourceConnectionProvider
	Minimum pool size: undefined/unknown
	Maximum pool size: undefined/unknown
2026-07-01T19:58:55.116+06:00  INFO 15424 --- [eduadvisor2] [  restartedMain] org.hibernate.orm.core                   : HHH000489: No JTA platform available (set 'hibernate.transaction.jta.platform' to enable JTA platform integration)
2026-07-01T19:58:55.117+06:00  INFO 15424 --- [eduadvisor2] [  restartedMain] j.LocalContainerEntityManagerFactoryBean : Initialized JPA EntityManagerFactory for persistence unit 'default'
2026-07-01T19:58:55.187+06:00  INFO 15424 --- [eduadvisor2] [  restartedMain] o.s.b.w.a.WelcomePageHandlerMapping      : Adding welcome page template: index
2026-07-01T19:58:55.495+06:00  INFO 15424 --- [eduadvisor2] [  restartedMain] o.s.b.a.e.web.EndpointLinksResolver      : Exposing 1 endpoint beneath base path '/actuator'
2026-07-01T19:58:55.527+06:00  INFO 15424 --- [eduadvisor2] [  restartedMain] o.s.boot.tomcat.TomcatWebServer          : Tomcat started on port 8081 (http) with context path '/'
2026-07-01T19:58:55.535+06:00  INFO 15424 --- [eduadvisor2] [  restartedMain] c.e.eduadvisor2.Eduadvisor2Application   : Started Eduadvisor2Application in 1.971 seconds (process running for 1926.81)
2026-07-01T19:58:55.538+06:00  INFO 15424 --- [eduadvisor2] [  restartedMain] .ConditionEvaluationDeltaLoggingListener : Condition evaluation unchanged
2026-07-01T19:59:01.829+06:00  INFO 15424 --- [eduadvisor2] [   File Watcher] rtingClassPathChangeChangedEventListener : Restarting due to 66 class path changes (65 additions, 0 deletions, 1 modification)
2026-07-01T19:59:01.832+06:00  INFO 15424 --- [eduadvisor2] [      Thread-10] o.s.boot.tomcat.GracefulShutdown         : Commencing graceful shutdown. Waiting for active requests to complete
2026-07-01T19:59:01.839+06:00  INFO 15424 --- [eduadvisor2] [tomcat-shutdown] o.s.boot.tomcat.GracefulShutdown         : Graceful shutdown complete
2026-07-01T19:59:01.841+06:00  INFO 15424 --- [eduadvisor2] [      Thread-10] j.LocalContainerEntityManagerFactoryBean : Closing JPA EntityManagerFactory for persistence unit 'default'
2026-07-01T19:59:01.842+06:00  INFO 15424 --- [eduadvisor2] [      Thread-10] com.zaxxer.hikari.HikariDataSource       : HikariPool-3 - Shutdown initiated...
2026-07-01T19:59:01.872+06:00  INFO 15424 --- [eduadvisor2] [      Thread-10] com.zaxxer.hikari.HikariDataSource       : HikariPool-3 - Shutdown completed.

  .   ____          _            __ _ _
 /\\ / ___'_ __ _ _(_)_ __  __ _ \ \ \ \
( ( )\___ | '_ | '_| | '_ \/ _` | \ \ \ \
 \\/  ___)| |_)| | | | | || (_| |  ) ) ) )
  '  |____| .__|_| |_|_| |_\__, | / / / /
 =========|_|==============|___/=/_/_/_/

 :: Spring Boot ::                (v4.0.6)

2026-07-01T19:59:01.986+06:00  INFO 15424 --- [eduadvisor2] [  restartedMain] c.e.eduadvisor2.Eduadvisor2Application   : Starting Eduadvisor2Application using Java 25.0.2 with PID 15424 (D:\OOp_EduAdvisor\eduadvisor2\target\classes started by Windows in D:\OOp_EduAdvisor\eduadvisor2)
2026-07-01T19:59:01.986+06:00  INFO 15424 --- [eduadvisor2] [  restartedMain] c.e.eduadvisor2.Eduadvisor2Application   : No active profile set, falling back to 1 default profile: "default"
2026-07-01T19:59:02.485+06:00  INFO 15424 --- [eduadvisor2] [  restartedMain] .s.d.r.c.RepositoryConfigurationDelegate : Bootstrapping Spring Data JPA repositories in DEFAULT mode.
2026-07-01T19:59:02.542+06:00  INFO 15424 --- [eduadvisor2] [  restartedMain] .s.d.r.c.RepositoryConfigurationDelegate : Finished Spring Data repository scanning in 54 ms. Found 13 JPA repository interfaces.
2026-07-01T19:59:02.712+06:00  INFO 15424 --- [eduadvisor2] [  restartedMain] o.s.boot.tomcat.TomcatWebServer          : Tomcat initialized with port 8081 (http)
2026-07-01T19:59:02.716+06:00  INFO 15424 --- [eduadvisor2] [  restartedMain] o.apache.catalina.core.StandardService   : Starting service [Tomcat]
2026-07-01T19:59:02.716+06:00  INFO 15424 --- [eduadvisor2] [  restartedMain] o.apache.catalina.core.StandardEngine    : Starting Servlet engine: [Apache Tomcat/11.0.21]
2026-07-01T19:59:02.741+06:00  INFO 15424 --- [eduadvisor2] [  restartedMain] b.w.c.s.WebApplicationContextInitializer : Root WebApplicationContext: initialization completed in 753 ms
2026-07-01T19:59:02.849+06:00  INFO 15424 --- [eduadvisor2] [  restartedMain] org.hibernate.orm.jpa                    : HHH008540: Processing PersistenceUnitInfo [name: default]
2026-07-01T19:59:02.891+06:00  INFO 15424 --- [eduadvisor2] [  restartedMain] o.s.o.j.p.SpringPersistenceUnitInfo      : No LoadTimeWeaver setup: ignoring JPA class transformer
2026-07-01T19:59:02.893+06:00  INFO 15424 --- [eduadvisor2] [  restartedMain] com.zaxxer.hikari.HikariDataSource       : HikariPool-4 - Starting...
2026-07-01T19:59:02.938+06:00  INFO 15424 --- [eduadvisor2] [  restartedMain] com.zaxxer.hikari.pool.HikariPool        : HikariPool-4 - Added connection conn30: url=jdbc:h2:file:./data/studentadvicedb user=SA
2026-07-01T19:59:02.939+06:00  INFO 15424 --- [eduadvisor2] [  restartedMain] com.zaxxer.hikari.HikariDataSource       : HikariPool-4 - Start completed.
2026-07-01T19:59:02.940+06:00  INFO 15424 --- [eduadvisor2] [  restartedMain] org.hibernate.orm.connections.pooling    : HHH10001005: Database info:
	Database JDBC URL [jdbc:h2:file:./data/studentadvicedb]
	Database driver: H2 JDBC Driver
	Database dialect: H2Dialect
	Database version: 2.4.240
	Default catalog/schema: STUDENTADVICEDB/PUBLIC
	Autocommit mode: undefined/unknown
	Isolation level: READ_COMMITTED [default READ_COMMITTED]
	JDBC fetch size: 100
	Pool: DataSourceConnectionProvider
	Minimum pool size: undefined/unknown
	Maximum pool size: undefined/unknown
2026-07-01T19:59:03.248+06:00  INFO 15424 --- [eduadvisor2] [  restartedMain] org.hibernate.orm.core                   : HHH000489: No JTA platform available (set 'hibernate.transaction.jta.platform' to enable JTA platform integration)
Hibernate: 
    alter table if exists discussions 
       alter column answer set data type TEXT
Hibernate: 
    alter table if exists discussions 
       alter column answer_image_base64 set data type TEXT
Hibernate: 
    alter table if exists discussions 
       alter column question set data type TEXT
Hibernate: 
    alter table if exists discussions 
       alter column question_image_base64 set data type TEXT
Hibernate: 
    alter table if exists exam_paper_images 
       alter column image_base64 set data type TEXT
Hibernate: 
    alter table if exists lost_found_reports 
       alter column coordinator_note set data type TEXT
Hibernate: 
    alter table if exists lost_found_reports 
       alter column description set data type TEXT
Hibernate: 
    alter table if exists lost_found_reports 
       alter column image_base64 set data type TEXT
Hibernate: 
    alter table if exists schedule_events 
       add column notified boolean not null
2026-07-01T19:59:03.263+06:00  WARN 15424 --- [eduadvisor2] [  restartedMain] o.h.t.s.i.ExceptionHandlerLoggedImpl     : GenerationTarget encountered exception accepting command : Error executing DDL "
    alter table if exists schedule_events 
       add column notified boolean not null" via JDBC [NULL not allowed for column "NOTIFIED";]

org.hibernate.tool.schema.spi.CommandAcceptanceException: Error executing DDL "
    alter table if exists schedule_events 
       add column notified boolean not null" via JDBC [NULL not allowed for column "NOTIFIED";]
	at org.hibernate.tool.schema.internal.exec.GenerationTargetToDatabase.accept(GenerationTargetToDatabase.java:81) ~[hibernate-core-7.2.12.Final.jar:7.2.12.Final]
	at org.hibernate.tool.schema.internal.AbstractSchemaMigrator.applySqlString(AbstractSchemaMigrator.java:566) ~[hibernate-core-7.2.12.Final.jar:7.2.12.Final]
	at org.hibernate.tool.schema.internal.AbstractSchemaMigrator.applySqlStrings(AbstractSchemaMigrator.java:506) ~[hibernate-core-7.2.12.Final.jar:7.2.12.Final]
	at org.hibernate.tool.schema.internal.AbstractSchemaMigrator.migrateTable(AbstractSchemaMigrator.java:324) ~[hibernate-core-7.2.12.Final.jar:7.2.12.Final]
	at org.hibernate.tool.schema.internal.GroupedSchemaMigratorImpl.performTablesMigration(GroupedSchemaMigratorImpl.java:84) ~[hibernate-core-7.2.12.Final.jar:7.2.12.Final]
	at org.hibernate.tool.schema.internal.AbstractSchemaMigrator.performMigration(AbstractSchemaMigrator.java:220) ~[hibernate-core-7.2.12.Final.jar:7.2.12.Final]
	at org.hibernate.tool.schema.internal.AbstractSchemaMigrator.doMigration(AbstractSchemaMigrator.java:96) ~[hibernate-core-7.2.12.Final.jar:7.2.12.Final]
	at org.hibernate.tool.schema.spi.SchemaManagementToolCoordinator.performDatabaseAction(SchemaManagementToolCoordinator.java:269) ~[hibernate-core-7.2.12.Final.jar:7.2.12.Final]
	at org.hibernate.tool.schema.spi.SchemaManagementToolCoordinator.lambda$process$1(SchemaManagementToolCoordinator.java:101) ~[hibernate-core-7.2.12.Final.jar:7.2.12.Final]
	at java.base/java.util.HashMap.forEach(HashMap.java:1430) ~[na:na]
	at org.hibernate.tool.schema.spi.SchemaManagementToolCoordinator.process(SchemaManagementToolCoordinator.java:100) ~[hibernate-core-7.2.12.Final.jar:7.2.12.Final]
	at org.hibernate.boot.internal.SessionFactoryObserverForSchemaExport.sessionFactoryCreated(SessionFactoryObserverForSchemaExport.java:35) ~[hibernate-core-7.2.12.Final.jar:7.2.12.Final]
	at org.hibernate.internal.SessionFactoryObserverChain.sessionFactoryCreated(SessionFactoryObserverChain.java:33) ~[hibernate-core-7.2.12.Final.jar:7.2.12.Final]
	at org.hibernate.internal.SessionFactoryImpl.<init>(SessionFactoryImpl.java:323) ~[hibernate-core-7.2.12.Final.jar:7.2.12.Final]
	at org.hibernate.internal.SessionFactoryRegistry.instantiateSessionFactory(SessionFactoryRegistry.java:64) ~[hibernate-core-7.2.12.Final.jar:7.2.12.Final]
	at org.hibernate.boot.internal.SessionFactoryBuilderImpl.build(SessionFactoryBuilderImpl.java:437) ~[hibernate-core-7.2.12.Final.jar:7.2.12.Final]
	at org.hibernate.jpa.boot.internal.EntityManagerFactoryBuilderImpl.build(EntityManagerFactoryBuilderImpl.java:1456) ~[hibernate-core-7.2.12.Final.jar:7.2.12.Final]
	at org.springframework.orm.jpa.vendor.SpringHibernateJpaPersistenceProvider.createContainerEntityManagerFactory(SpringHibernateJpaPersistenceProvider.java:93) ~[spring-orm-7.0.7.jar:7.0.7]
	at org.springframework.orm.jpa.LocalContainerEntityManagerFactoryBean.createNativeEntityManagerFactory(LocalContainerEntityManagerFactoryBean.java:443) ~[spring-orm-7.0.7.jar:7.0.7]
	at org.springframework.orm.jpa.AbstractEntityManagerFactoryBean.buildNativeEntityManagerFactory(AbstractEntityManagerFactoryBean.java:436) ~[spring-orm-7.0.7.jar:7.0.7]
	at org.springframework.orm.jpa.AbstractEntityManagerFactoryBean.afterPropertiesSet(AbstractEntityManagerFactoryBean.java:411) ~[spring-orm-7.0.7.jar:7.0.7]
	at org.springframework.orm.jpa.LocalContainerEntityManagerFactoryBean.afterPropertiesSet(LocalContainerEntityManagerFactoryBean.java:419) ~[spring-orm-7.0.7.jar:7.0.7]
	at org.springframework.beans.factory.support.AbstractAutowireCapableBeanFactory.invokeInitMethods(AbstractAutowireCapableBeanFactory.java:1864) ~[spring-beans-7.0.7.jar:7.0.7]
	at org.springframework.beans.factory.support.AbstractAutowireCapableBeanFactory.initializeBean(AbstractAutowireCapableBeanFactory.java:1813) ~[spring-beans-7.0.7.jar:7.0.7]
	at org.springframework.beans.factory.support.AbstractAutowireCapableBeanFactory.doCreateBean(AbstractAutowireCapableBeanFactory.java:603) ~[spring-beans-7.0.7.jar:7.0.7]
	at org.springframework.beans.factory.support.AbstractAutowireCapableBeanFactory.createBean(AbstractAutowireCapableBeanFactory.java:525) ~[spring-beans-7.0.7.jar:7.0.7]
	at org.springframework.beans.factory.support.AbstractBeanFactory.lambda$doGetBean$0(AbstractBeanFactory.java:333) ~[spring-beans-7.0.7.jar:7.0.7]
	at org.springframework.beans.factory.support.DefaultSingletonBeanRegistry.getSingleton(DefaultSingletonBeanRegistry.java:371) ~[spring-beans-7.0.7.jar:7.0.7]
	at org.springframework.beans.factory.support.AbstractBeanFactory.doGetBean(AbstractBeanFactory.java:331) ~[spring-beans-7.0.7.jar:7.0.7]
	at org.springframework.beans.factory.support.AbstractBeanFactory.getBean(AbstractBeanFactory.java:201) ~[spring-beans-7.0.7.jar:7.0.7]
	at org.springframework.context.support.AbstractApplicationContext.finishBeanFactoryInitialization(AbstractApplicationContext.java:977) ~[spring-context-7.0.7.jar:7.0.7]
	at org.springframework.context.support.AbstractApplicationContext.refresh(AbstractApplicationContext.java:621) ~[spring-context-7.0.7.jar:7.0.7]
	at org.springframework.boot.web.server.servlet.context.ServletWebServerApplicationContext.refresh(ServletWebServerApplicationContext.java:143) ~[spring-boot-web-server-4.0.6.jar:4.0.6]
	at org.springframework.boot.SpringApplication.refresh(SpringApplication.java:756) ~[spring-boot-4.0.6.jar:4.0.6]
	at org.springframework.boot.SpringApplication.refreshContext(SpringApplication.java:445) ~[spring-boot-4.0.6.jar:4.0.6]
	at org.springframework.boot.SpringApplication.run(SpringApplication.java:321) ~[spring-boot-4.0.6.jar:4.0.6]
	at org.springframework.boot.SpringApplication.run(SpringApplication.java:1365) ~[spring-boot-4.0.6.jar:4.0.6]
	at org.springframework.boot.SpringApplication.run(SpringApplication.java:1354) ~[spring-boot-4.0.6.jar:4.0.6]
	at com.example.eduadvisor2.Eduadvisor2Application.main(Eduadvisor2Application.java:12) ~[classes/:na]
	at java.base/jdk.internal.reflect.DirectMethodHandleAccessor.invoke(DirectMethodHandleAccessor.java:104) ~[na:na]
	at java.base/java.lang.reflect.Method.invoke(Method.java:565) ~[na:na]
	at org.springframework.boot.devtools.restart.RestartLauncher.run(RestartLauncher.java:52) ~[spring-boot-devtools-4.0.6.jar:4.0.6]
Caused by: org.h2.jdbc.JdbcSQLIntegrityConstraintViolationException: NULL not allowed for column "NOTIFIED"; SQL statement:
INSERT INTO "PUBLIC"."SCHEDULE_EVENTS_COPY_3_0"("ID", "CREATED_AT", "DATE", "STUDENT_ID", "TIME", "TITLE", "TYPE") OVERRIDING SYSTEM VALUE SELECT "ID", "CREATED_AT", "DATE", "STUDENT_ID", "TIME", "TITLE", "TYPE" FROM "PUBLIC"."SCHEDULE_EVENTS" [23502-240]
	at org.h2.message.DbException.getJdbcSQLException(DbException.java:520) ~[h2-2.4.240.jar:2.4.240]
	at org.h2.message.DbException.getJdbcSQLException(DbException.java:489) ~[h2-2.4.240.jar:2.4.240]
	at org.h2.message.DbException.get(DbException.java:223) ~[h2-2.4.240.jar:2.4.240]
	at org.h2.message.DbException.get(DbException.java:199) ~[h2-2.4.240.jar:2.4.240]
	at org.h2.table.Column.validateConvertUpdateSequence(Column.java:406) ~[h2-2.4.240.jar:2.4.240]
	at org.h2.table.Table.convertInsertRow(Table.java:948) ~[h2-2.4.240.jar:2.4.240]
	at org.h2.command.dml.Insert.addRow(Insert.java:229) ~[h2-2.4.240.jar:2.4.240]
	at org.h2.command.dml.Insert.insertRows(Insert.java:203) ~[h2-2.4.240.jar:2.4.240]
	at org.h2.command.dml.Insert.update(Insert.java:135) ~[h2-2.4.240.jar:2.4.240]
	at org.h2.command.dml.DataChangeStatement.update(DataChangeStatement.java:77) ~[h2-2.4.240.jar:2.4.240]
	at org.h2.command.CommandContainer.update(CommandContainer.java:139) ~[h2-2.4.240.jar:2.4.240]
	at org.h2.command.Command.executeUpdate(Command.java:306) ~[h2-2.4.240.jar:2.4.240]
	at org.h2.command.Command.executeUpdate(Command.java:250) ~[h2-2.4.240.jar:2.4.240]
	at org.h2.command.ddl.AlterTableAlterColumn.execute(AlterTableAlterColumn.java:648) ~[h2-2.4.240.jar:2.4.240]
	at org.h2.command.ddl.AlterTableAlterColumn.cloneTableStructure(AlterTableAlterColumn.java:560) ~[h2-2.4.240.jar:2.4.240]
	at org.h2.command.ddl.AlterTableAlterColumn.copyData(AlterTableAlterColumn.java:343) ~[h2-2.4.240.jar:2.4.240]
	at org.h2.command.ddl.AlterTableAlterColumn.update(AlterTableAlterColumn.java:244) ~[h2-2.4.240.jar:2.4.240]
	at org.h2.command.CommandContainer.update(CommandContainer.java:139) ~[h2-2.4.240.jar:2.4.240]
	at org.h2.command.Command.executeUpdate(Command.java:306) ~[h2-2.4.240.jar:2.4.240]
	at org.h2.command.Command.executeUpdate(Command.java:250) ~[h2-2.4.240.jar:2.4.240]
	at org.h2.jdbc.JdbcStatement.executeInternal(JdbcStatement.java:262) ~[h2-2.4.240.jar:2.4.240]
	at org.h2.jdbc.JdbcStatement.execute(JdbcStatement.java:231) ~[h2-2.4.240.jar:2.4.240]
	at com.zaxxer.hikari.pool.ProxyStatement.execute(ProxyStatement.java:95) ~[HikariCP-7.0.2.jar:na]
	at com.zaxxer.hikari.pool.HikariProxyStatement.execute(HikariProxyStatement.java) ~[HikariCP-7.0.2.jar:na]
	at org.hibernate.tool.schema.internal.exec.GenerationTargetToDatabase.accept(GenerationTargetToDatabase.java:76) ~[hibernate-core-7.2.12.Final.jar:7.2.12.Final]
	... 41 common frames omitted

2026-07-01T19:59:03.270+06:00  INFO 15424 --- [eduadvisor2] [  restartedMain] j.LocalContainerEntityManagerFactoryBean : Initialized JPA EntityManagerFactory for persistence unit 'default'
2026-07-01T19:59:03.548+06:00  INFO 15424 --- [eduadvisor2] [  restartedMain] o.s.b.w.a.WelcomePageHandlerMapping      : Adding welcome page template: index
2026-07-01T19:59:03.702+06:00  INFO 15424 --- [eduadvisor2] [  restartedMain] o.s.b.a.e.web.EndpointLinksResolver      : Exposing 1 endpoint beneath base path '/actuator'
2026-07-01T19:59:03.732+06:00  INFO 15424 --- [eduadvisor2] [  restartedMain] o.s.boot.tomcat.TomcatWebServer          : Tomcat started on port 8081 (http) with context path '/'
2026-07-01T19:59:03.738+06:00  INFO 15424 --- [eduadvisor2] [  restartedMain] c.e.eduadvisor2.Eduadvisor2Application   : Started Eduadvisor2Application in 1.783 seconds (process running for 1935.013)
Hibernate: 
    select
        count(*) 
    from
        students s1_0
Hibernate: 
    select
        count(*) 
    from
        teachers t1_0
Hibernate: 
    select
        count(*) 
    from
        courses c1_0
Hibernate: 
    select
        count(*) 
    from
        enrollments e1_0
Hibernate: 
    select
        t1_0.id,
        t1_0.coordinator,
        t1_0.department,
        t1_0.designation,
        t1_0.email,
        t1_0.name,
        t1_0.password,
        t1_0.photo,
        t1_0.photo_type,
        t1_0.teacher_id 
    from
        teachers t1_0 
    where
        t1_0.teacher_id=?
Hibernate: 
    select
        t1_0.id,
        t1_0.coordinator,
        t1_0.department,
        t1_0.designation,
        t1_0.email,
        t1_0.name,
        t1_0.password,
        t1_0.photo,
        t1_0.photo_type,
        t1_0.teacher_id 
    from
        teachers t1_0 
    where
        t1_0.teacher_id=?
Hibernate: 
    select
        t1_0.id,
        t1_0.coordinator,
        t1_0.department,
        t1_0.designation,
        t1_0.email,
        t1_0.name,
        t1_0.password,
        t1_0.photo,
        t1_0.photo_type,
        t1_0.teacher_id 
    from
        teachers t1_0 
    where
        t1_0.teacher_id=?
2026-07-01T19:59:03.811+06:00  INFO 15424 --- [eduadvisor2] [  restartedMain] .ConditionEvaluationDeltaLoggingListener : Condition evaluation unchanged
2026-07-01T19:59:23.241+06:00  INFO 15424 --- [eduadvisor2] [nio-8081-exec-1] o.a.c.c.C.[Tomcat].[localhost].[/]       : Initializing Spring DispatcherServlet 'dispatcherServlet'
2026-07-01T19:59:23.244+06:00  INFO 15424 --- [eduadvisor2] [nio-8081-exec-1] o.s.web.servlet.DispatcherServlet        : Initializing Servlet 'dispatcherServlet'
2026-07-01T19:59:23.254+06:00  INFO 15424 --- [eduadvisor2] [nio-8081-exec-1] o.s.web.servlet.DispatcherServlet        : Completed initialization in 8 ms
Hibernate: 
    select
        e1_0.id,
        e1_0.course_id,
        e1_0.enrolled_at,
        e1_0.student_id 
    from
        enrollments e1_0 
    where
        e1_0.student_id=?
Hibernate: 
    select
        c1_0.code,
        c1_0.category,
        c1_0.color,
        c1_0.credits,
        c1_0.days,
        c1_0.end_time,
        c1_0.instructor,
        c1_0.name,
        c1_0.room,
        c1_0.start_time,
        c1_0.teacher_id 
    from
        courses c1_0 
    where
        c1_0.code=?
Hibernate: 
    select
        c1_0.code,
        c1_0.category,
        c1_0.color,
        c1_0.credits,
        c1_0.days,
        c1_0.end_time,
        c1_0.instructor,
        c1_0.name,
        c1_0.room,
        c1_0.start_time,
        c1_0.teacher_id 
    from
        courses c1_0 
    where
        c1_0.code=?
Hibernate: 
    select
        c1_0.code,
        c1_0.category,
        c1_0.color,
        c1_0.credits,
        c1_0.days,
        c1_0.end_time,
        c1_0.instructor,
        c1_0.name,
        c1_0.room,
        c1_0.start_time,
        c1_0.teacher_id 
    from
        courses c1_0 
    where
        c1_0.code=?
Hibernate: 
    select
        c1_0.code,
        c1_0.category,
        c1_0.color,
        c1_0.credits,
        c1_0.days,
        c1_0.end_time,
        c1_0.instructor,
        c1_0.name,
        c1_0.room,
        c1_0.start_time,
        c1_0.teacher_id 
    from
        courses c1_0 
    where
        c1_0.code=?
Hibernate: 
    select
        se1_0.id,
        se1_0.created_at,
        se1_0.date,
        se1_0.notified,
        se1_0.student_id,
        se1_0.time,
        se1_0.title,
        se1_0.type 
    from
        schedule_events se1_0 
    where
        se1_0.student_id=? 
    order by
        se1_0.date
2026-07-01T19:59:23.806+06:00  WARN 15424 --- [eduadvisor2] [nio-8081-exec-3] org.hibernate.orm.jdbc.error             : HHH000247: ErrorCode: 42122, SQLState: 42S22
2026-07-01T19:59:23.806+06:00  WARN 15424 --- [eduadvisor2] [nio-8081-exec-3] org.hibernate.orm.jdbc.error             : Column "SE1_0.NOTIFIED" not found; SQL statement:
select se1_0.id,se1_0.created_at,se1_0.date,se1_0.notified,se1_0.student_id,se1_0.time,se1_0.title,se1_0.type from schedule_events se1_0 where se1_0.student_id=? order by se1_0.date [42122-240]
2026-07-01T19:59:23.818+06:00 ERROR 15424 --- [eduadvisor2] [nio-8081-exec-3] o.a.c.c.C.[.[.[/].[dispatcherServlet]    : Servlet.service() for servlet [dispatcherServlet] in context with path [] threw exception [Request processing failed: org.springframework.dao.InvalidDataAccessResourceUsageException: Could not prepare statement [Column "SE1_0.NOTIFIED" not found; SQL statement:
select se1_0.id,se1_0.created_at,se1_0.date,se1_0.notified,se1_0.student_id,se1_0.time,se1_0.title,se1_0.type from schedule_events se1_0 where se1_0.student_id=? order by se1_0.date [42122-240]] [select se1_0.id,se1_0.created_at,se1_0.date,se1_0.notified,se1_0.student_id,se1_0.time,se1_0.title,se1_0.type from schedule_events se1_0 where se1_0.student_id=? order by se1_0.date]; SQL [select se1_0.id,se1_0.created_at,se1_0.date,se1_0.notified,se1_0.student_id,se1_0.time,se1_0.title,se1_0.type from schedule_events se1_0 where se1_0.student_id=? order by se1_0.date]] with root cause

org.h2.jdbc.JdbcSQLSyntaxErrorException: Column "SE1_0.NOTIFIED" not found; SQL statement:
select se1_0.id,se1_0.created_at,se1_0.date,se1_0.notified,se1_0.student_id,se1_0.time,se1_0.title,se1_0.type from schedule_events se1_0 where se1_0.student_id=? order by se1_0.date [42122-240]
	at org.h2.message.DbException.getJdbcSQLException(DbException.java:514) ~[h2-2.4.240.jar:2.4.240]
	at org.h2.message.DbException.getJdbcSQLException(DbException.java:489) ~[h2-2.4.240.jar:2.4.240]
	at org.h2.message.DbException.get(DbException.java:223) ~[h2-2.4.240.jar:2.4.240]
	at org.h2.message.DbException.get(DbException.java:199) ~[h2-2.4.240.jar:2.4.240]
	at org.h2.expression.ExpressionColumn.getColumnException(ExpressionColumn.java:244) ~[h2-2.4.240.jar:2.4.240]
	at org.h2.expression.ExpressionColumn.optimizeOther(ExpressionColumn.java:226) ~[h2-2.4.240.jar:2.4.240]
	at org.h2.expression.ExpressionColumn.optimize(ExpressionColumn.java:213) ~[h2-2.4.240.jar:2.4.240]
	at org.h2.command.query.Select.lambda$prepareExpressions$2(Select.java:1209) ~[h2-2.4.240.jar:2.4.240]
	at java.base/java.util.ArrayList.replaceAllRange(ArrayList.java:1803) ~[na:na]
	at java.base/java.util.ArrayList.replaceAll(ArrayList.java:1793) ~[na:na]
	at org.h2.command.query.Select.prepareExpressions(Select.java:1209) ~[h2-2.4.240.jar:2.4.240]
	at org.h2.command.query.Query.prepare(Query.java:235) ~[h2-2.4.240.jar:2.4.240]
	at org.h2.command.Parser.prepareCommand(Parser.java:492) ~[h2-2.4.240.jar:2.4.240]
	at org.h2.engine.SessionLocal.prepareLocal(SessionLocal.java:647) ~[h2-2.4.240.jar:2.4.240]
	at org.h2.engine.SessionLocal.prepareCommand(SessionLocal.java:563) ~[h2-2.4.240.jar:2.4.240]
	at org.h2.jdbc.JdbcConnection.prepareCommand(JdbcConnection.java:1160) ~[h2-2.4.240.jar:2.4.240]
	at org.h2.jdbc.JdbcPreparedStatement.<init>(JdbcPreparedStatement.java:93) ~[h2-2.4.240.jar:2.4.240]
	at org.h2.jdbc.JdbcConnection.prepareStatement(JdbcConnection.java:686) ~[h2-2.4.240.jar:2.4.240]
	at com.zaxxer.hikari.pool.ProxyConnection.prepareStatement(ProxyConnection.java:342) ~[HikariCP-7.0.2.jar:na]
	at com.zaxxer.hikari.pool.HikariProxyConnection.prepareStatement(HikariProxyConnection.java) ~[HikariCP-7.0.2.jar:na]
	at org.hibernate.engine.jdbc.internal.StatementPreparerImpl$4.doPrepare(StatementPreparerImpl.java:155) ~[hibernate-core-7.2.12.Final.jar:7.2.12.Final]
	at org.hibernate.engine.jdbc.internal.StatementPreparerImpl$StatementPreparationTemplate.prepareStatement(StatementPreparerImpl.java:183) ~[hibernate-core-7.2.12.Final.jar:7.2.12.Final]
	at org.hibernate.engine.jdbc.internal.StatementPreparerImpl.prepareQueryStatement(StatementPreparerImpl.java:157) ~[hibernate-core-7.2.12.Final.jar:7.2.12.Final]
	at org.hibernate.sql.exec.internal.StandardStatementCreator.createStatement(StandardStatementCreator.java:46) ~[hibernate-core-7.2.12.Final.jar:7.2.12.Final]
	at org.hibernate.sql.results.jdbc.internal.DeferredResultSetAccess.executeQuery(DeferredResultSetAccess.java:257) ~[hibernate-core-7.2.12.Final.jar:7.2.12.Final]
	at org.hibernate.sql.results.jdbc.internal.DeferredResultSetAccess.getResultSet(DeferredResultSetAccess.java:190) ~[hibernate-core-7.2.12.Final.jar:7.2.12.Final]
	at org.hibernate.sql.results.jdbc.internal.JdbcValuesResultSetImpl.<init>(JdbcValuesResultSetImpl.java:71) ~[hibernate-core-7.2.12.Final.jar:7.2.12.Final]
	at org.hibernate.sql.exec.internal.JdbcSelectExecutorStandardImpl.resolveJdbcValues(JdbcSelectExecutorStandardImpl.java:422) ~[hibernate-core-7.2.12.Final.jar:7.2.12.Final]
	at org.hibernate.sql.exec.internal.JdbcSelectExecutorStandardImpl.resolveJdbcValuesSource(JdbcSelectExecutorStandardImpl.java:349) ~[hibernate-core-7.2.12.Final.jar:7.2.12.Final]
	at org.hibernate.sql.exec.internal.JdbcSelectExecutorStandardImpl.doExecuteQuery(JdbcSelectExecutorStandardImpl.java:143) ~[hibernate-core-7.2.12.Final.jar:7.2.12.Final]
	at org.hibernate.sql.exec.internal.JdbcSelectExecutorStandardImpl.executeQuery(JdbcSelectExecutorStandardImpl.java:100) ~[hibernate-core-7.2.12.Final.jar:7.2.12.Final]
	at org.hibernate.sql.exec.spi.JdbcSelectExecutor.executeQuery(JdbcSelectExecutor.java:63) ~[hibernate-core-7.2.12.Final.jar:7.2.12.Final]
	at org.hibernate.sql.exec.spi.JdbcSelectExecutor.list(JdbcSelectExecutor.java:137) ~[hibernate-core-7.2.12.Final.jar:7.2.12.Final]
	at org.hibernate.query.sqm.internal.ConcreteSqmSelectQueryPlan.lambda$new$1(ConcreteSqmSelectQueryPlan.java:134) ~[hibernate-core-7.2.12.Final.jar:7.2.12.Final]
	at org.hibernate.query.sqm.internal.ConcreteSqmSelectQueryPlan.withCacheableSqmInterpretation(ConcreteSqmSelectQueryPlan.java:464) ~[hibernate-core-7.2.12.Final.jar:7.2.12.Final]
	at org.hibernate.query.sqm.internal.ConcreteSqmSelectQueryPlan.performList(ConcreteSqmSelectQueryPlan.java:392) ~[hibernate-core-7.2.12.Final.jar:7.2.12.Final]
	at org.hibernate.query.sqm.internal.SqmQueryImpl.doList(SqmQueryImpl.java:374) ~[hibernate-core-7.2.12.Final.jar:7.2.12.Final]
	at org.hibernate.query.spi.AbstractSelectionQuery.list(AbstractSelectionQuery.java:153) ~[hibernate-core-7.2.12.Final.jar:7.2.12.Final]
	at org.hibernate.query.Query.getResultList(Query.java:121) ~[hibernate-core-7.2.12.Final.jar:7.2.12.Final]
	at java.base/jdk.internal.reflect.DirectMethodHandleAccessor.invoke(DirectMethodHandleAccessor.java:104) ~[na:na]
	at java.base/java.lang.reflect.Method.invoke(Method.java:565) ~[na:na]
	at org.springframework.orm.jpa.SharedEntityManagerCreator$DeferredQueryInvocationHandler.invoke(SharedEntityManagerCreator.java:557) ~[spring-orm-7.0.7.jar:7.0.7]
	at jdk.proxy7/jdk.proxy7.$Proxy209.getResultList(Unknown Source) ~[na:na]
	at org.springframework.data.jpa.repository.query.JpaQueryExecution$CollectionExecution.doExecute(JpaQueryExecution.java:132) ~[spring-data-jpa-4.0.5.jar:4.0.5]
	at org.springframework.data.jpa.repository.query.JpaQueryExecution.execute(JpaQueryExecution.java:99) ~[spring-data-jpa-4.0.5.jar:4.0.5]
	at org.springframework.data.jpa.repository.query.AbstractJpaQuery.doExecute(AbstractJpaQuery.java:164) ~[spring-data-jpa-4.0.5.jar:4.0.5]
	at org.springframework.data.jpa.repository.query.AbstractJpaQuery.execute(AbstractJpaQuery.java:154) ~[spring-data-jpa-4.0.5.jar:4.0.5]
	at org.springframework.data.repository.core.support.RepositoryMethodInvoker.doInvoke(RepositoryMethodInvoker.java:169) ~[spring-data-commons-4.0.5.jar:4.0.5]
	at org.springframework.data.repository.core.support.RepositoryMethodInvoker.invoke(RepositoryMethodInvoker.java:158) ~[spring-data-commons-4.0.5.jar:4.0.5]
	at org.springframework.data.repository.core.support.QueryExecutorMethodInterceptor.doInvoke(QueryExecutorMethodInterceptor.java:167) ~[spring-data-commons-4.0.5.jar:4.0.5]
	at org.springframework.data.repository.core.support.QueryExecutorMethodInterceptor.invoke(QueryExecutorMethodInterceptor.java:146) ~[spring-data-commons-4.0.5.jar:4.0.5]
	at org.springframework.aop.framework.ReflectiveMethodInvocation.proceed(ReflectiveMethodInvocation.java:179) ~[spring-aop-7.0.7.jar:7.0.7]
	at org.springframework.data.projection.DefaultMethodInvokingMethodInterceptor.invoke(DefaultMethodInvokingMethodInterceptor.java:69) ~[spring-data-commons-4.0.5.jar:4.0.5]
	at org.springframework.aop.framework.ReflectiveMethodInvocation.proceed(ReflectiveMethodInvocation.java:179) ~[spring-aop-7.0.7.jar:7.0.7]
	at org.springframework.transaction.interceptor.TransactionInterceptor$1.proceedWithInvocation(TransactionInterceptor.java:133) ~[spring-tx-7.0.7.jar:7.0.7]
	at org.springframework.transaction.interceptor.TransactionAspectSupport.invokeWithinTransaction(TransactionAspectSupport.java:371) ~[spring-tx-7.0.7.jar:7.0.7]
	at org.springframework.transaction.interceptor.TransactionInterceptor.invoke(TransactionInterceptor.java:130) ~[spring-tx-7.0.7.jar:7.0.7]
	at org.springframework.aop.framework.ReflectiveMethodInvocation.proceed(ReflectiveMethodInvocation.java:179) ~[spring-aop-7.0.7.jar:7.0.7]
	at org.springframework.dao.support.PersistenceExceptionTranslationInterceptor.invoke(PersistenceExceptionTranslationInterceptor.java:135) ~[spring-tx-7.0.7.jar:7.0.7]
	at org.springframework.aop.framework.ReflectiveMethodInvocation.proceed(ReflectiveMethodInvocation.java:179) ~[spring-aop-7.0.7.jar:7.0.7]
	at org.springframework.data.jpa.repository.support.CrudMethodMetadataPostProcessor$CrudMethodMetadataPopulatingMethodInterceptor.invoke(CrudMethodMetadataPostProcessor.java:137) ~[spring-data-jpa-4.0.5.jar:4.0.5]
	at org.springframework.aop.framework.ReflectiveMethodInvocation.proceed(ReflectiveMethodInvocation.java:179) ~[spring-aop-7.0.7.jar:7.0.7]
	at org.springframework.aop.framework.JdkDynamicAopProxy.invoke(JdkDynamicAopProxy.java:222) ~[spring-aop-7.0.7.jar:7.0.7]
	at jdk.proxy7/jdk.proxy7.$Proxy202.findByStudentIdOrderByDateAsc(Unknown Source) ~[na:na]
	at com.example.eduadvisor2.controller.ScheduleEventController.list(ScheduleEventController.java:42) ~[classes/:na]
	at java.base/jdk.internal.reflect.DirectMethodHandleAccessor.invoke(DirectMethodHandleAccessor.java:104) ~[na:na]
	at java.base/java.lang.reflect.Method.invoke(Method.java:565) ~[na:na]
	at org.springframework.web.method.support.InvocableHandlerMethod.doInvoke(InvocableHandlerMethod.java:252) ~[spring-web-7.0.7.jar:7.0.7]
	at org.springframework.web.method.support.InvocableHandlerMethod.invokeForRequest(InvocableHandlerMethod.java:184) ~[spring-web-7.0.7.jar:7.0.7]
	at org.springframework.web.servlet.mvc.method.annotation.ServletInvocableHandlerMethod.invokeAndHandle(ServletInvocableHandlerMethod.java:117) ~[spring-webmvc-7.0.7.jar:7.0.7]
	at org.springframework.web.servlet.mvc.method.annotation.RequestMappingHandlerAdapter.invokeHandlerMethod(RequestMappingHandlerAdapter.java:934) ~[spring-webmvc-7.0.7.jar:7.0.7]
	at org.springframework.web.servlet.mvc.method.annotation.RequestMappingHandlerAdapter.handleInternal(RequestMappingHandlerAdapter.java:853) ~[spring-webmvc-7.0.7.jar:7.0.7]
	at org.springframework.web.servlet.mvc.method.AbstractHandlerMethodAdapter.handle(AbstractHandlerMethodAdapter.java:86) ~[spring-webmvc-7.0.7.jar:7.0.7]
	at org.springframework.web.servlet.DispatcherServlet.doDispatch(DispatcherServlet.java:963) ~[spring-webmvc-7.0.7.jar:7.0.7]
	at org.springframework.web.servlet.DispatcherServlet.doService(DispatcherServlet.java:866) ~[spring-webmvc-7.0.7.jar:7.0.7]
	at org.springframework.web.servlet.FrameworkServlet.processRequest(FrameworkServlet.java:1000) ~[spring-webmvc-7.0.7.jar:7.0.7]
	at org.springframework.web.servlet.FrameworkServlet.doGet(FrameworkServlet.java:892) ~[spring-webmvc-7.0.7.jar:7.0.7]
	at jakarta.servlet.http.HttpServlet.service(HttpServlet.java:622) ~[tomcat-embed-core-11.0.21.jar:6.1]
	at org.springframework.web.servlet.FrameworkServlet.service(FrameworkServlet.java:874) ~[spring-webmvc-7.0.7.jar:7.0.7]
	at jakarta.servlet.http.HttpServlet.service(HttpServlet.java:710) ~[tomcat-embed-core-11.0.21.jar:6.1]
	at org.apache.catalina.core.ApplicationFilterChain.doFilter(ApplicationFilterChain.java:128) ~[tomcat-embed-core-11.0.21.jar:11.0.21]
	at org.apache.tomcat.websocket.server.WsFilter.doFilter(WsFilter.java:53) ~[tomcat-embed-websocket-11.0.21.jar:11.0.21]
	at org.apache.catalina.core.ApplicationFilterChain.doFilter(ApplicationFilterChain.java:107) ~[tomcat-embed-core-11.0.21.jar:11.0.21]
	at org.springframework.web.filter.RequestContextFilter.doFilterInternal(RequestContextFilter.java:100) ~[spring-web-7.0.7.jar:7.0.7]
	at org.springframework.web.filter.OncePerRequestFilter.doFilter(OncePerRequestFilter.java:116) ~[spring-web-7.0.7.jar:7.0.7]
	at org.apache.catalina.core.ApplicationFilterChain.doFilter(ApplicationFilterChain.java:107) ~[tomcat-embed-core-11.0.21.jar:11.0.21]
	at org.springframework.web.filter.FormContentFilter.doFilterInternal(FormContentFilter.java:93) ~[spring-web-7.0.7.jar:7.0.7]
	at org.springframework.web.filter.OncePerRequestFilter.doFilter(OncePerRequestFilter.java:116) ~[spring-web-7.0.7.jar:7.0.7]
	at org.apache.catalina.core.ApplicationFilterChain.doFilter(ApplicationFilterChain.java:107) ~[tomcat-embed-core-11.0.21.jar:11.0.21]
	at org.springframework.web.filter.ServerHttpObservationFilter.doFilterInternal(ServerHttpObservationFilter.java:110) ~[spring-web-7.0.7.jar:7.0.7]
	at org.springframework.web.filter.OncePerRequestFilter.doFilter(OncePerRequestFilter.java:116) ~[spring-web-7.0.7.jar:7.0.7]
	at org.apache.catalina.core.ApplicationFilterChain.doFilter(ApplicationFilterChain.java:107) ~[tomcat-embed-core-11.0.21.jar:11.0.21]
	at org.springframework.web.filter.CharacterEncodingFilter.doFilterInternal(CharacterEncodingFilter.java:199) ~[spring-web-7.0.7.jar:7.0.7]
	at org.springframework.web.filter.OncePerRequestFilter.doFilter(OncePerRequestFilter.java:116) ~[spring-web-7.0.7.jar:7.0.7]
	at org.apache.catalina.core.ApplicationFilterChain.doFilter(ApplicationFilterChain.java:107) ~[tomcat-embed-core-11.0.21.jar:11.0.21]
	at org.apache.catalina.core.StandardWrapperValve.invoke(StandardWrapperValve.java:165) ~[tomcat-embed-core-11.0.21.jar:11.0.21]
	at org.apache.catalina.core.StandardContextValve.invoke(StandardContextValve.java:77) ~[tomcat-embed-core-11.0.21.jar:11.0.21]
	at org.apache.catalina.authenticator.AuthenticatorBase.invoke(AuthenticatorBase.java:492) ~[tomcat-embed-core-11.0.21.jar:11.0.21]
	at org.apache.catalina.core.StandardHostValve.invoke(StandardHostValve.java:113) ~[tomcat-embed-core-11.0.21.jar:11.0.21]
	at org.apache.catalina.valves.ErrorReportValve.invoke(ErrorReportValve.java:83) ~[tomcat-embed-core-11.0.21.jar:11.0.21]
	at org.apache.catalina.core.StandardEngineValve.invoke(StandardEngineValve.java:72) ~[tomcat-embed-core-11.0.21.jar:11.0.21]
	at org.apache.catalina.connector.CoyoteAdapter.service(CoyoteAdapter.java:341) ~[tomcat-embed-core-11.0.21.jar:11.0.21]
	at org.apache.coyote.http11.Http11Processor.service(Http11Processor.java:397) ~[tomcat-embed-core-11.0.21.jar:11.0.21]
	at org.apache.coyote.AbstractProcessorLight.process(AbstractProcessorLight.java:63) ~[tomcat-embed-core-11.0.21.jar:11.0.21]
	at org.apache.coyote.AbstractProtocol$ConnectionHandler.process(AbstractProtocol.java:903) ~[tomcat-embed-core-11.0.21.jar:11.0.21]
	at org.apache.tomcat.util.net.NioEndpoint$SocketProcessor.doRun(NioEndpoint.java:1801) ~[tomcat-embed-core-11.0.21.jar:11.0.21]
	at org.apache.tomcat.util.net.SocketProcessorBase.run(SocketProcessorBase.java:52) ~[tomcat-embed-core-11.0.21.jar:11.0.21]
	at org.apache.tomcat.util.threads.ThreadPoolExecutor.runWorker(ThreadPoolExecutor.java:946) ~[tomcat-embed-core-11.0.21.jar:11.0.21]
	at org.apache.tomcat.util.threads.ThreadPoolExecutor$Worker.run(ThreadPoolExecutor.java:480) ~[tomcat-embed-core-11.0.21.jar:11.0.21]
	at org.apache.tomcat.util.threads.TaskThread$WrappingRunnable.run(TaskThread.java:57) ~[tomcat-embed-core-11.0.21.jar:11.0.21]
	at java.base/java.lang.Thread.run(Thread.java:1474) ~[na:na]

Hibernate: 
    select
        e1_0.id,
        e1_0.course_id,
        e1_0.enrolled_at,
        e1_0.student_id 
    from
        enrollments e1_0 
    where
        e1_0.student_id=?
Hibernate: 
    select
        c1_0.code,
        c1_0.category,
        c1_0.color,
        c1_0.credits,
        c1_0.days,
        c1_0.end_time,
        c1_0.instructor,
        c1_0.name,
        c1_0.room,
        c1_0.start_time,
        c1_0.teacher_id 
    from
        courses c1_0 
    where
        c1_0.code=?
Hibernate: 
    select
        c1_0.code,
        c1_0.category,
        c1_0.color,
        c1_0.credits,
        c1_0.days,
        c1_0.end_time,
        c1_0.instructor,
        c1_0.name,
        c1_0.room,
        c1_0.start_time,
        c1_0.teacher_id 
    from
        courses c1_0 
    where
        c1_0.code=?
Hibernate: 
    select
        c1_0.code,
        c1_0.category,
        c1_0.color,
        c1_0.credits,
        c1_0.days,
        c1_0.end_time,
        c1_0.instructor,
        c1_0.name,
        c1_0.room,
        c1_0.start_time,
        c1_0.teacher_id 
    from
        courses c1_0 
    where
        c1_0.code=?
Hibernate: 
    select
        c1_0.code,
        c1_0.category,
        c1_0.color,
        c1_0.credits,
        c1_0.days,
        c1_0.end_time,
        c1_0.instructor,
        c1_0.name,
        c1_0.room,
        c1_0.start_time,
        c1_0.teacher_id 
    from
        courses c1_0 
    where
        c1_0.code=?
Hibernate: 
    select
        fs1_0.id,
        fs1_0.approved_at,
        fs1_0.coordinator_id,
        fs1_0.coordinator_name,
        fs1_0.status,
        fs1_0.student_id,
        fs1_0.student_name,
        fs1_0.submitted_at 
    from
        fee_statuses fs1_0 
    where
        fs1_0.student_id=?
Hibernate: 
    select
        e1_0.id,
        e1_0.course_id,
        e1_0.enrolled_at,
        e1_0.student_id 
    from
        enrollments e1_0 
    where
        e1_0.student_id=?
Hibernate: 
    select
        c1_0.code,
        c1_0.category,
        c1_0.color,
        c1_0.credits,
        c1_0.days,
        c1_0.end_time,
        c1_0.instructor,
        c1_0.name,
        c1_0.room,
        c1_0.start_time,
        c1_0.teacher_id 
    from
        courses c1_0 
    where
        c1_0.code=?
Hibernate: 
    select
        c1_0.code,
        c1_0.category,
        c1_0.color,
        c1_0.credits,
        c1_0.days,
        c1_0.end_time,
        c1_0.instructor,
        c1_0.name,
        c1_0.room,
        c1_0.start_time,
        c1_0.teacher_id 
    from
        courses c1_0 
    where
        c1_0.code=?
Hibernate: 
    select
        c1_0.code,
        c1_0.category,
        c1_0.color,
        c1_0.credits,
        c1_0.days,
        c1_0.end_time,
        c1_0.instructor,
        c1_0.name,
        c1_0.room,
        c1_0.start_time,
        c1_0.teacher_id 
    from
        courses c1_0
Hibernate: 
    select
        t1_0.id,
        t1_0.coordinator,
        t1_0.department,
        t1_0.designation,
        t1_0.email,
        t1_0.name,
        t1_0.password,
        t1_0.photo,
        t1_0.photo_type,
        t1_0.teacher_id 
    from
        teachers t1_0
Hibernate: 
    select
        c1_0.code,
        c1_0.category,
        c1_0.color,
        c1_0.credits,
        c1_0.days,
        c1_0.end_time,
        c1_0.instructor,
        c1_0.name,
        c1_0.room,
        c1_0.start_time,
        c1_0.teacher_id 
    from
        courses c1_0 
    where
        c1_0.code=?
Hibernate: 
    select
        c1_0.code,
        c1_0.category,
        c1_0.color,
        c1_0.credits,
        c1_0.days,
        c1_0.end_time,
        c1_0.instructor,
        c1_0.name,
        c1_0.room,
        c1_0.start_time,
        c1_0.teacher_id 
    from
        courses c1_0 
    where
        c1_0.code=?
Hibernate: 
    select
        e1_0.id,
        e1_0.course_id,
        c1_0.code,
        c1_0.category,
        c1_0.color,
        c1_0.credits,
        c1_0.days,
        c1_0.end_time,
        c1_0.instructor,
        c1_0.name,
        c1_0.room,
        c1_0.start_time,
        c1_0.teacher_id,
        e1_0.enrolled_at,
        e1_0.student_id 
    from
        enrollments e1_0 
    join
        courses c1_0 
            on c1_0.code=e1_0.course_id 
    where
        e1_0.id=?
Hibernate: 
    delete 
    from
        enrollments 
    where
        id=?
Hibernate: 
    select
        e1_0.id,
        e1_0.course_id,
        c1_0.code,
        c1_0.category,
        c1_0.color,
        c1_0.credits,
        c1_0.days,
        c1_0.end_time,
        c1_0.instructor,
        c1_0.name,
        c1_0.room,
        c1_0.start_time,
        c1_0.teacher_id,
        e1_0.enrolled_at,
        e1_0.student_id 
    from
        enrollments e1_0 
    join
        courses c1_0 
            on c1_0.code=e1_0.course_id 
    where
        e1_0.id=?
Hibernate: 
    delete 
    from
        enrollments 
    where
        id=?
Hibernate: 
    select
        e1_0.id,
        e1_0.course_id,
        c1_0.code,
        c1_0.category,
        c1_0.color,
        c1_0.credits,
        c1_0.days,
        c1_0.end_time,
        c1_0.instructor,
        c1_0.name,
        c1_0.room,
        c1_0.start_time,
        c1_0.teacher_id,
        e1_0.enrolled_at,
        e1_0.student_id 
    from
        enrollments e1_0 
    join
        courses c1_0 
            on c1_0.code=e1_0.course_id 
    where
        e1_0.id=?
Hibernate: 
    delete 
    from
        enrollments 
    where
        id=?
Hibernate: 
    select
        e1_0.id,
        e1_0.course_id,
        c1_0.code,
        c1_0.category,
        c1_0.color,
        c1_0.credits,
        c1_0.days,
        c1_0.end_time,
        c1_0.instructor,
        c1_0.name,
        c1_0.room,
        c1_0.start_time,
        c1_0.teacher_id,
        e1_0.enrolled_at,
        e1_0.student_id 
    from
        enrollments e1_0 
    join
        courses c1_0 
            on c1_0.code=e1_0.course_id 
    where
        e1_0.id=?
Hibernate: 
    delete 
    from
        enrollments 
    where
        id=?
Hibernate: 
    select
        e1_0.id,
        e1_0.course_id,
        e1_0.enrolled_at,
        e1_0.student_id 
    from
        enrollments e1_0 
    where
        e1_0.student_id=?
Hibernate: 
    select
        se1_0.id,
        se1_0.created_at,
        se1_0.date,
        se1_0.notified,
        se1_0.student_id,
        se1_0.time,
        se1_0.title,
        se1_0.type 
    from
        schedule_events se1_0 
    where
        se1_0.student_id=? 
    order by
        se1_0.date
2026-07-01T19:59:40.293+06:00  WARN 15424 --- [eduadvisor2] [nio-8081-exec-6] org.hibernate.orm.jdbc.error             : HHH000247: ErrorCode: 42122, SQLState: 42S22
2026-07-01T19:59:40.295+06:00  WARN 15424 --- [eduadvisor2] [nio-8081-exec-6] org.hibernate.orm.jdbc.error             : Column "SE1_0.NOTIFIED" not found; SQL statement:
select se1_0.id,se1_0.created_at,se1_0.date,se1_0.notified,se1_0.student_id,se1_0.time,se1_0.title,se1_0.type from schedule_events se1_0 where se1_0.student_id=? order by se1_0.date [42122-240]
2026-07-01T19:59:40.297+06:00 ERROR 15424 --- [eduadvisor2] [nio-8081-exec-6] o.a.c.c.C.[.[.[/].[dispatcherServlet]    : Servlet.service() for servlet [dispatcherServlet] in context with path [] threw exception [Request processing failed: org.springframework.dao.InvalidDataAccessResourceUsageException: Could not prepare statement [Column "SE1_0.NOTIFIED" not found; SQL statement:
select se1_0.id,se1_0.created_at,se1_0.date,se1_0.notified,se1_0.student_id,se1_0.time,se1_0.title,se1_0.type from schedule_events se1_0 where se1_0.student_id=? order by se1_0.date [42122-240]] [select se1_0.id,se1_0.created_at,se1_0.date,se1_0.notified,se1_0.student_id,se1_0.time,se1_0.title,se1_0.type from schedule_events se1_0 where se1_0.student_id=? order by se1_0.date]; SQL [select se1_0.id,se1_0.created_at,se1_0.date,se1_0.notified,se1_0.student_id,se1_0.time,se1_0.title,se1_0.type from schedule_events se1_0 where se1_0.student_id=? order by se1_0.date]] with root cause

org.h2.jdbc.JdbcSQLSyntaxErrorException: Column "SE1_0.NOTIFIED" not found; SQL statement:
select se1_0.id,se1_0.created_at,se1_0.date,se1_0.notified,se1_0.student_id,se1_0.time,se1_0.title,se1_0.type from schedule_events se1_0 where se1_0.student_id=? order by se1_0.date [42122-240]
	at org.h2.message.DbException.getJdbcSQLException(DbException.java:514) ~[h2-2.4.240.jar:2.4.240]
	at org.h2.message.DbException.getJdbcSQLException(DbException.java:489) ~[h2-2.4.240.jar:2.4.240]
	at org.h2.message.DbException.get(DbException.java:223) ~[h2-2.4.240.jar:2.4.240]
	at org.h2.message.DbException.get(DbException.java:199) ~[h2-2.4.240.jar:2.4.240]
	at org.h2.expression.ExpressionColumn.getColumnException(ExpressionColumn.java:244) ~[h2-2.4.240.jar:2.4.240]
	at org.h2.expression.ExpressionColumn.optimizeOther(ExpressionColumn.java:226) ~[h2-2.4.240.jar:2.4.240]
	at org.h2.expression.ExpressionColumn.optimize(ExpressionColumn.java:213) ~[h2-2.4.240.jar:2.4.240]
	at org.h2.command.query.Select.lambda$prepareExpressions$2(Select.java:1209) ~[h2-2.4.240.jar:2.4.240]
	at java.base/java.util.ArrayList.replaceAllRange(ArrayList.java:1803) ~[na:na]
	at java.base/java.util.ArrayList.replaceAll(ArrayList.java:1793) ~[na:na]
	at org.h2.command.query.Select.prepareExpressions(Select.java:1209) ~[h2-2.4.240.jar:2.4.240]
	at org.h2.command.query.Query.prepare(Query.java:235) ~[h2-2.4.240.jar:2.4.240]
	at org.h2.command.Parser.prepareCommand(Parser.java:492) ~[h2-2.4.240.jar:2.4.240]
	at org.h2.engine.SessionLocal.prepareLocal(SessionLocal.java:647) ~[h2-2.4.240.jar:2.4.240]
	at org.h2.engine.SessionLocal.prepareCommand(SessionLocal.java:563) ~[h2-2.4.240.jar:2.4.240]
	at org.h2.jdbc.JdbcConnection.prepareCommand(JdbcConnection.java:1160) ~[h2-2.4.240.jar:2.4.240]
	at org.h2.jdbc.JdbcPreparedStatement.<init>(JdbcPreparedStatement.java:93) ~[h2-2.4.240.jar:2.4.240]
	at org.h2.jdbc.JdbcConnection.prepareStatement(JdbcConnection.java:686) ~[h2-2.4.240.jar:2.4.240]
	at com.zaxxer.hikari.pool.ProxyConnection.prepareStatement(ProxyConnection.java:342) ~[HikariCP-7.0.2.jar:na]
	at com.zaxxer.hikari.pool.HikariProxyConnection.prepareStatement(HikariProxyConnection.java) ~[HikariCP-7.0.2.jar:na]
	at org.hibernate.engine.jdbc.internal.StatementPreparerImpl$4.doPrepare(StatementPreparerImpl.java:155) ~[hibernate-core-7.2.12.Final.jar:7.2.12.Final]
	at org.hibernate.engine.jdbc.internal.StatementPreparerImpl$StatementPreparationTemplate.prepareStatement(StatementPreparerImpl.java:183) ~[hibernate-core-7.2.12.Final.jar:7.2.12.Final]
	at org.hibernate.engine.jdbc.internal.StatementPreparerImpl.prepareQueryStatement(StatementPreparerImpl.java:157) ~[hibernate-core-7.2.12.Final.jar:7.2.12.Final]
	at org.hibernate.sql.exec.internal.StandardStatementCreator.createStatement(StandardStatementCreator.java:46) ~[hibernate-core-7.2.12.Final.jar:7.2.12.Final]
	at org.hibernate.sql.results.jdbc.internal.DeferredResultSetAccess.executeQuery(DeferredResultSetAccess.java:257) ~[hibernate-core-7.2.12.Final.jar:7.2.12.Final]
	at org.hibernate.sql.results.jdbc.internal.DeferredResultSetAccess.getResultSet(DeferredResultSetAccess.java:190) ~[hibernate-core-7.2.12.Final.jar:7.2.12.Final]
	at org.hibernate.sql.results.jdbc.internal.JdbcValuesResultSetImpl.<init>(JdbcValuesResultSetImpl.java:71) ~[hibernate-core-7.2.12.Final.jar:7.2.12.Final]
	at org.hibernate.sql.exec.internal.JdbcSelectExecutorStandardImpl.resolveJdbcValues(JdbcSelectExecutorStandardImpl.java:422) ~[hibernate-core-7.2.12.Final.jar:7.2.12.Final]
	at org.hibernate.sql.exec.internal.JdbcSelectExecutorStandardImpl.resolveJdbcValuesSource(JdbcSelectExecutorStandardImpl.java:349) ~[hibernate-core-7.2.12.Final.jar:7.2.12.Final]
	at org.hibernate.sql.exec.internal.JdbcSelectExecutorStandardImpl.doExecuteQuery(JdbcSelectExecutorStandardImpl.java:143) ~[hibernate-core-7.2.12.Final.jar:7.2.12.Final]
	at org.hibernate.sql.exec.internal.JdbcSelectExecutorStandardImpl.executeQuery(JdbcSelectExecutorStandardImpl.java:100) ~[hibernate-core-7.2.12.Final.jar:7.2.12.Final]
	at org.hibernate.sql.exec.spi.JdbcSelectExecutor.executeQuery(JdbcSelectExecutor.java:63) ~[hibernate-core-7.2.12.Final.jar:7.2.12.Final]
	at org.hibernate.sql.exec.spi.JdbcSelectExecutor.list(JdbcSelectExecutor.java:137) ~[hibernate-core-7.2.12.Final.jar:7.2.12.Final]
	at org.hibernate.query.sqm.internal.ConcreteSqmSelectQueryPlan.lambda$new$1(ConcreteSqmSelectQueryPlan.java:134) ~[hibernate-core-7.2.12.Final.jar:7.2.12.Final]
	at org.hibernate.query.sqm.internal.ConcreteSqmSelectQueryPlan.withCacheableSqmInterpretation(ConcreteSqmSelectQueryPlan.java:464) ~[hibernate-core-7.2.12.Final.jar:7.2.12.Final]
	at org.hibernate.query.sqm.internal.ConcreteSqmSelectQueryPlan.performList(ConcreteSqmSelectQueryPlan.java:392) ~[hibernate-core-7.2.12.Final.jar:7.2.12.Final]
	at org.hibernate.query.sqm.internal.SqmQueryImpl.doList(SqmQueryImpl.java:374) ~[hibernate-core-7.2.12.Final.jar:7.2.12.Final]
	at org.hibernate.query.spi.AbstractSelectionQuery.list(AbstractSelectionQuery.java:153) ~[hibernate-core-7.2.12.Final.jar:7.2.12.Final]
	at org.hibernate.query.Query.getResultList(Query.java:121) ~[hibernate-core-7.2.12.Final.jar:7.2.12.Final]
	at java.base/jdk.internal.reflect.DirectMethodHandleAccessor.invoke(DirectMethodHandleAccessor.java:104) ~[na:na]
	at java.base/java.lang.reflect.Method.invoke(Method.java:565) ~[na:na]
	at org.springframework.orm.jpa.SharedEntityManagerCreator$DeferredQueryInvocationHandler.invoke(SharedEntityManagerCreator.java:557) ~[spring-orm-7.0.7.jar:7.0.7]
	at jdk.proxy7/jdk.proxy7.$Proxy209.getResultList(Unknown Source) ~[na:na]
	at org.springframework.data.jpa.repository.query.JpaQueryExecution$CollectionExecution.doExecute(JpaQueryExecution.java:132) ~[spring-data-jpa-4.0.5.jar:4.0.5]
	at org.springframework.data.jpa.repository.query.JpaQueryExecution.execute(JpaQueryExecution.java:99) ~[spring-data-jpa-4.0.5.jar:4.0.5]
	at org.springframework.data.jpa.repository.query.AbstractJpaQuery.doExecute(AbstractJpaQuery.java:164) ~[spring-data-jpa-4.0.5.jar:4.0.5]
	at org.springframework.data.jpa.repository.query.AbstractJpaQuery.execute(AbstractJpaQuery.java:154) ~[spring-data-jpa-4.0.5.jar:4.0.5]
	at org.springframework.data.repository.core.support.RepositoryMethodInvoker.doInvoke(RepositoryMethodInvoker.java:169) ~[spring-data-commons-4.0.5.jar:4.0.5]
	at org.springframework.data.repository.core.support.RepositoryMethodInvoker.invoke(RepositoryMethodInvoker.java:158) ~[spring-data-commons-4.0.5.jar:4.0.5]
	at org.springframework.data.repository.core.support.QueryExecutorMethodInterceptor.doInvoke(QueryExecutorMethodInterceptor.java:167) ~[spring-data-commons-4.0.5.jar:4.0.5]
	at org.springframework.data.repository.core.support.QueryExecutorMethodInterceptor.invoke(QueryExecutorMethodInterceptor.java:146) ~[spring-data-commons-4.0.5.jar:4.0.5]
	at org.springframework.aop.framework.ReflectiveMethodInvocation.proceed(ReflectiveMethodInvocation.java:179) ~[spring-aop-7.0.7.jar:7.0.7]
	at org.springframework.data.projection.DefaultMethodInvokingMethodInterceptor.invoke(DefaultMethodInvokingMethodInterceptor.java:69) ~[spring-data-commons-4.0.5.jar:4.0.5]
	at org.springframework.aop.framework.ReflectiveMethodInvocation.proceed(ReflectiveMethodInvocation.java:179) ~[spring-aop-7.0.7.jar:7.0.7]
	at org.springframework.transaction.interceptor.TransactionInterceptor$1.proceedWithInvocation(TransactionInterceptor.java:133) ~[spring-tx-7.0.7.jar:7.0.7]
	at org.springframework.transaction.interceptor.TransactionAspectSupport.invokeWithinTransaction(TransactionAspectSupport.java:371) ~[spring-tx-7.0.7.jar:7.0.7]
	at org.springframework.transaction.interceptor.TransactionInterceptor.invoke(TransactionInterceptor.java:130) ~[spring-tx-7.0.7.jar:7.0.7]
	at org.springframework.aop.framework.ReflectiveMethodInvocation.proceed(ReflectiveMethodInvocation.java:179) ~[spring-aop-7.0.7.jar:7.0.7]
	at org.springframework.dao.support.PersistenceExceptionTranslationInterceptor.invoke(PersistenceExceptionTranslationInterceptor.java:135) ~[spring-tx-7.0.7.jar:7.0.7]
	at org.springframework.aop.framework.ReflectiveMethodInvocation.proceed(ReflectiveMethodInvocation.java:179) ~[spring-aop-7.0.7.jar:7.0.7]
	at org.springframework.data.jpa.repository.support.CrudMethodMetadataPostProcessor$CrudMethodMetadataPopulatingMethodInterceptor.invoke(CrudMethodMetadataPostProcessor.java:137) ~[spring-data-jpa-4.0.5.jar:4.0.5]
	at org.springframework.aop.framework.ReflectiveMethodInvocation.proceed(ReflectiveMethodInvocation.java:179) ~[spring-aop-7.0.7.jar:7.0.7]
	at org.springframework.aop.framework.JdkDynamicAopProxy.invoke(JdkDynamicAopProxy.java:222) ~[spring-aop-7.0.7.jar:7.0.7]
	at jdk.proxy7/jdk.proxy7.$Proxy202.findByStudentIdOrderByDateAsc(Unknown Source) ~[na:na]
	at com.example.eduadvisor2.controller.ScheduleEventController.list(ScheduleEventController.java:42) ~[classes/:na]
	at java.base/jdk.internal.reflect.DirectMethodHandleAccessor.invoke(DirectMethodHandleAccessor.java:104) ~[na:na]
	at java.base/java.lang.reflect.Method.invoke(Method.java:565) ~[na:na]
	at org.springframework.web.method.support.InvocableHandlerMethod.doInvoke(InvocableHandlerMethod.java:252) ~[spring-web-7.0.7.jar:7.0.7]
	at org.springframework.web.method.support.InvocableHandlerMethod.invokeForRequest(InvocableHandlerMethod.java:184) ~[spring-web-7.0.7.jar:7.0.7]
	at org.springframework.web.servlet.mvc.method.annotation.ServletInvocableHandlerMethod.invokeAndHandle(ServletInvocableHandlerMethod.java:117) ~[spring-webmvc-7.0.7.jar:7.0.7]
	at org.springframework.web.servlet.mvc.method.annotation.RequestMappingHandlerAdapter.invokeHandlerMethod(RequestMappingHandlerAdapter.java:934) ~[spring-webmvc-7.0.7.jar:7.0.7]
	at org.springframework.web.servlet.mvc.method.annotation.RequestMappingHandlerAdapter.handleInternal(RequestMappingHandlerAdapter.java:853) ~[spring-webmvc-7.0.7.jar:7.0.7]
	at org.springframework.web.servlet.mvc.method.AbstractHandlerMethodAdapter.handle(AbstractHandlerMethodAdapter.java:86) ~[spring-webmvc-7.0.7.jar:7.0.7]
	at org.springframework.web.servlet.DispatcherServlet.doDispatch(DispatcherServlet.java:963) ~[spring-webmvc-7.0.7.jar:7.0.7]
	at org.springframework.web.servlet.DispatcherServlet.doService(DispatcherServlet.java:866) ~[spring-webmvc-7.0.7.jar:7.0.7]
	at org.springframework.web.servlet.FrameworkServlet.processRequest(FrameworkServlet.java:1000) ~[spring-webmvc-7.0.7.jar:7.0.7]
	at org.springframework.web.servlet.FrameworkServlet.doGet(FrameworkServlet.java:892) ~[spring-webmvc-7.0.7.jar:7.0.7]
	at jakarta.servlet.http.HttpServlet.service(HttpServlet.java:622) ~[tomcat-embed-core-11.0.21.jar:6.1]
	at org.springframework.web.servlet.FrameworkServlet.service(FrameworkServlet.java:874) ~[spring-webmvc-7.0.7.jar:7.0.7]
	at jakarta.servlet.http.HttpServlet.service(HttpServlet.java:710) ~[tomcat-embed-core-11.0.21.jar:6.1]
	at org.apache.catalina.core.ApplicationFilterChain.doFilter(ApplicationFilterChain.java:128) ~[tomcat-embed-core-11.0.21.jar:11.0.21]
	at org.apache.tomcat.websocket.server.WsFilter.doFilter(WsFilter.java:53) ~[tomcat-embed-websocket-11.0.21.jar:11.0.21]
	at org.apache.catalina.core.ApplicationFilterChain.doFilter(ApplicationFilterChain.java:107) ~[tomcat-embed-core-11.0.21.jar:11.0.21]
	at org.springframework.web.filter.RequestContextFilter.doFilterInternal(RequestContextFilter.java:100) ~[spring-web-7.0.7.jar:7.0.7]
	at org.springframework.web.filter.OncePerRequestFilter.doFilter(OncePerRequestFilter.java:116) ~[spring-web-7.0.7.jar:7.0.7]
	at org.apache.catalina.core.ApplicationFilterChain.doFilter(ApplicationFilterChain.java:107) ~[tomcat-embed-core-11.0.21.jar:11.0.21]
	at org.springframework.web.filter.FormContentFilter.doFilterInternal(FormContentFilter.java:93) ~[spring-web-7.0.7.jar:7.0.7]
	at org.springframework.web.filter.OncePerRequestFilter.doFilter(OncePerRequestFilter.java:116) ~[spring-web-7.0.7.jar:7.0.7]
	at org.apache.catalina.core.ApplicationFilterChain.doFilter(ApplicationFilterChain.java:107) ~[tomcat-embed-core-11.0.21.jar:11.0.21]
	at org.springframework.web.filter.ServerHttpObservationFilter.doFilterInternal(ServerHttpObservationFilter.java:110) ~[spring-web-7.0.7.jar:7.0.7]
	at org.springframework.web.filter.OncePerRequestFilter.doFilter(OncePerRequestFilter.java:116) ~[spring-web-7.0.7.jar:7.0.7]
	at org.apache.catalina.core.ApplicationFilterChain.doFilter(ApplicationFilterChain.java:107) ~[tomcat-embed-core-11.0.21.jar:11.0.21]
	at org.springframework.web.filter.CharacterEncodingFilter.doFilterInternal(CharacterEncodingFilter.java:199) ~[spring-web-7.0.7.jar:7.0.7]
	at org.springframework.web.filter.OncePerRequestFilter.doFilter(OncePerRequestFilter.java:116) ~[spring-web-7.0.7.jar:7.0.7]
	at org.apache.catalina.core.ApplicationFilterChain.doFilter(ApplicationFilterChain.java:107) ~[tomcat-embed-core-11.0.21.jar:11.0.21]
	at org.apache.catalina.core.StandardWrapperValve.invoke(StandardWrapperValve.java:165) ~[tomcat-embed-core-11.0.21.jar:11.0.21]
	at org.apache.catalina.core.StandardContextValve.invoke(StandardContextValve.java:77) ~[tomcat-embed-core-11.0.21.jar:11.0.21]
	at org.apache.catalina.authenticator.AuthenticatorBase.invoke(AuthenticatorBase.java:492) ~[tomcat-embed-core-11.0.21.jar:11.0.21]
	at org.apache.catalina.core.StandardHostValve.invoke(StandardHostValve.java:113) ~[tomcat-embed-core-11.0.21.jar:11.0.21]
	at org.apache.catalina.valves.ErrorReportValve.invoke(ErrorReportValve.java:83) ~[tomcat-embed-core-11.0.21.jar:11.0.21]
	at org.apache.catalina.core.StandardEngineValve.invoke(StandardEngineValve.java:72) ~[tomcat-embed-core-11.0.21.jar:11.0.21]
	at org.apache.catalina.connector.CoyoteAdapter.service(CoyoteAdapter.java:341) ~[tomcat-embed-core-11.0.21.jar:11.0.21]
	at org.apache.coyote.http11.Http11Processor.service(Http11Processor.java:397) ~[tomcat-embed-core-11.0.21.jar:11.0.21]
	at org.apache.coyote.AbstractProcessorLight.process(AbstractProcessorLight.java:63) ~[tomcat-embed-core-11.0.21.jar:11.0.21]
	at org.apache.coyote.AbstractProtocol$ConnectionHandler.process(AbstractProtocol.java:903) ~[tomcat-embed-core-11.0.21.jar:11.0.21]
	at org.apache.tomcat.util.net.NioEndpoint$SocketProcessor.doRun(NioEndpoint.java:1801) ~[tomcat-embed-core-11.0.21.jar:11.0.21]
	at org.apache.tomcat.util.net.SocketProcessorBase.run(SocketProcessorBase.java:52) ~[tomcat-embed-core-11.0.21.jar:11.0.21]
	at org.apache.tomcat.util.threads.ThreadPoolExecutor.runWorker(ThreadPoolExecutor.java:946) ~[tomcat-embed-core-11.0.21.jar:11.0.21]
	at org.apache.tomcat.util.threads.ThreadPoolExecutor$Worker.run(ThreadPoolExecutor.java:480) ~[tomcat-embed-core-11.0.21.jar:11.0.21]
	at org.apache.tomcat.util.threads.TaskThread$WrappingRunnable.run(TaskThread.java:57) ~[tomcat-embed-core-11.0.21.jar:11.0.21]
	at java.base/java.lang.Thread.run(Thread.java:1474) ~[na:na]

Hibernate: 
    select
        e1_0.id,
        e1_0.course_id,
        e1_0.enrolled_at,
        e1_0.student_id 
    from
        enrollments e1_0 
    where
        e1_0.student_id=?
Hibernate: 
    select
        fs1_0.id,
        fs1_0.approved_at,
        fs1_0.coordinator_id,
        fs1_0.coordinator_name,
        fs1_0.status,
        fs1_0.student_id,
        fs1_0.student_name,
        fs1_0.submitted_at 
    from
        fee_statuses fs1_0 
    where
        fs1_0.student_id=?
Hibernate: 
    select
        c1_0.code,
        c1_0.category,
        c1_0.color,
        c1_0.credits,
        c1_0.days,
        c1_0.end_time,
        c1_0.instructor,
        c1_0.name,
        c1_0.room,
        c1_0.start_time,
        c1_0.teacher_id 
    from
        courses c1_0
Hibernate: 
    select
        t1_0.id,
        t1_0.coordinator,
        t1_0.department,
        t1_0.designation,
        t1_0.email,
        t1_0.name,
        t1_0.password,
        t1_0.photo,
        t1_0.photo_type,
        t1_0.teacher_id 
    from
        teachers t1_0
Hibernate: 
    select
        e1_0.id,
        e1_0.course_id,
        e1_0.enrolled_at,
        e1_0.student_id 
    from
        enrollments e1_0 
    where
        e1_0.student_id=?
Hibernate: 
    select
        e1_0.id 
    from
        enrollments e1_0 
    where
        e1_0.student_id=? 
        and e1_0.course_id=? 
    fetch
        first ? rows only
Hibernate: 
    select
        c1_0.code,
        c1_0.category,
        c1_0.color,
        c1_0.credits,
        c1_0.days,
        c1_0.end_time,
        c1_0.instructor,
        c1_0.name,
        c1_0.room,
        c1_0.start_time,
        c1_0.teacher_id 
    from
        courses c1_0 
    where
        c1_0.code=?
Hibernate: 
    select
        null,
        c1_0.category,
        c1_0.color,
        c1_0.credits,
        c1_0.days,
        c1_0.end_time,
        c1_0.instructor,
        c1_0.name,
        c1_0.room,
        c1_0.start_time,
        c1_0.teacher_id 
    from
        courses c1_0 
    where
        c1_0.code=?
Hibernate: 
    insert 
    into
        enrollments
        (course_id, enrolled_at, student_id, id) 
    values
        (?, ?, ?, default)
Hibernate: 
    select
        e1_0.id 
    from
        enrollments e1_0 
    where
        e1_0.student_id=? 
        and e1_0.course_id=? 
    fetch
        first ? rows only
Hibernate: 
    select
        c1_0.code,
        c1_0.category,
        c1_0.color,
        c1_0.credits,
        c1_0.days,
        c1_0.end_time,
        c1_0.instructor,
        c1_0.name,
        c1_0.room,
        c1_0.start_time,
        c1_0.teacher_id 
    from
        courses c1_0 
    where
        c1_0.code=?
Hibernate: 
    select
        null,
        c1_0.category,
        c1_0.color,
        c1_0.credits,
        c1_0.days,
        c1_0.end_time,
        c1_0.instructor,
        c1_0.name,
        c1_0.room,
        c1_0.start_time,
        c1_0.teacher_id 
    from
        courses c1_0 
    where
        c1_0.code=?
Hibernate: 
    insert 
    into
        enrollments
        (course_id, enrolled_at, student_id, id) 
    values
        (?, ?, ?, default)
Hibernate: 
    select
        e1_0.id 
    from
        enrollments e1_0 
    where
        e1_0.student_id=? 
        and e1_0.course_id=? 
    fetch
        first ? rows only
Hibernate: 
    select
        c1_0.code,
        c1_0.category,
        c1_0.color,
        c1_0.credits,
        c1_0.days,
        c1_0.end_time,
        c1_0.instructor,
        c1_0.name,
        c1_0.room,
        c1_0.start_time,
        c1_0.teacher_id 
    from
        courses c1_0 
    where
        c1_0.code=?
Hibernate: 
    select
        null,
        c1_0.category,
        c1_0.color,
        c1_0.credits,
        c1_0.days,
        c1_0.end_time,
        c1_0.instructor,
        c1_0.name,
        c1_0.room,
        c1_0.start_time,
        c1_0.teacher_id 
    from
        courses c1_0 
    where
        c1_0.code=?
Hibernate: 
    insert 
    into
        enrollments
        (course_id, enrolled_at, student_id, id) 
    values
        (?, ?, ?, default)
Hibernate: 
    select
        e1_0.id,
        e1_0.course_id,
        e1_0.enrolled_at,
        e1_0.student_id 
    from
        enrollments e1_0 
    where
        e1_0.student_id=?
Hibernate: 
    select
        c1_0.code,
        c1_0.category,
        c1_0.color,
        c1_0.credits,
        c1_0.days,
        c1_0.end_time,
        c1_0.instructor,
        c1_0.name,
        c1_0.room,
        c1_0.start_time,
        c1_0.teacher_id 
    from
        courses c1_0 
    where
        c1_0.code=?
Hibernate: 
    select
        c1_0.code,
        c1_0.category,
        c1_0.color,
        c1_0.credits,
        c1_0.days,
        c1_0.end_time,
        c1_0.instructor,
        c1_0.name,
        c1_0.room,
        c1_0.start_time,
        c1_0.teacher_id 
    from
        courses c1_0 
    where
        c1_0.code=?
Hibernate: 
    select
        c1_0.code,
        c1_0.category,
        c1_0.color,
        c1_0.credits,
        c1_0.days,
        c1_0.end_time,
        c1_0.instructor,
        c1_0.name,
        c1_0.room,
        c1_0.start_time,
        c1_0.teacher_id 
    from
        courses c1_0 
    where
        c1_0.code=?
Hibernate: 
    select
        se1_0.id,
        se1_0.created_at,
        se1_0.date,
        se1_0.notified,
        se1_0.student_id,
        se1_0.time,
        se1_0.title,
        se1_0.type 
    from
        schedule_events se1_0 
    where
        se1_0.student_id=? 
    order by
        se1_0.date
2026-07-01T19:59:52.534+06:00  WARN 15424 --- [eduadvisor2] [nio-8081-exec-8] org.hibernate.orm.jdbc.error             : HHH000247: ErrorCode: 42122, SQLState: 42S22
2026-07-01T19:59:52.536+06:00  WARN 15424 --- [eduadvisor2] [nio-8081-exec-8] org.hibernate.orm.jdbc.error             : Column "SE1_0.NOTIFIED" not found; SQL statement:
select se1_0.id,se1_0.created_at,se1_0.date,se1_0.notified,se1_0.student_id,se1_0.time,se1_0.title,se1_0.type from schedule_events se1_0 where se1_0.student_id=? order by se1_0.date [42122-240]
2026-07-01T19:59:52.550+06:00 ERROR 15424 --- [eduadvisor2] [nio-8081-exec-8] o.a.c.c.C.[.[.[/].[dispatcherServlet]    : Servlet.service() for servlet [dispatcherServlet] in context with path [] threw exception [Request processing failed: org.springframework.dao.InvalidDataAccessResourceUsageException: Could not prepare statement [Column "SE1_0.NOTIFIED" not found; SQL statement:
select se1_0.id,se1_0.created_at,se1_0.date,se1_0.notified,se1_0.student_id,se1_0.time,se1_0.title,se1_0.type from schedule_events se1_0 where se1_0.student_id=? order by se1_0.date [42122-240]] [select se1_0.id,se1_0.created_at,se1_0.date,se1_0.notified,se1_0.student_id,se1_0.time,se1_0.title,se1_0.type from schedule_events se1_0 where se1_0.student_id=? order by se1_0.date]; SQL [select se1_0.id,se1_0.created_at,se1_0.date,se1_0.notified,se1_0.student_id,se1_0.time,se1_0.title,se1_0.type from schedule_events se1_0 where se1_0.student_id=? order by se1_0.date]] with root cause

org.h2.jdbc.JdbcSQLSyntaxErrorException: Column "SE1_0.NOTIFIED" not found; SQL statement:
select se1_0.id,se1_0.created_at,se1_0.date,se1_0.notified,se1_0.student_id,se1_0.time,se1_0.title,se1_0.type from schedule_events se1_0 where se1_0.student_id=? order by se1_0.date [42122-240]
	at org.h2.message.DbException.getJdbcSQLException(DbException.java:514) ~[h2-2.4.240.jar:2.4.240]
	at org.h2.message.DbException.getJdbcSQLException(DbException.java:489) ~[h2-2.4.240.jar:2.4.240]
	at org.h2.message.DbException.get(DbException.java:223) ~[h2-2.4.240.jar:2.4.240]
	at org.h2.message.DbException.get(DbException.java:199) ~[h2-2.4.240.jar:2.4.240]
	at org.h2.expression.ExpressionColumn.getColumnException(ExpressionColumn.java:244) ~[h2-2.4.240.jar:2.4.240]
	at org.h2.expression.ExpressionColumn.optimizeOther(ExpressionColumn.java:226) ~[h2-2.4.240.jar:2.4.240]
	at org.h2.expression.ExpressionColumn.optimize(ExpressionColumn.java:213) ~[h2-2.4.240.jar:2.4.240]
	at org.h2.command.query.Select.lambda$prepareExpressions$2(Select.java:1209) ~[h2-2.4.240.jar:2.4.240]
	at java.base/java.util.ArrayList.replaceAllRange(ArrayList.java:1803) ~[na:na]
	at java.base/java.util.ArrayList.replaceAll(ArrayList.java:1793) ~[na:na]
	at org.h2.command.query.Select.prepareExpressions(Select.java:1209) ~[h2-2.4.240.jar:2.4.240]
	at org.h2.command.query.Query.prepare(Query.java:235) ~[h2-2.4.240.jar:2.4.240]
	at org.h2.command.Parser.prepareCommand(Parser.java:492) ~[h2-2.4.240.jar:2.4.240]
	at org.h2.engine.SessionLocal.prepareLocal(SessionLocal.java:647) ~[h2-2.4.240.jar:2.4.240]
	at org.h2.engine.SessionLocal.prepareCommand(SessionLocal.java:563) ~[h2-2.4.240.jar:2.4.240]
	at org.h2.jdbc.JdbcConnection.prepareCommand(JdbcConnection.java:1160) ~[h2-2.4.240.jar:2.4.240]
	at org.h2.jdbc.JdbcPreparedStatement.<init>(JdbcPreparedStatement.java:93) ~[h2-2.4.240.jar:2.4.240]
	at org.h2.jdbc.JdbcConnection.prepareStatement(JdbcConnection.java:686) ~[h2-2.4.240.jar:2.4.240]
	at com.zaxxer.hikari.pool.ProxyConnection.prepareStatement(ProxyConnection.java:342) ~[HikariCP-7.0.2.jar:na]
	at com.zaxxer.hikari.pool.HikariProxyConnection.prepareStatement(HikariProxyConnection.java) ~[HikariCP-7.0.2.jar:na]
	at org.hibernate.engine.jdbc.internal.StatementPreparerImpl$4.doPrepare(StatementPreparerImpl.java:155) ~[hibernate-core-7.2.12.Final.jar:7.2.12.Final]
	at org.hibernate.engine.jdbc.internal.StatementPreparerImpl$StatementPreparationTemplate.prepareStatement(StatementPreparerImpl.java:183) ~[hibernate-core-7.2.12.Final.jar:7.2.12.Final]
	at org.hibernate.engine.jdbc.internal.StatementPreparerImpl.prepareQueryStatement(StatementPreparerImpl.java:157) ~[hibernate-core-7.2.12.Final.jar:7.2.12.Final]
	at org.hibernate.sql.exec.internal.StandardStatementCreator.createStatement(StandardStatementCreator.java:46) ~[hibernate-core-7.2.12.Final.jar:7.2.12.Final]
	at org.hibernate.sql.results.jdbc.internal.DeferredResultSetAccess.executeQuery(DeferredResultSetAccess.java:257) ~[hibernate-core-7.2.12.Final.jar:7.2.12.Final]
	at org.hibernate.sql.results.jdbc.internal.DeferredResultSetAccess.getResultSet(DeferredResultSetAccess.java:190) ~[hibernate-core-7.2.12.Final.jar:7.2.12.Final]
	at org.hibernate.sql.results.jdbc.internal.JdbcValuesResultSetImpl.<init>(JdbcValuesResultSetImpl.java:71) ~[hibernate-core-7.2.12.Final.jar:7.2.12.Final]
	at org.hibernate.sql.exec.internal.JdbcSelectExecutorStandardImpl.resolveJdbcValues(JdbcSelectExecutorStandardImpl.java:422) ~[hibernate-core-7.2.12.Final.jar:7.2.12.Final]
	at org.hibernate.sql.exec.internal.JdbcSelectExecutorStandardImpl.resolveJdbcValuesSource(JdbcSelectExecutorStandardImpl.java:349) ~[hibernate-core-7.2.12.Final.jar:7.2.12.Final]
	at org.hibernate.sql.exec.internal.JdbcSelectExecutorStandardImpl.doExecuteQuery(JdbcSelectExecutorStandardImpl.java:143) ~[hibernate-core-7.2.12.Final.jar:7.2.12.Final]
	at org.hibernate.sql.exec.internal.JdbcSelectExecutorStandardImpl.executeQuery(JdbcSelectExecutorStandardImpl.java:100) ~[hibernate-core-7.2.12.Final.jar:7.2.12.Final]
	at org.hibernate.sql.exec.spi.JdbcSelectExecutor.executeQuery(JdbcSelectExecutor.java:63) ~[hibernate-core-7.2.12.Final.jar:7.2.12.Final]
	at org.hibernate.sql.exec.spi.JdbcSelectExecutor.list(JdbcSelectExecutor.java:137) ~[hibernate-core-7.2.12.Final.jar:7.2.12.Final]
	at org.hibernate.query.sqm.internal.ConcreteSqmSelectQueryPlan.lambda$new$1(ConcreteSqmSelectQueryPlan.java:134) ~[hibernate-core-7.2.12.Final.jar:7.2.12.Final]
	at org.hibernate.query.sqm.internal.ConcreteSqmSelectQueryPlan.withCacheableSqmInterpretation(ConcreteSqmSelectQueryPlan.java:464) ~[hibernate-core-7.2.12.Final.jar:7.2.12.Final]
	at org.hibernate.query.sqm.internal.ConcreteSqmSelectQueryPlan.performList(ConcreteSqmSelectQueryPlan.java:392) ~[hibernate-core-7.2.12.Final.jar:7.2.12.Final]
	at org.hibernate.query.sqm.internal.SqmQueryImpl.doList(SqmQueryImpl.java:374) ~[hibernate-core-7.2.12.Final.jar:7.2.12.Final]
	at org.hibernate.query.spi.AbstractSelectionQuery.list(AbstractSelectionQuery.java:153) ~[hibernate-core-7.2.12.Final.jar:7.2.12.Final]
	at org.hibernate.query.Query.getResultList(Query.java:121) ~[hibernate-core-7.2.12.Final.jar:7.2.12.Final]
	at java.base/jdk.internal.reflect.DirectMethodHandleAccessor.invoke(DirectMethodHandleAccessor.java:104) ~[na:na]
	at java.base/java.lang.reflect.Method.invoke(Method.java:565) ~[na:na]
	at org.springframework.orm.jpa.SharedEntityManagerCreator$DeferredQueryInvocationHandler.invoke(SharedEntityManagerCreator.java:557) ~[spring-orm-7.0.7.jar:7.0.7]
	at jdk.proxy7/jdk.proxy7.$Proxy209.getResultList(Unknown Source) ~[na:na]
	at org.springframework.data.jpa.repository.query.JpaQueryExecution$CollectionExecution.doExecute(JpaQueryExecution.java:132) ~[spring-data-jpa-4.0.5.jar:4.0.5]
	at org.springframework.data.jpa.repository.query.JpaQueryExecution.execute(JpaQueryExecution.java:99) ~[spring-data-jpa-4.0.5.jar:4.0.5]
	at org.springframework.data.jpa.repository.query.AbstractJpaQuery.doExecute(AbstractJpaQuery.java:164) ~[spring-data-jpa-4.0.5.jar:4.0.5]
	at org.springframework.data.jpa.repository.query.AbstractJpaQuery.execute(AbstractJpaQuery.java:154) ~[spring-data-jpa-4.0.5.jar:4.0.5]
	at org.springframework.data.repository.core.support.RepositoryMethodInvoker.doInvoke(RepositoryMethodInvoker.java:169) ~[spring-data-commons-4.0.5.jar:4.0.5]
	at org.springframework.data.repository.core.support.RepositoryMethodInvoker.invoke(RepositoryMethodInvoker.java:158) ~[spring-data-commons-4.0.5.jar:4.0.5]
	at org.springframework.data.repository.core.support.QueryExecutorMethodInterceptor.doInvoke(QueryExecutorMethodInterceptor.java:167) ~[spring-data-commons-4.0.5.jar:4.0.5]
	at org.springframework.data.repository.core.support.QueryExecutorMethodInterceptor.invoke(QueryExecutorMethodInterceptor.java:146) ~[spring-data-commons-4.0.5.jar:4.0.5]
	at org.springframework.aop.framework.ReflectiveMethodInvocation.proceed(ReflectiveMethodInvocation.java:179) ~[spring-aop-7.0.7.jar:7.0.7]
	at org.springframework.data.projection.DefaultMethodInvokingMethodInterceptor.invoke(DefaultMethodInvokingMethodInterceptor.java:69) ~[spring-data-commons-4.0.5.jar:4.0.5]
	at org.springframework.aop.framework.ReflectiveMethodInvocation.proceed(ReflectiveMethodInvocation.java:179) ~[spring-aop-7.0.7.jar:7.0.7]
	at org.springframework.transaction.interceptor.TransactionInterceptor$1.proceedWithInvocation(TransactionInterceptor.java:133) ~[spring-tx-7.0.7.jar:7.0.7]
	at org.springframework.transaction.interceptor.TransactionAspectSupport.invokeWithinTransaction(TransactionAspectSupport.java:371) ~[spring-tx-7.0.7.jar:7.0.7]
	at org.springframework.transaction.interceptor.TransactionInterceptor.invoke(TransactionInterceptor.java:130) ~[spring-tx-7.0.7.jar:7.0.7]
	at org.springframework.aop.framework.ReflectiveMethodInvocation.proceed(ReflectiveMethodInvocation.java:179) ~[spring-aop-7.0.7.jar:7.0.7]
	at org.springframework.dao.support.PersistenceExceptionTranslationInterceptor.invoke(PersistenceExceptionTranslationInterceptor.java:135) ~[spring-tx-7.0.7.jar:7.0.7]
	at org.springframework.aop.framework.ReflectiveMethodInvocation.proceed(ReflectiveMethodInvocation.java:179) ~[spring-aop-7.0.7.jar:7.0.7]
	at org.springframework.data.jpa.repository.support.CrudMethodMetadataPostProcessor$CrudMethodMetadataPopulatingMethodInterceptor.invoke(CrudMethodMetadataPostProcessor.java:137) ~[spring-data-jpa-4.0.5.jar:4.0.5]
	at org.springframework.aop.framework.ReflectiveMethodInvocation.proceed(ReflectiveMethodInvocation.java:179) ~[spring-aop-7.0.7.jar:7.0.7]
	at org.springframework.aop.framework.JdkDynamicAopProxy.invoke(JdkDynamicAopProxy.java:222) ~[spring-aop-7.0.7.jar:7.0.7]
	at jdk.proxy7/jdk.proxy7.$Proxy202.findByStudentIdOrderByDateAsc(Unknown Source) ~[na:na]
	at com.example.eduadvisor2.controller.ScheduleEventController.list(ScheduleEventController.java:42) ~[classes/:na]
	at java.base/jdk.internal.reflect.DirectMethodHandleAccessor.invoke(DirectMethodHandleAccessor.java:104) ~[na:na]
	at java.base/java.lang.reflect.Method.invoke(Method.java:565) ~[na:na]
	at org.springframework.web.method.support.InvocableHandlerMethod.doInvoke(InvocableHandlerMethod.java:252) ~[spring-web-7.0.7.jar:7.0.7]
	at org.springframework.web.method.support.InvocableHandlerMethod.invokeForRequest(InvocableHandlerMethod.java:184) ~[spring-web-7.0.7.jar:7.0.7]
	at org.springframework.web.servlet.mvc.method.annotation.ServletInvocableHandlerMethod.invokeAndHandle(ServletInvocableHandlerMethod.java:117) ~[spring-webmvc-7.0.7.jar:7.0.7]
	at org.springframework.web.servlet.mvc.method.annotation.RequestMappingHandlerAdapter.invokeHandlerMethod(RequestMappingHandlerAdapter.java:934) ~[spring-webmvc-7.0.7.jar:7.0.7]
	at org.springframework.web.servlet.mvc.method.annotation.RequestMappingHandlerAdapter.handleInternal(RequestMappingHandlerAdapter.java:853) ~[spring-webmvc-7.0.7.jar:7.0.7]
	at org.springframework.web.servlet.mvc.method.AbstractHandlerMethodAdapter.handle(AbstractHandlerMethodAdapter.java:86) ~[spring-webmvc-7.0.7.jar:7.0.7]
	at org.springframework.web.servlet.DispatcherServlet.doDispatch(DispatcherServlet.java:963) ~[spring-webmvc-7.0.7.jar:7.0.7]
	at org.springframework.web.servlet.DispatcherServlet.doService(DispatcherServlet.java:866) ~[spring-webmvc-7.0.7.jar:7.0.7]
	at org.springframework.web.servlet.FrameworkServlet.processRequest(FrameworkServlet.java:1000) ~[spring-webmvc-7.0.7.jar:7.0.7]
	at org.springframework.web.servlet.FrameworkServlet.doGet(FrameworkServlet.java:892) ~[spring-webmvc-7.0.7.jar:7.0.7]
	at jakarta.servlet.http.HttpServlet.service(HttpServlet.java:622) ~[tomcat-embed-core-11.0.21.jar:6.1]
	at org.springframework.web.servlet.FrameworkServlet.service(FrameworkServlet.java:874) ~[spring-webmvc-7.0.7.jar:7.0.7]
	at jakarta.servlet.http.HttpServlet.service(HttpServlet.java:710) ~[tomcat-embed-core-11.0.21.jar:6.1]
	at org.apache.catalina.core.ApplicationFilterChain.doFilter(ApplicationFilterChain.java:128) ~[tomcat-embed-core-11.0.21.jar:11.0.21]
	at org.apache.tomcat.websocket.server.WsFilter.doFilter(WsFilter.java:53) ~[tomcat-embed-websocket-11.0.21.jar:11.0.21]
	at org.apache.catalina.core.ApplicationFilterChain.doFilter(ApplicationFilterChain.java:107) ~[tomcat-embed-core-11.0.21.jar:11.0.21]
	at org.springframework.web.filter.RequestContextFilter.doFilterInternal(RequestContextFilter.java:100) ~[spring-web-7.0.7.jar:7.0.7]
	at org.springframework.web.filter.OncePerRequestFilter.doFilter(OncePerRequestFilter.java:116) ~[spring-web-7.0.7.jar:7.0.7]
	at org.apache.catalina.core.ApplicationFilterChain.doFilter(ApplicationFilterChain.java:107) ~[tomcat-embed-core-11.0.21.jar:11.0.21]
	at org.springframework.web.filter.FormContentFilter.doFilterInternal(FormContentFilter.java:93) ~[spring-web-7.0.7.jar:7.0.7]
	at org.springframework.web.filter.OncePerRequestFilter.doFilter(OncePerRequestFilter.java:116) ~[spring-web-7.0.7.jar:7.0.7]
	at org.apache.catalina.core.ApplicationFilterChain.doFilter(ApplicationFilterChain.java:107) ~[tomcat-embed-core-11.0.21.jar:11.0.21]
	at org.springframework.web.filter.ServerHttpObservationFilter.doFilterInternal(ServerHttpObservationFilter.java:110) ~[spring-web-7.0.7.jar:7.0.7]
	at org.springframework.web.filter.OncePerRequestFilter.doFilter(OncePerRequestFilter.java:116) ~[spring-web-7.0.7.jar:7.0.7]
	at org.apache.catalina.core.ApplicationFilterChain.doFilter(ApplicationFilterChain.java:107) ~[tomcat-embed-core-11.0.21.jar:11.0.21]
	at org.springframework.web.filter.CharacterEncodingFilter.doFilterInternal(CharacterEncodingFilter.java:199) ~[spring-web-7.0.7.jar:7.0.7]
	at org.springframework.web.filter.OncePerRequestFilter.doFilter(OncePerRequestFilter.java:116) ~[spring-web-7.0.7.jar:7.0.7]
	at org.apache.catalina.core.ApplicationFilterChain.doFilter(ApplicationFilterChain.java:107) ~[tomcat-embed-core-11.0.21.jar:11.0.21]
	at org.apache.catalina.core.StandardWrapperValve.invoke(StandardWrapperValve.java:165) ~[tomcat-embed-core-11.0.21.jar:11.0.21]
	at org.apache.catalina.core.StandardContextValve.invoke(StandardContextValve.java:77) ~[tomcat-embed-core-11.0.21.jar:11.0.21]
	at org.apache.catalina.authenticator.AuthenticatorBase.invoke(AuthenticatorBase.java:492) ~[tomcat-embed-core-11.0.21.jar:11.0.21]
	at org.apache.catalina.core.StandardHostValve.invoke(StandardHostValve.java:113) ~[tomcat-embed-core-11.0.21.jar:11.0.21]
	at org.apache.catalina.valves.ErrorReportValve.invoke(ErrorReportValve.java:83) ~[tomcat-embed-core-11.0.21.jar:11.0.21]
	at org.apache.catalina.core.StandardEngineValve.invoke(StandardEngineValve.java:72) ~[tomcat-embed-core-11.0.21.jar:11.0.21]
	at org.apache.catalina.connector.CoyoteAdapter.service(CoyoteAdapter.java:341) ~[tomcat-embed-core-11.0.21.jar:11.0.21]
	at org.apache.coyote.http11.Http11Processor.service(Http11Processor.java:397) ~[tomcat-embed-core-11.0.21.jar:11.0.21]
	at org.apache.coyote.AbstractProcessorLight.process(AbstractProcessorLight.java:63) ~[tomcat-embed-core-11.0.21.jar:11.0.21]
	at org.apache.coyote.AbstractProtocol$ConnectionHandler.process(AbstractProtocol.java:903) ~[tomcat-embed-core-11.0.21.jar:11.0.21]
	at org.apache.tomcat.util.net.NioEndpoint$SocketProcessor.doRun(NioEndpoint.java:1801) ~[tomcat-embed-core-11.0.21.jar:11.0.21]
	at org.apache.tomcat.util.net.SocketProcessorBase.run(SocketProcessorBase.java:52) ~[tomcat-embed-core-11.0.21.jar:11.0.21]
	at org.apache.tomcat.util.threads.ThreadPoolExecutor.runWorker(ThreadPoolExecutor.java:946) ~[tomcat-embed-core-11.0.21.jar:11.0.21]
	at org.apache.tomcat.util.threads.ThreadPoolExecutor$Worker.run(ThreadPoolExecutor.java:480) ~[tomcat-embed-core-11.0.21.jar:11.0.21]
	at org.apache.tomcat.util.threads.TaskThread$WrappingRunnable.run(TaskThread.java:57) ~[tomcat-embed-core-11.0.21.jar:11.0.21]
	at java.base/java.lang.Thread.run(Thread.java:1474) ~[na:na]

Hibernate: 
    select
        e1_0.id,
        e1_0.course_id,
        e1_0.enrolled_at,
        e1_0.student_id 
    from
        enrollments e1_0 
    where
        e1_0.student_id=?
Hibernate: 
    select
        c1_0.code,
        c1_0.category,
        c1_0.color,
        c1_0.credits,
        c1_0.days,
        c1_0.end_time,
        c1_0.instructor,
        c1_0.name,
        c1_0.room,
        c1_0.start_time,
        c1_0.teacher_id 
    from
        courses c1_0 
    where
        c1_0.code=?
Hibernate: 
    select
        c1_0.code,
        c1_0.category,
        c1_0.color,
        c1_0.credits,
        c1_0.days,
        c1_0.end_time,
        c1_0.instructor,
        c1_0.name,
        c1_0.room,
        c1_0.start_time,
        c1_0.teacher_id 
    from
        courses c1_0 
    where
        c1_0.code=?
Hibernate: 
    select
        c1_0.code,
        c1_0.category,
        c1_0.color,
        c1_0.credits,
        c1_0.days,
        c1_0.end_time,
        c1_0.instructor,
        c1_0.name,
        c1_0.room,
        c1_0.start_time,
        c1_0.teacher_id 
    from
        courses c1_0 
    where
        c1_0.code=?
Hibernate: 
    select
        e1_0.id,
        e1_0.course_id,
        e1_0.enrolled_at,
        e1_0.student_id 
    from
        enrollments e1_0 
    where
        e1_0.student_id=?
Hibernate: 
    select
        c1_0.code,
        c1_0.category,
        c1_0.color,
        c1_0.credits,
        c1_0.days,
        c1_0.end_time,
        c1_0.instructor,
        c1_0.name,
        c1_0.room,
        c1_0.start_time,
        c1_0.teacher_id 
    from
        courses c1_0 
    where
        c1_0.code=?
Hibernate: 
    select
        c1_0.code,
        c1_0.category,
        c1_0.color,
        c1_0.credits,
        c1_0.days,
        c1_0.end_time,
        c1_0.instructor,
        c1_0.name,
        c1_0.room,
        c1_0.start_time,
        c1_0.teacher_id 
    from
        courses c1_0 
    where
        c1_0.code=?
Hibernate: 
    select
        c1_0.code,
        c1_0.category,
        c1_0.color,
        c1_0.credits,
        c1_0.days,
        c1_0.end_time,
        c1_0.instructor,
        c1_0.name,
        c1_0.room,
        c1_0.start_time,
        c1_0.teacher_id 
    from
        courses c1_0 
    where
        c1_0.code=?
Hibernate: 
    select
        se1_0.id,
        se1_0.created_at,
        se1_0.date,
        se1_0.notified,
        se1_0.student_id,
        se1_0.time,
        se1_0.title,
        se1_0.type 
    from
        schedule_events se1_0 
    where
        se1_0.student_id=? 
    order by
        se1_0.date
2026-07-01T20:00:39.813+06:00  WARN 15424 --- [eduadvisor2] [nio-8081-exec-2] org.hibernate.orm.jdbc.error             : HHH000247: ErrorCode: 42122, SQLState: 42S22
2026-07-01T20:00:39.814+06:00  WARN 15424 --- [eduadvisor2] [nio-8081-exec-2] org.hibernate.orm.jdbc.error             : Column "SE1_0.NOTIFIED" not found; SQL statement:
select se1_0.id,se1_0.created_at,se1_0.date,se1_0.notified,se1_0.student_id,se1_0.time,se1_0.title,se1_0.type from schedule_events se1_0 where se1_0.student_id=? order by se1_0.date [42122-240]
2026-07-01T20:00:39.816+06:00 ERROR 15424 --- [eduadvisor2] [nio-8081-exec-2] o.a.c.c.C.[.[.[/].[dispatcherServlet]    : Servlet.service() for servlet [dispatcherServlet] in context with path [] threw exception [Request processing failed: org.springframework.dao.InvalidDataAccessResourceUsageException: Could not prepare statement [Column "SE1_0.NOTIFIED" not found; SQL statement:
select se1_0.id,se1_0.created_at,se1_0.date,se1_0.notified,se1_0.student_id,se1_0.time,se1_0.title,se1_0.type from schedule_events se1_0 where se1_0.student_id=? order by se1_0.date [42122-240]] [select se1_0.id,se1_0.created_at,se1_0.date,se1_0.notified,se1_0.student_id,se1_0.time,se1_0.title,se1_0.type from schedule_events se1_0 where se1_0.student_id=? order by se1_0.date]; SQL [select se1_0.id,se1_0.created_at,se1_0.date,se1_0.notified,se1_0.student_id,se1_0.time,se1_0.title,se1_0.type from schedule_events se1_0 where se1_0.student_id=? order by se1_0.date]] with root cause

org.h2.jdbc.JdbcSQLSyntaxErrorException: Column "SE1_0.NOTIFIED" not found; SQL statement:
select se1_0.id,se1_0.created_at,se1_0.date,se1_0.notified,se1_0.student_id,se1_0.time,se1_0.title,se1_0.type from schedule_events se1_0 where se1_0.student_id=? order by se1_0.date [42122-240]
	at org.h2.message.DbException.getJdbcSQLException(DbException.java:514) ~[h2-2.4.240.jar:2.4.240]
	at org.h2.message.DbException.getJdbcSQLException(DbException.java:489) ~[h2-2.4.240.jar:2.4.240]
	at org.h2.message.DbException.get(DbException.java:223) ~[h2-2.4.240.jar:2.4.240]
	at org.h2.message.DbException.get(DbException.java:199) ~[h2-2.4.240.jar:2.4.240]
	at org.h2.expression.ExpressionColumn.getColumnException(ExpressionColumn.java:244) ~[h2-2.4.240.jar:2.4.240]
	at org.h2.expression.ExpressionColumn.optimizeOther(ExpressionColumn.java:226) ~[h2-2.4.240.jar:2.4.240]
	at org.h2.expression.ExpressionColumn.optimize(ExpressionColumn.java:213) ~[h2-2.4.240.jar:2.4.240]
	at org.h2.command.query.Select.lambda$prepareExpressions$2(Select.java:1209) ~[h2-2.4.240.jar:2.4.240]
	at java.base/java.util.ArrayList.replaceAllRange(ArrayList.java:1803) ~[na:na]
	at java.base/java.util.ArrayList.replaceAll(ArrayList.java:1793) ~[na:na]
	at org.h2.command.query.Select.prepareExpressions(Select.java:1209) ~[h2-2.4.240.jar:2.4.240]
	at org.h2.command.query.Query.prepare(Query.java:235) ~[h2-2.4.240.jar:2.4.240]
	at org.h2.command.Parser.prepareCommand(Parser.java:492) ~[h2-2.4.240.jar:2.4.240]
	at org.h2.engine.SessionLocal.prepareLocal(SessionLocal.java:647) ~[h2-2.4.240.jar:2.4.240]
	at org.h2.engine.SessionLocal.prepareCommand(SessionLocal.java:563) ~[h2-2.4.240.jar:2.4.240]
	at org.h2.jdbc.JdbcConnection.prepareCommand(JdbcConnection.java:1160) ~[h2-2.4.240.jar:2.4.240]
	at org.h2.jdbc.JdbcPreparedStatement.<init>(JdbcPreparedStatement.java:93) ~[h2-2.4.240.jar:2.4.240]
	at org.h2.jdbc.JdbcConnection.prepareStatement(JdbcConnection.java:686) ~[h2-2.4.240.jar:2.4.240]
	at com.zaxxer.hikari.pool.ProxyConnection.prepareStatement(ProxyConnection.java:342) ~[HikariCP-7.0.2.jar:na]
	at com.zaxxer.hikari.pool.HikariProxyConnection.prepareStatement(HikariProxyConnection.java) ~[HikariCP-7.0.2.jar:na]
	at org.hibernate.engine.jdbc.internal.StatementPreparerImpl$4.doPrepare(StatementPreparerImpl.java:155) ~[hibernate-core-7.2.12.Final.jar:7.2.12.Final]
	at org.hibernate.engine.jdbc.internal.StatementPreparerImpl$StatementPreparationTemplate.prepareStatement(StatementPreparerImpl.java:183) ~[hibernate-core-7.2.12.Final.jar:7.2.12.Final]
	at org.hibernate.engine.jdbc.internal.StatementPreparerImpl.prepareQueryStatement(StatementPreparerImpl.java:157) ~[hibernate-core-7.2.12.Final.jar:7.2.12.Final]
	at org.hibernate.sql.exec.internal.StandardStatementCreator.createStatement(StandardStatementCreator.java:46) ~[hibernate-core-7.2.12.Final.jar:7.2.12.Final]
	at org.hibernate.sql.results.jdbc.internal.DeferredResultSetAccess.executeQuery(DeferredResultSetAccess.java:257) ~[hibernate-core-7.2.12.Final.jar:7.2.12.Final]
	at org.hibernate.sql.results.jdbc.internal.DeferredResultSetAccess.getResultSet(DeferredResultSetAccess.java:190) ~[hibernate-core-7.2.12.Final.jar:7.2.12.Final]
	at org.hibernate.sql.results.jdbc.internal.JdbcValuesResultSetImpl.<init>(JdbcValuesResultSetImpl.java:71) ~[hibernate-core-7.2.12.Final.jar:7.2.12.Final]
	at org.hibernate.sql.exec.internal.JdbcSelectExecutorStandardImpl.resolveJdbcValues(JdbcSelectExecutorStandardImpl.java:422) ~[hibernate-core-7.2.12.Final.jar:7.2.12.Final]
	at org.hibernate.sql.exec.internal.JdbcSelectExecutorStandardImpl.resolveJdbcValuesSource(JdbcSelectExecutorStandardImpl.java:349) ~[hibernate-core-7.2.12.Final.jar:7.2.12.Final]
	at org.hibernate.sql.exec.internal.JdbcSelectExecutorStandardImpl.doExecuteQuery(JdbcSelectExecutorStandardImpl.java:143) ~[hibernate-core-7.2.12.Final.jar:7.2.12.Final]
	at org.hibernate.sql.exec.internal.JdbcSelectExecutorStandardImpl.executeQuery(JdbcSelectExecutorStandardImpl.java:100) ~[hibernate-core-7.2.12.Final.jar:7.2.12.Final]
	at org.hibernate.sql.exec.spi.JdbcSelectExecutor.executeQuery(JdbcSelectExecutor.java:63) ~[hibernate-core-7.2.12.Final.jar:7.2.12.Final]
	at org.hibernate.sql.exec.spi.JdbcSelectExecutor.list(JdbcSelectExecutor.java:137) ~[hibernate-core-7.2.12.Final.jar:7.2.12.Final]
	at org.hibernate.query.sqm.internal.ConcreteSqmSelectQueryPlan.lambda$new$1(ConcreteSqmSelectQueryPlan.java:134) ~[hibernate-core-7.2.12.Final.jar:7.2.12.Final]
	at org.hibernate.query.sqm.internal.ConcreteSqmSelectQueryPlan.withCacheableSqmInterpretation(ConcreteSqmSelectQueryPlan.java:464) ~[hibernate-core-7.2.12.Final.jar:7.2.12.Final]
	at org.hibernate.query.sqm.internal.ConcreteSqmSelectQueryPlan.performList(ConcreteSqmSelectQueryPlan.java:392) ~[hibernate-core-7.2.12.Final.jar:7.2.12.Final]
	at org.hibernate.query.sqm.internal.SqmQueryImpl.doList(SqmQueryImpl.java:374) ~[hibernate-core-7.2.12.Final.jar:7.2.12.Final]
	at org.hibernate.query.spi.AbstractSelectionQuery.list(AbstractSelectionQuery.java:153) ~[hibernate-core-7.2.12.Final.jar:7.2.12.Final]
	at org.hibernate.query.Query.getResultList(Query.java:121) ~[hibernate-core-7.2.12.Final.jar:7.2.12.Final]
	at java.base/jdk.internal.reflect.DirectMethodHandleAccessor.invoke(DirectMethodHandleAccessor.java:104) ~[na:na]
	at java.base/java.lang.reflect.Method.invoke(Method.java:565) ~[na:na]
	at org.springframework.orm.jpa.SharedEntityManagerCreator$DeferredQueryInvocationHandler.invoke(SharedEntityManagerCreator.java:557) ~[spring-orm-7.0.7.jar:7.0.7]
	at jdk.proxy7/jdk.proxy7.$Proxy209.getResultList(Unknown Source) ~[na:na]
	at org.springframework.data.jpa.repository.query.JpaQueryExecution$CollectionExecution.doExecute(JpaQueryExecution.java:132) ~[spring-data-jpa-4.0.5.jar:4.0.5]
	at org.springframework.data.jpa.repository.query.JpaQueryExecution.execute(JpaQueryExecution.java:99) ~[spring-data-jpa-4.0.5.jar:4.0.5]
	at org.springframework.data.jpa.repository.query.AbstractJpaQuery.doExecute(AbstractJpaQuery.java:164) ~[spring-data-jpa-4.0.5.jar:4.0.5]
	at org.springframework.data.jpa.repository.query.AbstractJpaQuery.execute(AbstractJpaQuery.java:154) ~[spring-data-jpa-4.0.5.jar:4.0.5]
	at org.springframework.data.repository.core.support.RepositoryMethodInvoker.doInvoke(RepositoryMethodInvoker.java:169) ~[spring-data-commons-4.0.5.jar:4.0.5]
	at org.springframework.data.repository.core.support.RepositoryMethodInvoker.invoke(RepositoryMethodInvoker.java:158) ~[spring-data-commons-4.0.5.jar:4.0.5]
	at org.springframework.data.repository.core.support.QueryExecutorMethodInterceptor.doInvoke(QueryExecutorMethodInterceptor.java:167) ~[spring-data-commons-4.0.5.jar:4.0.5]
	at org.springframework.data.repository.core.support.QueryExecutorMethodInterceptor.invoke(QueryExecutorMethodInterceptor.java:146) ~[spring-data-commons-4.0.5.jar:4.0.5]
	at org.springframework.aop.framework.ReflectiveMethodInvocation.proceed(ReflectiveMethodInvocation.java:179) ~[spring-aop-7.0.7.jar:7.0.7]
	at org.springframework.data.projection.DefaultMethodInvokingMethodInterceptor.invoke(DefaultMethodInvokingMethodInterceptor.java:69) ~[spring-data-commons-4.0.5.jar:4.0.5]
	at org.springframework.aop.framework.ReflectiveMethodInvocation.proceed(ReflectiveMethodInvocation.java:179) ~[spring-aop-7.0.7.jar:7.0.7]
	at org.springframework.transaction.interceptor.TransactionInterceptor$1.proceedWithInvocation(TransactionInterceptor.java:133) ~[spring-tx-7.0.7.jar:7.0.7]
	at org.springframework.transaction.interceptor.TransactionAspectSupport.invokeWithinTransaction(TransactionAspectSupport.java:371) ~[spring-tx-7.0.7.jar:7.0.7]
	at org.springframework.transaction.interceptor.TransactionInterceptor.invoke(TransactionInterceptor.java:130) ~[spring-tx-7.0.7.jar:7.0.7]
	at org.springframework.aop.framework.ReflectiveMethodInvocation.proceed(ReflectiveMethodInvocation.java:179) ~[spring-aop-7.0.7.jar:7.0.7]
	at org.springframework.dao.support.PersistenceExceptionTranslationInterceptor.invoke(PersistenceExceptionTranslationInterceptor.java:135) ~[spring-tx-7.0.7.jar:7.0.7]
	at org.springframework.aop.framework.ReflectiveMethodInvocation.proceed(ReflectiveMethodInvocation.java:179) ~[spring-aop-7.0.7.jar:7.0.7]
	at org.springframework.data.jpa.repository.support.CrudMethodMetadataPostProcessor$CrudMethodMetadataPopulatingMethodInterceptor.invoke(CrudMethodMetadataPostProcessor.java:137) ~[spring-data-jpa-4.0.5.jar:4.0.5]
	at org.springframework.aop.framework.ReflectiveMethodInvocation.proceed(ReflectiveMethodInvocation.java:179) ~[spring-aop-7.0.7.jar:7.0.7]
	at org.springframework.aop.framework.JdkDynamicAopProxy.invoke(JdkDynamicAopProxy.java:222) ~[spring-aop-7.0.7.jar:7.0.7]
	at jdk.proxy7/jdk.proxy7.$Proxy202.findByStudentIdOrderByDateAsc(Unknown Source) ~[na:na]
	at com.example.eduadvisor2.controller.ScheduleEventController.list(ScheduleEventController.java:42) ~[classes/:na]
	at java.base/jdk.internal.reflect.DirectMethodHandleAccessor.invoke(DirectMethodHandleAccessor.java:104) ~[na:na]
	at java.base/java.lang.reflect.Method.invoke(Method.java:565) ~[na:na]
	at org.springframework.web.method.support.InvocableHandlerMethod.doInvoke(InvocableHandlerMethod.java:252) ~[spring-web-7.0.7.jar:7.0.7]
	at org.springframework.web.method.support.InvocableHandlerMethod.invokeForRequest(InvocableHandlerMethod.java:184) ~[spring-web-7.0.7.jar:7.0.7]
	at org.springframework.web.servlet.mvc.method.annotation.ServletInvocableHandlerMethod.invokeAndHandle(ServletInvocableHandlerMethod.java:117) ~[spring-webmvc-7.0.7.jar:7.0.7]
	at org.springframework.web.servlet.mvc.method.annotation.RequestMappingHandlerAdapter.invokeHandlerMethod(RequestMappingHandlerAdapter.java:934) ~[spring-webmvc-7.0.7.jar:7.0.7]
	at org.springframework.web.servlet.mvc.method.annotation.RequestMappingHandlerAdapter.handleInternal(RequestMappingHandlerAdapter.java:853) ~[spring-webmvc-7.0.7.jar:7.0.7]
	at org.springframework.web.servlet.mvc.method.AbstractHandlerMethodAdapter.handle(AbstractHandlerMethodAdapter.java:86) ~[spring-webmvc-7.0.7.jar:7.0.7]
	at org.springframework.web.servlet.DispatcherServlet.doDispatch(DispatcherServlet.java:963) ~[spring-webmvc-7.0.7.jar:7.0.7]
	at org.springframework.web.servlet.DispatcherServlet.doService(DispatcherServlet.java:866) ~[spring-webmvc-7.0.7.jar:7.0.7]
	at org.springframework.web.servlet.FrameworkServlet.processRequest(FrameworkServlet.java:1000) ~[spring-webmvc-7.0.7.jar:7.0.7]
	at org.springframework.web.servlet.FrameworkServlet.doGet(FrameworkServlet.java:892) ~[spring-webmvc-7.0.7.jar:7.0.7]
	at jakarta.servlet.http.HttpServlet.service(HttpServlet.java:622) ~[tomcat-embed-core-11.0.21.jar:6.1]
	at org.springframework.web.servlet.FrameworkServlet.service(FrameworkServlet.java:874) ~[spring-webmvc-7.0.7.jar:7.0.7]
	at jakarta.servlet.http.HttpServlet.service(HttpServlet.java:710) ~[tomcat-embed-core-11.0.21.jar:6.1]
	at org.apache.catalina.core.ApplicationFilterChain.doFilter(ApplicationFilterChain.java:128) ~[tomcat-embed-core-11.0.21.jar:11.0.21]
	at org.apache.tomcat.websocket.server.WsFilter.doFilter(WsFilter.java:53) ~[tomcat-embed-websocket-11.0.21.jar:11.0.21]
	at org.apache.catalina.core.ApplicationFilterChain.doFilter(ApplicationFilterChain.java:107) ~[tomcat-embed-core-11.0.21.jar:11.0.21]
	at org.springframework.web.filter.RequestContextFilter.doFilterInternal(RequestContextFilter.java:100) ~[spring-web-7.0.7.jar:7.0.7]
	at org.springframework.web.filter.OncePerRequestFilter.doFilter(OncePerRequestFilter.java:116) ~[spring-web-7.0.7.jar:7.0.7]
	at org.apache.catalina.core.ApplicationFilterChain.doFilter(ApplicationFilterChain.java:107) ~[tomcat-embed-core-11.0.21.jar:11.0.21]
	at org.springframework.web.filter.FormContentFilter.doFilterInternal(FormContentFilter.java:93) ~[spring-web-7.0.7.jar:7.0.7]
	at org.springframework.web.filter.OncePerRequestFilter.doFilter(OncePerRequestFilter.java:116) ~[spring-web-7.0.7.jar:7.0.7]
	at org.apache.catalina.core.ApplicationFilterChain.doFilter(ApplicationFilterChain.java:107) ~[tomcat-embed-core-11.0.21.jar:11.0.21]
	at org.springframework.web.filter.ServerHttpObservationFilter.doFilterInternal(ServerHttpObservationFilter.java:110) ~[spring-web-7.0.7.jar:7.0.7]
	at org.springframework.web.filter.OncePerRequestFilter.doFilter(OncePerRequestFilter.java:116) ~[spring-web-7.0.7.jar:7.0.7]
	at org.apache.catalina.core.ApplicationFilterChain.doFilter(ApplicationFilterChain.java:107) ~[tomcat-embed-core-11.0.21.jar:11.0.21]
	at org.springframework.web.filter.CharacterEncodingFilter.doFilterInternal(CharacterEncodingFilter.java:199) ~[spring-web-7.0.7.jar:7.0.7]
	at org.springframework.web.filter.OncePerRequestFilter.doFilter(OncePerRequestFilter.java:116) ~[spring-web-7.0.7.jar:7.0.7]
	at org.apache.catalina.core.ApplicationFilterChain.doFilter(ApplicationFilterChain.java:107) ~[tomcat-embed-core-11.0.21.jar:11.0.21]
	at org.apache.catalina.core.StandardWrapperValve.invoke(StandardWrapperValve.java:165) ~[tomcat-embed-core-11.0.21.jar:11.0.21]
	at org.apache.catalina.core.StandardContextValve.invoke(StandardContextValve.java:77) ~[tomcat-embed-core-11.0.21.jar:11.0.21]
	at org.apache.catalina.authenticator.AuthenticatorBase.invoke(AuthenticatorBase.java:492) ~[tomcat-embed-core-11.0.21.jar:11.0.21]
	at org.apache.catalina.core.StandardHostValve.invoke(StandardHostValve.java:113) ~[tomcat-embed-core-11.0.21.jar:11.0.21]
	at org.apache.catalina.valves.ErrorReportValve.invoke(ErrorReportValve.java:83) ~[tomcat-embed-core-11.0.21.jar:11.0.21]
	at org.apache.catalina.core.StandardEngineValve.invoke(StandardEngineValve.java:72) ~[tomcat-embed-core-11.0.21.jar:11.0.21]
	at org.apache.catalina.connector.CoyoteAdapter.service(CoyoteAdapter.java:341) ~[tomcat-embed-core-11.0.21.jar:11.0.21]
	at org.apache.coyote.http11.Http11Processor.service(Http11Processor.java:397) ~[tomcat-embed-core-11.0.21.jar:11.0.21]
	at org.apache.coyote.AbstractProcessorLight.process(AbstractProcessorLight.java:63) ~[tomcat-embed-core-11.0.21.jar:11.0.21]
	at org.apache.coyote.AbstractProtocol$ConnectionHandler.process(AbstractProtocol.java:903) ~[tomcat-embed-core-11.0.21.jar:11.0.21]
	at org.apache.tomcat.util.net.NioEndpoint$SocketProcessor.doRun(NioEndpoint.java:1801) ~[tomcat-embed-core-11.0.21.jar:11.0.21]
	at org.apache.tomcat.util.net.SocketProcessorBase.run(SocketProcessorBase.java:52) ~[tomcat-embed-core-11.0.21.jar:11.0.21]
	at org.apache.tomcat.util.threads.ThreadPoolExecutor.runWorker(ThreadPoolExecutor.java:946) ~[tomcat-embed-core-11.0.21.jar:11.0.21]
	at org.apache.tomcat.util.threads.ThreadPoolExecutor$Worker.run(ThreadPoolExecutor.java:480) ~[tomcat-embed-core-11.0.21.jar:11.0.21]
	at org.apache.tomcat.util.threads.TaskThread$WrappingRunnable.run(TaskThread.java:57) ~[tomcat-embed-core-11.0.21.jar:11.0.21]
	at java.base/java.lang.Thread.run(Thread.java:1474) ~[na:na]

Hibernate: 
    select
        e1_0.id,
        e1_0.course_id,
        e1_0.enrolled_at,
        e1_0.student_id 
    from
        enrollments e1_0 
    where
        e1_0.student_id=?
Hibernate: 
    select
        c1_0.code,
        c1_0.category,
        c1_0.color,
        c1_0.credits,
        c1_0.days,
        c1_0.end_time,
        c1_0.instructor,
        c1_0.name,
        c1_0.room,
        c1_0.start_time,
        c1_0.teacher_id 
    from
        courses c1_0 
    where
        c1_0.code=?
Hibernate: 
    select
        c1_0.code,
        c1_0.category,
        c1_0.color,
        c1_0.credits,
        c1_0.days,
        c1_0.end_time,
        c1_0.instructor,
        c1_0.name,
        c1_0.room,
        c1_0.start_time,
        c1_0.teacher_id 
    from
        courses c1_0 
    where
        c1_0.code=?
Hibernate: 
    select
        c1_0.code,
        c1_0.category,
        c1_0.color,
        c1_0.credits,
        c1_0.days,
        c1_0.end_time,
        c1_0.instructor,
        c1_0.name,
        c1_0.room,
        c1_0.start_time,
        c1_0.teacher_id 
    from
        courses c1_0 
    where
        c1_0.code=?
2026-07-01T20:13:44.053+06:00  INFO 15424 --- [eduadvisor2] [   File Watcher] rtingClassPathChangeChangedEventListener : Restarting due to 1 class path change (0 additions, 0 deletions, 1 modification)
2026-07-01T20:13:44.094+06:00  INFO 15424 --- [eduadvisor2] [      Thread-14] o.s.boot.tomcat.GracefulShutdown         : Commencing graceful shutdown. Waiting for active requests to complete
2026-07-01T20:13:44.120+06:00  INFO 15424 --- [eduadvisor2] [tomcat-shutdown] o.s.boot.tomcat.GracefulShutdown         : Graceful shutdown complete
2026-07-01T20:13:44.143+06:00  INFO 15424 --- [eduadvisor2] [      Thread-14] j.LocalContainerEntityManagerFactoryBean : Closing JPA EntityManagerFactory for persistence unit 'default'
2026-07-01T20:13:44.164+06:00  INFO 15424 --- [eduadvisor2] [      Thread-14] com.zaxxer.hikari.HikariDataSource       : HikariPool-4 - Shutdown initiated...
2026-07-01T20:13:44.727+06:00  INFO 15424 --- [eduadvisor2] [      Thread-14] com.zaxxer.hikari.HikariDataSource       : HikariPool-4 - Shutdown completed.

  .   ____          _            __ _ _
 /\\ / ___'_ __ _ _(_)_ __  __ _ \ \ \ \
( ( )\___ | '_ | '_| | '_ \/ _` | \ \ \ \
 \\/  ___)| |_)| | | | | || (_| |  ) ) ) )
  '  |____| .__|_| |_|_| |_\__, | / / / /
 =========|_|==============|___/=/_/_/_/

 :: Spring Boot ::                (v4.0.6)

2026-07-01T20:13:45.181+06:00  INFO 15424 --- [eduadvisor2] [  restartedMain] c.e.eduadvisor2.Eduadvisor2Application   : Starting Eduadvisor2Application using Java 25.0.2 with PID 15424 (D:\OOp_EduAdvisor\eduadvisor2\target\classes started by Windows in D:\OOp_EduAdvisor\eduadvisor2)
2026-07-01T20:13:45.182+06:00  INFO 15424 --- [eduadvisor2] [  restartedMain] c.e.eduadvisor2.Eduadvisor2Application   : No active profile set, falling back to 1 default profile: "default"
2026-07-01T20:13:45.447+06:00  INFO 15424 --- [eduadvisor2] [  restartedMain] .s.d.r.c.RepositoryConfigurationDelegate : Bootstrapping Spring Data JPA repositories in DEFAULT mode.
2026-07-01T20:13:45.481+06:00  INFO 15424 --- [eduadvisor2] [  restartedMain] .s.d.r.c.RepositoryConfigurationDelegate : Finished Spring Data repository scanning in 32 ms. Found 13 JPA repository interfaces.
2026-07-01T20:13:45.592+06:00  INFO 15424 --- [eduadvisor2] [  restartedMain] o.s.boot.tomcat.TomcatWebServer          : Tomcat initialized with port 8081 (http)
2026-07-01T20:13:45.593+06:00  INFO 15424 --- [eduadvisor2] [  restartedMain] o.apache.catalina.core.StandardService   : Starting service [Tomcat]
2026-07-01T20:13:45.594+06:00  INFO 15424 --- [eduadvisor2] [  restartedMain] o.apache.catalina.core.StandardEngine    : Starting Servlet engine: [Apache Tomcat/11.0.21]
2026-07-01T20:13:45.611+06:00  INFO 15424 --- [eduadvisor2] [  restartedMain] b.w.c.s.WebApplicationContextInitializer : Root WebApplicationContext: initialization completed in 423 ms
2026-07-01T20:13:45.682+06:00  INFO 15424 --- [eduadvisor2] [  restartedMain] org.hibernate.orm.jpa                    : HHH008540: Processing PersistenceUnitInfo [name: default]
2026-07-01T20:13:45.723+06:00  INFO 15424 --- [eduadvisor2] [  restartedMain] o.s.o.j.p.SpringPersistenceUnitInfo      : No LoadTimeWeaver setup: ignoring JPA class transformer
2026-07-01T20:13:45.725+06:00  INFO 15424 --- [eduadvisor2] [  restartedMain] com.zaxxer.hikari.HikariDataSource       : HikariPool-5 - Starting...
2026-07-01T20:13:45.746+06:00  INFO 15424 --- [eduadvisor2] [  restartedMain] com.zaxxer.hikari.pool.HikariPool        : HikariPool-5 - Added connection conn40: url=jdbc:h2:file:./data/studentadvicedb user=SA
2026-07-01T20:13:45.747+06:00  INFO 15424 --- [eduadvisor2] [  restartedMain] com.zaxxer.hikari.HikariDataSource       : HikariPool-5 - Start completed.
2026-07-01T20:13:45.747+06:00  INFO 15424 --- [eduadvisor2] [  restartedMain] org.hibernate.orm.connections.pooling    : HHH10001005: Database info:
	Database JDBC URL [jdbc:h2:file:./data/studentadvicedb]
	Database driver: H2 JDBC Driver
	Database dialect: H2Dialect
	Database version: 2.4.240
	Default catalog/schema: STUDENTADVICEDB/PUBLIC
	Autocommit mode: undefined/unknown
	Isolation level: READ_COMMITTED [default READ_COMMITTED]
	JDBC fetch size: 100
	Pool: DataSourceConnectionProvider
	Minimum pool size: undefined/unknown
	Maximum pool size: undefined/unknown
2026-07-01T20:13:45.877+06:00  INFO 15424 --- [eduadvisor2] [  restartedMain] org.hibernate.orm.core                   : HHH000489: No JTA platform available (set 'hibernate.transaction.jta.platform' to enable JTA platform integration)
Hibernate: 
    alter table if exists discussions 
       alter column answer set data type TEXT
Hibernate: 
    alter table if exists discussions 
       alter column answer_image_base64 set data type TEXT
Hibernate: 
    alter table if exists discussions 
       alter column question set data type TEXT
Hibernate: 
    alter table if exists discussions 
       alter column question_image_base64 set data type TEXT
Hibernate: 
    alter table if exists exam_paper_images 
       alter column image_base64 set data type TEXT
Hibernate: 
    alter table if exists lost_found_reports 
       alter column coordinator_note set data type TEXT
Hibernate: 
    alter table if exists lost_found_reports 
       alter column description set data type TEXT
Hibernate: 
    alter table if exists lost_found_reports 
       alter column image_base64 set data type TEXT
Hibernate: 
    alter table if exists schedule_events 
       add column notified boolean not null
2026-07-01T20:13:45.885+06:00  WARN 15424 --- [eduadvisor2] [  restartedMain] o.h.t.s.i.ExceptionHandlerLoggedImpl     : GenerationTarget encountered exception accepting command : Error executing DDL "
    alter table if exists schedule_events 
       add column notified boolean not null" via JDBC [NULL not allowed for column "NOTIFIED";]

org.hibernate.tool.schema.spi.CommandAcceptanceException: Error executing DDL "
    alter table if exists schedule_events 
       add column notified boolean not null" via JDBC [NULL not allowed for column "NOTIFIED";]
	at org.hibernate.tool.schema.internal.exec.GenerationTargetToDatabase.accept(GenerationTargetToDatabase.java:81) ~[hibernate-core-7.2.12.Final.jar:7.2.12.Final]
	at org.hibernate.tool.schema.internal.AbstractSchemaMigrator.applySqlString(AbstractSchemaMigrator.java:566) ~[hibernate-core-7.2.12.Final.jar:7.2.12.Final]
	at org.hibernate.tool.schema.internal.AbstractSchemaMigrator.applySqlStrings(AbstractSchemaMigrator.java:506) ~[hibernate-core-7.2.12.Final.jar:7.2.12.Final]
	at org.hibernate.tool.schema.internal.AbstractSchemaMigrator.migrateTable(AbstractSchemaMigrator.java:324) ~[hibernate-core-7.2.12.Final.jar:7.2.12.Final]
	at org.hibernate.tool.schema.internal.GroupedSchemaMigratorImpl.performTablesMigration(GroupedSchemaMigratorImpl.java:84) ~[hibernate-core-7.2.12.Final.jar:7.2.12.Final]
	at org.hibernate.tool.schema.internal.AbstractSchemaMigrator.performMigration(AbstractSchemaMigrator.java:220) ~[hibernate-core-7.2.12.Final.jar:7.2.12.Final]
	at org.hibernate.tool.schema.internal.AbstractSchemaMigrator.doMigration(AbstractSchemaMigrator.java:96) ~[hibernate-core-7.2.12.Final.jar:7.2.12.Final]
	at org.hibernate.tool.schema.spi.SchemaManagementToolCoordinator.performDatabaseAction(SchemaManagementToolCoordinator.java:269) ~[hibernate-core-7.2.12.Final.jar:7.2.12.Final]
	at org.hibernate.tool.schema.spi.SchemaManagementToolCoordinator.lambda$process$1(SchemaManagementToolCoordinator.java:101) ~[hibernate-core-7.2.12.Final.jar:7.2.12.Final]
	at java.base/java.util.HashMap.forEach(HashMap.java:1430) ~[na:na]
	at org.hibernate.tool.schema.spi.SchemaManagementToolCoordinator.process(SchemaManagementToolCoordinator.java:100) ~[hibernate-core-7.2.12.Final.jar:7.2.12.Final]
	at org.hibernate.boot.internal.SessionFactoryObserverForSchemaExport.sessionFactoryCreated(SessionFactoryObserverForSchemaExport.java:35) ~[hibernate-core-7.2.12.Final.jar:7.2.12.Final]
	at org.hibernate.internal.SessionFactoryObserverChain.sessionFactoryCreated(SessionFactoryObserverChain.java:33) ~[hibernate-core-7.2.12.Final.jar:7.2.12.Final]
	at org.hibernate.internal.SessionFactoryImpl.<init>(SessionFactoryImpl.java:323) ~[hibernate-core-7.2.12.Final.jar:7.2.12.Final]
	at org.hibernate.internal.SessionFactoryRegistry.instantiateSessionFactory(SessionFactoryRegistry.java:64) ~[hibernate-core-7.2.12.Final.jar:7.2.12.Final]
	at org.hibernate.boot.internal.SessionFactoryBuilderImpl.build(SessionFactoryBuilderImpl.java:437) ~[hibernate-core-7.2.12.Final.jar:7.2.12.Final]
	at org.hibernate.jpa.boot.internal.EntityManagerFactoryBuilderImpl.build(EntityManagerFactoryBuilderImpl.java:1456) ~[hibernate-core-7.2.12.Final.jar:7.2.12.Final]
	at org.springframework.orm.jpa.vendor.SpringHibernateJpaPersistenceProvider.createContainerEntityManagerFactory(SpringHibernateJpaPersistenceProvider.java:93) ~[spring-orm-7.0.7.jar:7.0.7]
	at org.springframework.orm.jpa.LocalContainerEntityManagerFactoryBean.createNativeEntityManagerFactory(LocalContainerEntityManagerFactoryBean.java:443) ~[spring-orm-7.0.7.jar:7.0.7]
	at org.springframework.orm.jpa.AbstractEntityManagerFactoryBean.buildNativeEntityManagerFactory(AbstractEntityManagerFactoryBean.java:436) ~[spring-orm-7.0.7.jar:7.0.7]
	at org.springframework.orm.jpa.AbstractEntityManagerFactoryBean.afterPropertiesSet(AbstractEntityManagerFactoryBean.java:411) ~[spring-orm-7.0.7.jar:7.0.7]
	at org.springframework.orm.jpa.LocalContainerEntityManagerFactoryBean.afterPropertiesSet(LocalContainerEntityManagerFactoryBean.java:419) ~[spring-orm-7.0.7.jar:7.0.7]
	at org.springframework.beans.factory.support.AbstractAutowireCapableBeanFactory.invokeInitMethods(AbstractAutowireCapableBeanFactory.java:1864) ~[spring-beans-7.0.7.jar:7.0.7]
	at org.springframework.beans.factory.support.AbstractAutowireCapableBeanFactory.initializeBean(AbstractAutowireCapableBeanFactory.java:1813) ~[spring-beans-7.0.7.jar:7.0.7]
	at org.springframework.beans.factory.support.AbstractAutowireCapableBeanFactory.doCreateBean(AbstractAutowireCapableBeanFactory.java:603) ~[spring-beans-7.0.7.jar:7.0.7]
	at org.springframework.beans.factory.support.AbstractAutowireCapableBeanFactory.createBean(AbstractAutowireCapableBeanFactory.java:525) ~[spring-beans-7.0.7.jar:7.0.7]
	at org.springframework.beans.factory.support.AbstractBeanFactory.lambda$doGetBean$0(AbstractBeanFactory.java:333) ~[spring-beans-7.0.7.jar:7.0.7]
	at org.springframework.beans.factory.support.DefaultSingletonBeanRegistry.getSingleton(DefaultSingletonBeanRegistry.java:371) ~[spring-beans-7.0.7.jar:7.0.7]
	at org.springframework.beans.factory.support.AbstractBeanFactory.doGetBean(AbstractBeanFactory.java:331) ~[spring-beans-7.0.7.jar:7.0.7]
	at org.springframework.beans.factory.support.AbstractBeanFactory.getBean(AbstractBeanFactory.java:201) ~[spring-beans-7.0.7.jar:7.0.7]
	at org.springframework.context.support.AbstractApplicationContext.finishBeanFactoryInitialization(AbstractApplicationContext.java:977) ~[spring-context-7.0.7.jar:7.0.7]
	at org.springframework.context.support.AbstractApplicationContext.refresh(AbstractApplicationContext.java:621) ~[spring-context-7.0.7.jar:7.0.7]
	at org.springframework.boot.web.server.servlet.context.ServletWebServerApplicationContext.refresh(ServletWebServerApplicationContext.java:143) ~[spring-boot-web-server-4.0.6.jar:4.0.6]
	at org.springframework.boot.SpringApplication.refresh(SpringApplication.java:756) ~[spring-boot-4.0.6.jar:4.0.6]
	at org.springframework.boot.SpringApplication.refreshContext(SpringApplication.java:445) ~[spring-boot-4.0.6.jar:4.0.6]
	at org.springframework.boot.SpringApplication.run(SpringApplication.java:321) ~[spring-boot-4.0.6.jar:4.0.6]
	at org.springframework.boot.SpringApplication.run(SpringApplication.java:1365) ~[spring-boot-4.0.6.jar:4.0.6]
	at org.springframework.boot.SpringApplication.run(SpringApplication.java:1354) ~[spring-boot-4.0.6.jar:4.0.6]
	at com.example.eduadvisor2.Eduadvisor2Application.main(Eduadvisor2Application.java:12) ~[classes/:na]
	at java.base/jdk.internal.reflect.DirectMethodHandleAccessor.invoke(DirectMethodHandleAccessor.java:104) ~[na:na]
	at java.base/java.lang.reflect.Method.invoke(Method.java:565) ~[na:na]
	at org.springframework.boot.devtools.restart.RestartLauncher.run(RestartLauncher.java:52) ~[spring-boot-devtools-4.0.6.jar:4.0.6]
Caused by: org.h2.jdbc.JdbcSQLIntegrityConstraintViolationException: NULL not allowed for column "NOTIFIED"; SQL statement:
INSERT INTO "PUBLIC"."SCHEDULE_EVENTS_COPY_3_0"("ID", "CREATED_AT", "DATE", "STUDENT_ID", "TIME", "TITLE", "TYPE") OVERRIDING SYSTEM VALUE SELECT "ID", "CREATED_AT", "DATE", "STUDENT_ID", "TIME", "TITLE", "TYPE" FROM "PUBLIC"."SCHEDULE_EVENTS" [23502-240]
	at org.h2.message.DbException.getJdbcSQLException(DbException.java:520) ~[h2-2.4.240.jar:2.4.240]
	at org.h2.message.DbException.getJdbcSQLException(DbException.java:489) ~[h2-2.4.240.jar:2.4.240]
	at org.h2.message.DbException.get(DbException.java:223) ~[h2-2.4.240.jar:2.4.240]
	at org.h2.message.DbException.get(DbException.java:199) ~[h2-2.4.240.jar:2.4.240]
	at org.h2.table.Column.validateConvertUpdateSequence(Column.java:406) ~[h2-2.4.240.jar:2.4.240]
	at org.h2.table.Table.convertInsertRow(Table.java:948) ~[h2-2.4.240.jar:2.4.240]
	at org.h2.command.dml.Insert.addRow(Insert.java:229) ~[h2-2.4.240.jar:2.4.240]
	at org.h2.command.dml.Insert.insertRows(Insert.java:203) ~[h2-2.4.240.jar:2.4.240]
	at org.h2.command.dml.Insert.update(Insert.java:135) ~[h2-2.4.240.jar:2.4.240]
	at org.h2.command.dml.DataChangeStatement.update(DataChangeStatement.java:77) ~[h2-2.4.240.jar:2.4.240]
	at org.h2.command.CommandContainer.update(CommandContainer.java:139) ~[h2-2.4.240.jar:2.4.240]
	at org.h2.command.Command.executeUpdate(Command.java:306) ~[h2-2.4.240.jar:2.4.240]
	at org.h2.command.Command.executeUpdate(Command.java:250) ~[h2-2.4.240.jar:2.4.240]
	at org.h2.command.ddl.AlterTableAlterColumn.execute(AlterTableAlterColumn.java:648) ~[h2-2.4.240.jar:2.4.240]
	at org.h2.command.ddl.AlterTableAlterColumn.cloneTableStructure(AlterTableAlterColumn.java:560) ~[h2-2.4.240.jar:2.4.240]
	at org.h2.command.ddl.AlterTableAlterColumn.copyData(AlterTableAlterColumn.java:343) ~[h2-2.4.240.jar:2.4.240]
	at org.h2.command.ddl.AlterTableAlterColumn.update(AlterTableAlterColumn.java:244) ~[h2-2.4.240.jar:2.4.240]
	at org.h2.command.CommandContainer.update(CommandContainer.java:139) ~[h2-2.4.240.jar:2.4.240]
	at org.h2.command.Command.executeUpdate(Command.java:306) ~[h2-2.4.240.jar:2.4.240]
	at org.h2.command.Command.executeUpdate(Command.java:250) ~[h2-2.4.240.jar:2.4.240]
	at org.h2.jdbc.JdbcStatement.executeInternal(JdbcStatement.java:262) ~[h2-2.4.240.jar:2.4.240]
	at org.h2.jdbc.JdbcStatement.execute(JdbcStatement.java:231) ~[h2-2.4.240.jar:2.4.240]
	at com.zaxxer.hikari.pool.ProxyStatement.execute(ProxyStatement.java:95) ~[HikariCP-7.0.2.jar:na]
	at com.zaxxer.hikari.pool.HikariProxyStatement.execute(HikariProxyStatement.java) ~[HikariCP-7.0.2.jar:na]
	at org.hibernate.tool.schema.internal.exec.GenerationTargetToDatabase.accept(GenerationTargetToDatabase.java:76) ~[hibernate-core-7.2.12.Final.jar:7.2.12.Final]
	... 41 common frames omitted

2026-07-01T20:13:45.890+06:00  INFO 15424 --- [eduadvisor2] [  restartedMain] j.LocalContainerEntityManagerFactoryBean : Initialized JPA EntityManagerFactory for persistence unit 'default'
2026-07-01T20:13:46.188+06:00  INFO 15424 --- [eduadvisor2] [  restartedMain] o.s.b.w.a.WelcomePageHandlerMapping      : Adding welcome page template: index
2026-07-01T20:13:46.312+06:00  INFO 15424 --- [eduadvisor2] [  restartedMain] o.s.b.a.e.web.EndpointLinksResolver      : Exposing 1 endpoint beneath base path '/actuator'
2026-07-01T20:13:46.335+06:00  INFO 15424 --- [eduadvisor2] [  restartedMain] o.s.boot.tomcat.TomcatWebServer          : Tomcat started on port 8081 (http) with context path '/'
2026-07-01T20:13:46.337+06:00  INFO 15424 --- [eduadvisor2] [  restartedMain] c.e.eduadvisor2.Eduadvisor2Application   : Started Eduadvisor2Application in 1.213 seconds (process running for 2817.613)
Hibernate: 
    select
        count(*) 
    from
        students s1_0
Hibernate: 
    select
        count(*) 
    from
        teachers t1_0
Hibernate: 
    select
        count(*) 
    from
        courses c1_0
Hibernate: 
    select
        count(*) 
    from
        enrollments e1_0
Hibernate: 
    select
        t1_0.id,
        t1_0.coordinator,
        t1_0.department,
        t1_0.designation,
        t1_0.email,
        t1_0.name,
        t1_0.password,
        t1_0.photo,
        t1_0.photo_type,
        t1_0.teacher_id 
    from
        teachers t1_0 
    where
        t1_0.teacher_id=?
Hibernate: 
    select
        t1_0.id,
        t1_0.coordinator,
        t1_0.department,
        t1_0.designation,
        t1_0.email,
        t1_0.name,
        t1_0.password,
        t1_0.photo,
        t1_0.photo_type,
        t1_0.teacher_id 
    from
        teachers t1_0 
    where
        t1_0.teacher_id=?
Hibernate: 
    select
        t1_0.id,
        t1_0.coordinator,
        t1_0.department,
        t1_0.designation,
        t1_0.email,
        t1_0.name,
        t1_0.password,
        t1_0.photo,
        t1_0.photo_type,
        t1_0.teacher_id 
    from
        teachers t1_0 
    where
        t1_0.teacher_id=?
2026-07-01T20:13:46.385+06:00  INFO 15424 --- [eduadvisor2] [  restartedMain] .ConditionEvaluationDeltaLoggingListener : Condition evaluation unchanged
2026-07-01T20:13:58.931+06:00  INFO 15424 --- [eduadvisor2] [   File Watcher] rtingClassPathChangeChangedEventListener : Restarting due to 1 class path change (0 additions, 0 deletions, 1 modification)
2026-07-01T20:13:58.934+06:00  INFO 15424 --- [eduadvisor2] [      Thread-18] o.s.boot.tomcat.GracefulShutdown         : Commencing graceful shutdown. Waiting for active requests to complete
2026-07-01T20:13:58.939+06:00  INFO 15424 --- [eduadvisor2] [tomcat-shutdown] o.s.boot.tomcat.GracefulShutdown         : Graceful shutdown complete
2026-07-01T20:13:58.942+06:00  INFO 15424 --- [eduadvisor2] [      Thread-18] j.LocalContainerEntityManagerFactoryBean : Closing JPA EntityManagerFactory for persistence unit 'default'
2026-07-01T20:13:58.943+06:00  INFO 15424 --- [eduadvisor2] [      Thread-18] com.zaxxer.hikari.HikariDataSource       : HikariPool-5 - Shutdown initiated...
2026-07-01T20:13:58.980+06:00  INFO 15424 --- [eduadvisor2] [      Thread-18] com.zaxxer.hikari.HikariDataSource       : HikariPool-5 - Shutdown completed.

  .   ____          _            __ _ _
 /\\ / ___'_ __ _ _(_)_ __  __ _ \ \ \ \
( ( )\___ | '_ | '_| | '_ \/ _` | \ \ \ \
 \\/  ___)| |_)| | | | | || (_| |  ) ) ) )
  '  |____| .__|_| |_|_| |_\__, | / / / /
 =========|_|==============|___/=/_/_/_/

 :: Spring Boot ::                (v4.0.6)

2026-07-01T20:13:59.067+06:00  INFO 15424 --- [eduadvisor2] [  restartedMain] c.e.eduadvisor2.Eduadvisor2Application   : Starting Eduadvisor2Application using Java 25.0.2 with PID 15424 (D:\OOp_EduAdvisor\eduadvisor2\target\classes started by Windows in D:\OOp_EduAdvisor\eduadvisor2)
2026-07-01T20:13:59.067+06:00  INFO 15424 --- [eduadvisor2] [  restartedMain] c.e.eduadvisor2.Eduadvisor2Application   : No active profile set, falling back to 1 default profile: "default"
2026-07-01T20:13:59.242+06:00  INFO 15424 --- [eduadvisor2] [  restartedMain] .s.d.r.c.RepositoryConfigurationDelegate : Bootstrapping Spring Data JPA repositories in DEFAULT mode.
2026-07-01T20:13:59.280+06:00  INFO 15424 --- [eduadvisor2] [  restartedMain] .s.d.r.c.RepositoryConfigurationDelegate : Finished Spring Data repository scanning in 32 ms. Found 13 JPA repository interfaces.
2026-07-01T20:13:59.482+06:00  INFO 15424 --- [eduadvisor2] [  restartedMain] o.s.boot.tomcat.TomcatWebServer          : Tomcat initialized with port 8081 (http)
2026-07-01T20:13:59.483+06:00  INFO 15424 --- [eduadvisor2] [  restartedMain] o.apache.catalina.core.StandardService   : Starting service [Tomcat]
2026-07-01T20:13:59.483+06:00  INFO 15424 --- [eduadvisor2] [  restartedMain] o.apache.catalina.core.StandardEngine    : Starting Servlet engine: [Apache Tomcat/11.0.21]
2026-07-01T20:13:59.502+06:00  INFO 15424 --- [eduadvisor2] [  restartedMain] b.w.c.s.WebApplicationContextInitializer : Root WebApplicationContext: initialization completed in 434 ms
2026-07-01T20:13:59.568+06:00  INFO 15424 --- [eduadvisor2] [  restartedMain] org.hibernate.orm.jpa                    : HHH008540: Processing PersistenceUnitInfo [name: default]
2026-07-01T20:13:59.592+06:00  INFO 15424 --- [eduadvisor2] [  restartedMain] o.s.o.j.p.SpringPersistenceUnitInfo      : No LoadTimeWeaver setup: ignoring JPA class transformer
2026-07-01T20:13:59.593+06:00  INFO 15424 --- [eduadvisor2] [  restartedMain] com.zaxxer.hikari.HikariDataSource       : HikariPool-6 - Starting...
2026-07-01T20:13:59.616+06:00  INFO 15424 --- [eduadvisor2] [  restartedMain] com.zaxxer.hikari.pool.HikariPool        : HikariPool-6 - Added connection conn50: url=jdbc:h2:file:./data/studentadvicedb user=SA
2026-07-01T20:13:59.617+06:00  INFO 15424 --- [eduadvisor2] [  restartedMain] com.zaxxer.hikari.HikariDataSource       : HikariPool-6 - Start completed.
2026-07-01T20:13:59.618+06:00  INFO 15424 --- [eduadvisor2] [  restartedMain] org.hibernate.orm.connections.pooling    : HHH10001005: Database info:
	Database JDBC URL [jdbc:h2:file:./data/studentadvicedb]
	Database driver: H2 JDBC Driver
	Database dialect: H2Dialect
	Database version: 2.4.240
	Default catalog/schema: STUDENTADVICEDB/PUBLIC
	Autocommit mode: undefined/unknown
	Isolation level: READ_COMMITTED [default READ_COMMITTED]
	JDBC fetch size: 100
	Pool: DataSourceConnectionProvider
	Minimum pool size: undefined/unknown
	Maximum pool size: undefined/unknown
2026-07-01T20:13:59.739+06:00  INFO 15424 --- [eduadvisor2] [  restartedMain] org.hibernate.orm.core                   : HHH000489: No JTA platform available (set 'hibernate.transaction.jta.platform' to enable JTA platform integration)
Hibernate: 
    alter table if exists discussions 
       alter column answer set data type TEXT
Hibernate: 
    alter table if exists discussions 
       alter column answer_image_base64 set data type TEXT
Hibernate: 
    alter table if exists discussions 
       alter column question set data type TEXT
Hibernate: 
    alter table if exists discussions 
       alter column question_image_base64 set data type TEXT
Hibernate: 
    alter table if exists exam_paper_images 
       alter column image_base64 set data type TEXT
Hibernate: 
    alter table if exists lost_found_reports 
       alter column coordinator_note set data type TEXT
Hibernate: 
    alter table if exists lost_found_reports 
       alter column description set data type TEXT
Hibernate: 
    alter table if exists lost_found_reports 
       alter column image_base64 set data type TEXT
Hibernate: 
    alter table if exists schedule_events 
       add column notified boolean not null
2026-07-01T20:13:59.745+06:00  WARN 15424 --- [eduadvisor2] [  restartedMain] o.h.t.s.i.ExceptionHandlerLoggedImpl     : GenerationTarget encountered exception accepting command : Error executing DDL "
    alter table if exists schedule_events 
       add column notified boolean not null" via JDBC [NULL not allowed for column "NOTIFIED";]

org.hibernate.tool.schema.spi.CommandAcceptanceException: Error executing DDL "
    alter table if exists schedule_events 
       add column notified boolean not null" via JDBC [NULL not allowed for column "NOTIFIED";]
	at org.hibernate.tool.schema.internal.exec.GenerationTargetToDatabase.accept(GenerationTargetToDatabase.java:81) ~[hibernate-core-7.2.12.Final.jar:7.2.12.Final]
	at org.hibernate.tool.schema.internal.AbstractSchemaMigrator.applySqlString(AbstractSchemaMigrator.java:566) ~[hibernate-core-7.2.12.Final.jar:7.2.12.Final]
	at org.hibernate.tool.schema.internal.AbstractSchemaMigrator.applySqlStrings(AbstractSchemaMigrator.java:506) ~[hibernate-core-7.2.12.Final.jar:7.2.12.Final]
	at org.hibernate.tool.schema.internal.AbstractSchemaMigrator.migrateTable(AbstractSchemaMigrator.java:324) ~[hibernate-core-7.2.12.Final.jar:7.2.12.Final]
	at org.hibernate.tool.schema.internal.GroupedSchemaMigratorImpl.performTablesMigration(GroupedSchemaMigratorImpl.java:84) ~[hibernate-core-7.2.12.Final.jar:7.2.12.Final]
	at org.hibernate.tool.schema.internal.AbstractSchemaMigrator.performMigration(AbstractSchemaMigrator.java:220) ~[hibernate-core-7.2.12.Final.jar:7.2.12.Final]
	at org.hibernate.tool.schema.internal.AbstractSchemaMigrator.doMigration(AbstractSchemaMigrator.java:96) ~[hibernate-core-7.2.12.Final.jar:7.2.12.Final]
	at org.hibernate.tool.schema.spi.SchemaManagementToolCoordinator.performDatabaseAction(SchemaManagementToolCoordinator.java:269) ~[hibernate-core-7.2.12.Final.jar:7.2.12.Final]
	at org.hibernate.tool.schema.spi.SchemaManagementToolCoordinator.lambda$process$1(SchemaManagementToolCoordinator.java:101) ~[hibernate-core-7.2.12.Final.jar:7.2.12.Final]
	at java.base/java.util.HashMap.forEach(HashMap.java:1430) ~[na:na]
	at org.hibernate.tool.schema.spi.SchemaManagementToolCoordinator.process(SchemaManagementToolCoordinator.java:100) ~[hibernate-core-7.2.12.Final.jar:7.2.12.Final]
	at org.hibernate.boot.internal.SessionFactoryObserverForSchemaExport.sessionFactoryCreated(SessionFactoryObserverForSchemaExport.java:35) ~[hibernate-core-7.2.12.Final.jar:7.2.12.Final]
	at org.hibernate.internal.SessionFactoryObserverChain.sessionFactoryCreated(SessionFactoryObserverChain.java:33) ~[hibernate-core-7.2.12.Final.jar:7.2.12.Final]
	at org.hibernate.internal.SessionFactoryImpl.<init>(SessionFactoryImpl.java:323) ~[hibernate-core-7.2.12.Final.jar:7.2.12.Final]
	at org.hibernate.internal.SessionFactoryRegistry.instantiateSessionFactory(SessionFactoryRegistry.java:64) ~[hibernate-core-7.2.12.Final.jar:7.2.12.Final]
	at org.hibernate.boot.internal.SessionFactoryBuilderImpl.build(SessionFactoryBuilderImpl.java:437) ~[hibernate-core-7.2.12.Final.jar:7.2.12.Final]
	at org.hibernate.jpa.boot.internal.EntityManagerFactoryBuilderImpl.build(EntityManagerFactoryBuilderImpl.java:1456) ~[hibernate-core-7.2.12.Final.jar:7.2.12.Final]
	at org.springframework.orm.jpa.vendor.SpringHibernateJpaPersistenceProvider.createContainerEntityManagerFactory(SpringHibernateJpaPersistenceProvider.java:93) ~[spring-orm-7.0.7.jar:7.0.7]
	at org.springframework.orm.jpa.LocalContainerEntityManagerFactoryBean.createNativeEntityManagerFactory(LocalContainerEntityManagerFactoryBean.java:443) ~[spring-orm-7.0.7.jar:7.0.7]
	at org.springframework.orm.jpa.AbstractEntityManagerFactoryBean.buildNativeEntityManagerFactory(AbstractEntityManagerFactoryBean.java:436) ~[spring-orm-7.0.7.jar:7.0.7]
	at org.springframework.orm.jpa.AbstractEntityManagerFactoryBean.afterPropertiesSet(AbstractEntityManagerFactoryBean.java:411) ~[spring-orm-7.0.7.jar:7.0.7]
	at org.springframework.orm.jpa.LocalContainerEntityManagerFactoryBean.afterPropertiesSet(LocalContainerEntityManagerFactoryBean.java:419) ~[spring-orm-7.0.7.jar:7.0.7]
	at org.springframework.beans.factory.support.AbstractAutowireCapableBeanFactory.invokeInitMethods(AbstractAutowireCapableBeanFactory.java:1864) ~[spring-beans-7.0.7.jar:7.0.7]
	at org.springframework.beans.factory.support.AbstractAutowireCapableBeanFactory.initializeBean(AbstractAutowireCapableBeanFactory.java:1813) ~[spring-beans-7.0.7.jar:7.0.7]
	at org.springframework.beans.factory.support.AbstractAutowireCapableBeanFactory.doCreateBean(AbstractAutowireCapableBeanFactory.java:603) ~[spring-beans-7.0.7.jar:7.0.7]
	at org.springframework.beans.factory.support.AbstractAutowireCapableBeanFactory.createBean(AbstractAutowireCapableBeanFactory.java:525) ~[spring-beans-7.0.7.jar:7.0.7]
	at org.springframework.beans.factory.support.AbstractBeanFactory.lambda$doGetBean$0(AbstractBeanFactory.java:333) ~[spring-beans-7.0.7.jar:7.0.7]
	at org.springframework.beans.factory.support.DefaultSingletonBeanRegistry.getSingleton(DefaultSingletonBeanRegistry.java:371) ~[spring-beans-7.0.7.jar:7.0.7]
	at org.springframework.beans.factory.support.AbstractBeanFactory.doGetBean(AbstractBeanFactory.java:331) ~[spring-beans-7.0.7.jar:7.0.7]
	at org.springframework.beans.factory.support.AbstractBeanFactory.getBean(AbstractBeanFactory.java:201) ~[spring-beans-7.0.7.jar:7.0.7]
	at org.springframework.context.support.AbstractApplicationContext.finishBeanFactoryInitialization(AbstractApplicationContext.java:977) ~[spring-context-7.0.7.jar:7.0.7]
	at org.springframework.context.support.AbstractApplicationContext.refresh(AbstractApplicationContext.java:621) ~[spring-context-7.0.7.jar:7.0.7]
	at org.springframework.boot.web.server.servlet.context.ServletWebServerApplicationContext.refresh(ServletWebServerApplicationContext.java:143) ~[spring-boot-web-server-4.0.6.jar:4.0.6]
	at org.springframework.boot.SpringApplication.refresh(SpringApplication.java:756) ~[spring-boot-4.0.6.jar:4.0.6]
	at org.springframework.boot.SpringApplication.refreshContext(SpringApplication.java:445) ~[spring-boot-4.0.6.jar:4.0.6]
	at org.springframework.boot.SpringApplication.run(SpringApplication.java:321) ~[spring-boot-4.0.6.jar:4.0.6]
	at org.springframework.boot.SpringApplication.run(SpringApplication.java:1365) ~[spring-boot-4.0.6.jar:4.0.6]
	at org.springframework.boot.SpringApplication.run(SpringApplication.java:1354) ~[spring-boot-4.0.6.jar:4.0.6]
	at com.example.eduadvisor2.Eduadvisor2Application.main(Eduadvisor2Application.java:12) ~[classes/:na]
	at java.base/jdk.internal.reflect.DirectMethodHandleAccessor.invoke(DirectMethodHandleAccessor.java:104) ~[na:na]
	at java.base/java.lang.reflect.Method.invoke(Method.java:565) ~[na:na]
	at org.springframework.boot.devtools.restart.RestartLauncher.run(RestartLauncher.java:52) ~[spring-boot-devtools-4.0.6.jar:4.0.6]
Caused by: org.h2.jdbc.JdbcSQLIntegrityConstraintViolationException: NULL not allowed for column "NOTIFIED"; SQL statement:
INSERT INTO "PUBLIC"."SCHEDULE_EVENTS_COPY_3_0"("ID", "CREATED_AT", "DATE", "STUDENT_ID", "TIME", "TITLE", "TYPE") OVERRIDING SYSTEM VALUE SELECT "ID", "CREATED_AT", "DATE", "STUDENT_ID", "TIME", "TITLE", "TYPE" FROM "PUBLIC"."SCHEDULE_EVENTS" [23502-240]
	at org.h2.message.DbException.getJdbcSQLException(DbException.java:520) ~[h2-2.4.240.jar:2.4.240]
	at org.h2.message.DbException.getJdbcSQLException(DbException.java:489) ~[h2-2.4.240.jar:2.4.240]
	at org.h2.message.DbException.get(DbException.java:223) ~[h2-2.4.240.jar:2.4.240]
	at org.h2.message.DbException.get(DbException.java:199) ~[h2-2.4.240.jar:2.4.240]
	at org.h2.table.Column.validateConvertUpdateSequence(Column.java:406) ~[h2-2.4.240.jar:2.4.240]
	at org.h2.table.Table.convertInsertRow(Table.java:948) ~[h2-2.4.240.jar:2.4.240]
	at org.h2.command.dml.Insert.addRow(Insert.java:229) ~[h2-2.4.240.jar:2.4.240]
	at org.h2.command.dml.Insert.insertRows(Insert.java:203) ~[h2-2.4.240.jar:2.4.240]
	at org.h2.command.dml.Insert.update(Insert.java:135) ~[h2-2.4.240.jar:2.4.240]
	at org.h2.command.dml.DataChangeStatement.update(DataChangeStatement.java:77) ~[h2-2.4.240.jar:2.4.240]
	at org.h2.command.CommandContainer.update(CommandContainer.java:139) ~[h2-2.4.240.jar:2.4.240]
	at org.h2.command.Command.executeUpdate(Command.java:306) ~[h2-2.4.240.jar:2.4.240]
	at org.h2.command.Command.executeUpdate(Command.java:250) ~[h2-2.4.240.jar:2.4.240]
	at org.h2.command.ddl.AlterTableAlterColumn.execute(AlterTableAlterColumn.java:648) ~[h2-2.4.240.jar:2.4.240]
	at org.h2.command.ddl.AlterTableAlterColumn.cloneTableStructure(AlterTableAlterColumn.java:560) ~[h2-2.4.240.jar:2.4.240]
	at org.h2.command.ddl.AlterTableAlterColumn.copyData(AlterTableAlterColumn.java:343) ~[h2-2.4.240.jar:2.4.240]
	at org.h2.command.ddl.AlterTableAlterColumn.update(AlterTableAlterColumn.java:244) ~[h2-2.4.240.jar:2.4.240]
	at org.h2.command.CommandContainer.update(CommandContainer.java:139) ~[h2-2.4.240.jar:2.4.240]
	at org.h2.command.Command.executeUpdate(Command.java:306) ~[h2-2.4.240.jar:2.4.240]
	at org.h2.command.Command.executeUpdate(Command.java:250) ~[h2-2.4.240.jar:2.4.240]
	at org.h2.jdbc.JdbcStatement.executeInternal(JdbcStatement.java:262) ~[h2-2.4.240.jar:2.4.240]
	at org.h2.jdbc.JdbcStatement.execute(JdbcStatement.java:231) ~[h2-2.4.240.jar:2.4.240]
	at com.zaxxer.hikari.pool.ProxyStatement.execute(ProxyStatement.java:95) ~[HikariCP-7.0.2.jar:na]
	at com.zaxxer.hikari.pool.HikariProxyStatement.execute(HikariProxyStatement.java) ~[HikariCP-7.0.2.jar:na]
	at org.hibernate.tool.schema.internal.exec.GenerationTargetToDatabase.accept(GenerationTargetToDatabase.java:76) ~[hibernate-core-7.2.12.Final.jar:7.2.12.Final]
	... 41 common frames omitted

2026-07-01T20:13:59.748+06:00  INFO 15424 --- [eduadvisor2] [  restartedMain] j.LocalContainerEntityManagerFactoryBean : Initialized JPA EntityManagerFactory for persistence unit 'default'
2026-07-01T20:13:59.913+06:00  INFO 15424 --- [eduadvisor2] [  restartedMain] o.s.b.w.a.WelcomePageHandlerMapping      : Adding welcome page template: index
2026-07-01T20:13:59.996+06:00  INFO 15424 --- [eduadvisor2] [  restartedMain] o.s.b.a.e.web.EndpointLinksResolver      : Exposing 1 endpoint beneath base path '/actuator'
2026-07-01T20:14:00.012+06:00  INFO 15424 --- [eduadvisor2] [  restartedMain] o.s.boot.tomcat.TomcatWebServer          : Tomcat started on port 8081 (http) with context path '/'
2026-07-01T20:14:00.017+06:00  INFO 15424 --- [eduadvisor2] [  restartedMain] c.e.eduadvisor2.Eduadvisor2Application   : Started Eduadvisor2Application in 0.973 seconds (process running for 2831.293)
Hibernate: 
    select
        count(*) 
    from
        students s1_0
Hibernate: 
    select
        count(*) 
    from
        teachers t1_0
Hibernate: 
    select
        count(*) 
    from
        courses c1_0
Hibernate: 
    select
        count(*) 
    from
        enrollments e1_0
Hibernate: 
    select
        t1_0.id,
        t1_0.coordinator,
        t1_0.department,
        t1_0.designation,
        t1_0.email,
        t1_0.name,
        t1_0.password,
        t1_0.photo,
        t1_0.photo_type,
        t1_0.teacher_id 
    from
        teachers t1_0 
    where
        t1_0.teacher_id=?
Hibernate: 
    select
        t1_0.id,
        t1_0.coordinator,
        t1_0.department,
        t1_0.designation,
        t1_0.email,
        t1_0.name,
        t1_0.password,
        t1_0.photo,
        t1_0.photo_type,
        t1_0.teacher_id 
    from
        teachers t1_0 
    where
        t1_0.teacher_id=?
Hibernate: 
    select
        t1_0.id,
        t1_0.coordinator,
        t1_0.department,
        t1_0.designation,
        t1_0.email,
        t1_0.name,
        t1_0.password,
        t1_0.photo,
        t1_0.photo_type,
        t1_0.teacher_id 
    from
        teachers t1_0 
    where
        t1_0.teacher_id=?
2026-07-01T20:14:00.055+06:00  INFO 15424 --- [eduadvisor2] [  restartedMain] .ConditionEvaluationDeltaLoggingListener : Condition evaluation unchanged
2026-07-01T20:14:46.252+06:00  INFO 15424 --- [eduadvisor2] [nio-8081-exec-1] o.a.c.c.C.[Tomcat].[localhost].[/]       : Initializing Spring DispatcherServlet 'dispatcherServlet'
2026-07-01T20:14:46.253+06:00  INFO 15424 --- [eduadvisor2] [nio-8081-exec-1] o.s.web.servlet.DispatcherServlet        : Initializing Servlet 'dispatcherServlet'
2026-07-01T20:14:46.255+06:00  INFO 15424 --- [eduadvisor2] [nio-8081-exec-1] o.s.web.servlet.DispatcherServlet        : Completed initialization in 2 ms
Hibernate: 
    select
        e1_0.id,
        e1_0.course_id,
        e1_0.enrolled_at,
        e1_0.student_id 
    from
        enrollments e1_0 
    where
        e1_0.student_id=?
Hibernate: 
    select
        c1_0.code,
        c1_0.category,
        c1_0.color,
        c1_0.credits,
        c1_0.days,
        c1_0.end_time,
        c1_0.instructor,
        c1_0.name,
        c1_0.room,
        c1_0.start_time,
        c1_0.teacher_id 
    from
        courses c1_0 
    where
        c1_0.code=?
Hibernate: 
    select
        c1_0.code,
        c1_0.category,
        c1_0.color,
        c1_0.credits,
        c1_0.days,
        c1_0.end_time,
        c1_0.instructor,
        c1_0.name,
        c1_0.room,
        c1_0.start_time,
        c1_0.teacher_id 
    from
        courses c1_0 
    where
        c1_0.code=?
Hibernate: 
    select
        c1_0.code,
        c1_0.category,
        c1_0.color,
        c1_0.credits,
        c1_0.days,
        c1_0.end_time,
        c1_0.instructor,
        c1_0.name,
        c1_0.room,
        c1_0.start_time,
        c1_0.teacher_id 
    from
        courses c1_0 
    where
        c1_0.code=?
Hibernate: 
    select
        se1_0.id,
        se1_0.created_at,
        se1_0.date,
        se1_0.notified,
        se1_0.student_id,
        se1_0.time,
        se1_0.title,
        se1_0.type 
    from
        schedule_events se1_0 
    where
        se1_0.student_id=? 
    order by
        se1_0.date
2026-07-01T20:14:46.586+06:00  WARN 15424 --- [eduadvisor2] [nio-8081-exec-3] org.hibernate.orm.jdbc.error             : HHH000247: ErrorCode: 42122, SQLState: 42S22
2026-07-01T20:14:46.586+06:00  WARN 15424 --- [eduadvisor2] [nio-8081-exec-3] org.hibernate.orm.jdbc.error             : Column "SE1_0.NOTIFIED" not found; SQL statement:
select se1_0.id,se1_0.created_at,se1_0.date,se1_0.notified,se1_0.student_id,se1_0.time,se1_0.title,se1_0.type from schedule_events se1_0 where se1_0.student_id=? order by se1_0.date [42122-240]
2026-07-01T20:14:46.589+06:00 ERROR 15424 --- [eduadvisor2] [nio-8081-exec-3] o.a.c.c.C.[.[.[/].[dispatcherServlet]    : Servlet.service() for servlet [dispatcherServlet] in context with path [] threw exception [Request processing failed: org.springframework.dao.InvalidDataAccessResourceUsageException: Could not prepare statement [Column "SE1_0.NOTIFIED" not found; SQL statement:
select se1_0.id,se1_0.created_at,se1_0.date,se1_0.notified,se1_0.student_id,se1_0.time,se1_0.title,se1_0.type from schedule_events se1_0 where se1_0.student_id=? order by se1_0.date [42122-240]] [select se1_0.id,se1_0.created_at,se1_0.date,se1_0.notified,se1_0.student_id,se1_0.time,se1_0.title,se1_0.type from schedule_events se1_0 where se1_0.student_id=? order by se1_0.date]; SQL [select se1_0.id,se1_0.created_at,se1_0.date,se1_0.notified,se1_0.student_id,se1_0.time,se1_0.title,se1_0.type from schedule_events se1_0 where se1_0.student_id=? order by se1_0.date]] with root cause

org.h2.jdbc.JdbcSQLSyntaxErrorException: Column "SE1_0.NOTIFIED" not found; SQL statement:
select se1_0.id,se1_0.created_at,se1_0.date,se1_0.notified,se1_0.student_id,se1_0.time,se1_0.title,se1_0.type from schedule_events se1_0 where se1_0.student_id=? order by se1_0.date [42122-240]
	at org.h2.message.DbException.getJdbcSQLException(DbException.java:514) ~[h2-2.4.240.jar:2.4.240]
	at org.h2.message.DbException.getJdbcSQLException(DbException.java:489) ~[h2-2.4.240.jar:2.4.240]
	at org.h2.message.DbException.get(DbException.java:223) ~[h2-2.4.240.jar:2.4.240]
	at org.h2.message.DbException.get(DbException.java:199) ~[h2-2.4.240.jar:2.4.240]
	at org.h2.expression.ExpressionColumn.getColumnException(ExpressionColumn.java:244) ~[h2-2.4.240.jar:2.4.240]
	at org.h2.expression.ExpressionColumn.optimizeOther(ExpressionColumn.java:226) ~[h2-2.4.240.jar:2.4.240]
	at org.h2.expression.ExpressionColumn.optimize(ExpressionColumn.java:213) ~[h2-2.4.240.jar:2.4.240]
	at org.h2.command.query.Select.lambda$prepareExpressions$2(Select.java:1209) ~[h2-2.4.240.jar:2.4.240]
	at java.base/java.util.ArrayList.replaceAllRange(ArrayList.java:1803) ~[na:na]
	at java.base/java.util.ArrayList.replaceAll(ArrayList.java:1793) ~[na:na]
	at org.h2.command.query.Select.prepareExpressions(Select.java:1209) ~[h2-2.4.240.jar:2.4.240]
	at org.h2.command.query.Query.prepare(Query.java:235) ~[h2-2.4.240.jar:2.4.240]
	at org.h2.command.Parser.prepareCommand(Parser.java:492) ~[h2-2.4.240.jar:2.4.240]
	at org.h2.engine.SessionLocal.prepareLocal(SessionLocal.java:647) ~[h2-2.4.240.jar:2.4.240]
	at org.h2.engine.SessionLocal.prepareCommand(SessionLocal.java:563) ~[h2-2.4.240.jar:2.4.240]
	at org.h2.jdbc.JdbcConnection.prepareCommand(JdbcConnection.java:1160) ~[h2-2.4.240.jar:2.4.240]
	at org.h2.jdbc.JdbcPreparedStatement.<init>(JdbcPreparedStatement.java:93) ~[h2-2.4.240.jar:2.4.240]
	at org.h2.jdbc.JdbcConnection.prepareStatement(JdbcConnection.java:686) ~[h2-2.4.240.jar:2.4.240]
	at com.zaxxer.hikari.pool.ProxyConnection.prepareStatement(ProxyConnection.java:342) ~[HikariCP-7.0.2.jar:na]
	at com.zaxxer.hikari.pool.HikariProxyConnection.prepareStatement(HikariProxyConnection.java) ~[HikariCP-7.0.2.jar:na]
	at org.hibernate.engine.jdbc.internal.StatementPreparerImpl$4.doPrepare(StatementPreparerImpl.java:155) ~[hibernate-core-7.2.12.Final.jar:7.2.12.Final]
	at org.hibernate.engine.jdbc.internal.StatementPreparerImpl$StatementPreparationTemplate.prepareStatement(StatementPreparerImpl.java:183) ~[hibernate-core-7.2.12.Final.jar:7.2.12.Final]
	at org.hibernate.engine.jdbc.internal.StatementPreparerImpl.prepareQueryStatement(StatementPreparerImpl.java:157) ~[hibernate-core-7.2.12.Final.jar:7.2.12.Final]
	at org.hibernate.sql.exec.internal.StandardStatementCreator.createStatement(StandardStatementCreator.java:46) ~[hibernate-core-7.2.12.Final.jar:7.2.12.Final]
	at org.hibernate.sql.results.jdbc.internal.DeferredResultSetAccess.executeQuery(DeferredResultSetAccess.java:257) ~[hibernate-core-7.2.12.Final.jar:7.2.12.Final]
	at org.hibernate.sql.results.jdbc.internal.DeferredResultSetAccess.getResultSet(DeferredResultSetAccess.java:190) ~[hibernate-core-7.2.12.Final.jar:7.2.12.Final]
	at org.hibernate.sql.results.jdbc.internal.JdbcValuesResultSetImpl.<init>(JdbcValuesResultSetImpl.java:71) ~[hibernate-core-7.2.12.Final.jar:7.2.12.Final]
	at org.hibernate.sql.exec.internal.JdbcSelectExecutorStandardImpl.resolveJdbcValues(JdbcSelectExecutorStandardImpl.java:422) ~[hibernate-core-7.2.12.Final.jar:7.2.12.Final]
	at org.hibernate.sql.exec.internal.JdbcSelectExecutorStandardImpl.resolveJdbcValuesSource(JdbcSelectExecutorStandardImpl.java:349) ~[hibernate-core-7.2.12.Final.jar:7.2.12.Final]
	at org.hibernate.sql.exec.internal.JdbcSelectExecutorStandardImpl.doExecuteQuery(JdbcSelectExecutorStandardImpl.java:143) ~[hibernate-core-7.2.12.Final.jar:7.2.12.Final]
	at org.hibernate.sql.exec.internal.JdbcSelectExecutorStandardImpl.executeQuery(JdbcSelectExecutorStandardImpl.java:100) ~[hibernate-core-7.2.12.Final.jar:7.2.12.Final]
	at org.hibernate.sql.exec.spi.JdbcSelectExecutor.executeQuery(JdbcSelectExecutor.java:63) ~[hibernate-core-7.2.12.Final.jar:7.2.12.Final]
	at org.hibernate.sql.exec.spi.JdbcSelectExecutor.list(JdbcSelectExecutor.java:137) ~[hibernate-core-7.2.12.Final.jar:7.2.12.Final]
	at org.hibernate.query.sqm.internal.ConcreteSqmSelectQueryPlan.lambda$new$1(ConcreteSqmSelectQueryPlan.java:134) ~[hibernate-core-7.2.12.Final.jar:7.2.12.Final]
	at org.hibernate.query.sqm.internal.ConcreteSqmSelectQueryPlan.withCacheableSqmInterpretation(ConcreteSqmSelectQueryPlan.java:464) ~[hibernate-core-7.2.12.Final.jar:7.2.12.Final]
	at org.hibernate.query.sqm.internal.ConcreteSqmSelectQueryPlan.performList(ConcreteSqmSelectQueryPlan.java:392) ~[hibernate-core-7.2.12.Final.jar:7.2.12.Final]
	at org.hibernate.query.sqm.internal.SqmQueryImpl.doList(SqmQueryImpl.java:374) ~[hibernate-core-7.2.12.Final.jar:7.2.12.Final]
	at org.hibernate.query.spi.AbstractSelectionQuery.list(AbstractSelectionQuery.java:153) ~[hibernate-core-7.2.12.Final.jar:7.2.12.Final]
	at org.hibernate.query.Query.getResultList(Query.java:121) ~[hibernate-core-7.2.12.Final.jar:7.2.12.Final]
	at java.base/jdk.internal.reflect.DirectMethodHandleAccessor.invoke(DirectMethodHandleAccessor.java:104) ~[na:na]
	at java.base/java.lang.reflect.Method.invoke(Method.java:565) ~[na:na]
	at org.springframework.orm.jpa.SharedEntityManagerCreator$DeferredQueryInvocationHandler.invoke(SharedEntityManagerCreator.java:557) ~[spring-orm-7.0.7.jar:7.0.7]
	at jdk.proxy9/jdk.proxy9.$Proxy241.getResultList(Unknown Source) ~[na:na]
	at org.springframework.data.jpa.repository.query.JpaQueryExecution$CollectionExecution.doExecute(JpaQueryExecution.java:132) ~[spring-data-jpa-4.0.5.jar:4.0.5]
	at org.springframework.data.jpa.repository.query.JpaQueryExecution.execute(JpaQueryExecution.java:99) ~[spring-data-jpa-4.0.5.jar:4.0.5]
	at org.springframework.data.jpa.repository.query.AbstractJpaQuery.doExecute(AbstractJpaQuery.java:164) ~[spring-data-jpa-4.0.5.jar:4.0.5]
	at org.springframework.data.jpa.repository.query.AbstractJpaQuery.execute(AbstractJpaQuery.java:154) ~[spring-data-jpa-4.0.5.jar:4.0.5]
	at org.springframework.data.repository.core.support.RepositoryMethodInvoker.doInvoke(RepositoryMethodInvoker.java:169) ~[spring-data-commons-4.0.5.jar:4.0.5]
	at org.springframework.data.repository.core.support.RepositoryMethodInvoker.invoke(RepositoryMethodInvoker.java:158) ~[spring-data-commons-4.0.5.jar:4.0.5]
	at org.springframework.data.repository.core.support.QueryExecutorMethodInterceptor.doInvoke(QueryExecutorMethodInterceptor.java:167) ~[spring-data-commons-4.0.5.jar:4.0.5]
	at org.springframework.data.repository.core.support.QueryExecutorMethodInterceptor.invoke(QueryExecutorMethodInterceptor.java:146) ~[spring-data-commons-4.0.5.jar:4.0.5]
	at org.springframework.aop.framework.ReflectiveMethodInvocation.proceed(ReflectiveMethodInvocation.java:179) ~[spring-aop-7.0.7.jar:7.0.7]
	at org.springframework.data.projection.DefaultMethodInvokingMethodInterceptor.invoke(DefaultMethodInvokingMethodInterceptor.java:69) ~[spring-data-commons-4.0.5.jar:4.0.5]
	at org.springframework.aop.framework.ReflectiveMethodInvocation.proceed(ReflectiveMethodInvocation.java:179) ~[spring-aop-7.0.7.jar:7.0.7]
	at org.springframework.transaction.interceptor.TransactionInterceptor$1.proceedWithInvocation(TransactionInterceptor.java:133) ~[spring-tx-7.0.7.jar:7.0.7]
	at org.springframework.transaction.interceptor.TransactionAspectSupport.invokeWithinTransaction(TransactionAspectSupport.java:371) ~[spring-tx-7.0.7.jar:7.0.7]
	at org.springframework.transaction.interceptor.TransactionInterceptor.invoke(TransactionInterceptor.java:130) ~[spring-tx-7.0.7.jar:7.0.7]
	at org.springframework.aop.framework.ReflectiveMethodInvocation.proceed(ReflectiveMethodInvocation.java:179) ~[spring-aop-7.0.7.jar:7.0.7]
	at org.springframework.dao.support.PersistenceExceptionTranslationInterceptor.invoke(PersistenceExceptionTranslationInterceptor.java:135) ~[spring-tx-7.0.7.jar:7.0.7]
	at org.springframework.aop.framework.ReflectiveMethodInvocation.proceed(ReflectiveMethodInvocation.java:179) ~[spring-aop-7.0.7.jar:7.0.7]
	at org.springframework.data.jpa.repository.support.CrudMethodMetadataPostProcessor$CrudMethodMetadataPopulatingMethodInterceptor.invoke(CrudMethodMetadataPostProcessor.java:137) ~[spring-data-jpa-4.0.5.jar:4.0.5]
	at org.springframework.aop.framework.ReflectiveMethodInvocation.proceed(ReflectiveMethodInvocation.java:179) ~[spring-aop-7.0.7.jar:7.0.7]
	at org.springframework.aop.framework.JdkDynamicAopProxy.invoke(JdkDynamicAopProxy.java:222) ~[spring-aop-7.0.7.jar:7.0.7]
	at jdk.proxy9/jdk.proxy9.$Proxy234.findByStudentIdOrderByDateAsc(Unknown Source) ~[na:na]
	at com.example.eduadvisor2.controller.ScheduleEventController.list(ScheduleEventController.java:42) ~[classes/:na]
	at java.base/jdk.internal.reflect.DirectMethodHandleAccessor.invoke(DirectMethodHandleAccessor.java:104) ~[na:na]
	at java.base/java.lang.reflect.Method.invoke(Method.java:565) ~[na:na]
	at org.springframework.web.method.support.InvocableHandlerMethod.doInvoke(InvocableHandlerMethod.java:252) ~[spring-web-7.0.7.jar:7.0.7]
	at org.springframework.web.method.support.InvocableHandlerMethod.invokeForRequest(InvocableHandlerMethod.java:184) ~[spring-web-7.0.7.jar:7.0.7]
	at org.springframework.web.servlet.mvc.method.annotation.ServletInvocableHandlerMethod.invokeAndHandle(ServletInvocableHandlerMethod.java:117) ~[spring-webmvc-7.0.7.jar:7.0.7]
	at org.springframework.web.servlet.mvc.method.annotation.RequestMappingHandlerAdapter.invokeHandlerMethod(RequestMappingHandlerAdapter.java:934) ~[spring-webmvc-7.0.7.jar:7.0.7]
	at org.springframework.web.servlet.mvc.method.annotation.RequestMappingHandlerAdapter.handleInternal(RequestMappingHandlerAdapter.java:853) ~[spring-webmvc-7.0.7.jar:7.0.7]
	at org.springframework.web.servlet.mvc.method.AbstractHandlerMethodAdapter.handle(AbstractHandlerMethodAdapter.java:86) ~[spring-webmvc-7.0.7.jar:7.0.7]
	at org.springframework.web.servlet.DispatcherServlet.doDispatch(DispatcherServlet.java:963) ~[spring-webmvc-7.0.7.jar:7.0.7]
	at org.springframework.web.servlet.DispatcherServlet.doService(DispatcherServlet.java:866) ~[spring-webmvc-7.0.7.jar:7.0.7]
	at org.springframework.web.servlet.FrameworkServlet.processRequest(FrameworkServlet.java:1000) ~[spring-webmvc-7.0.7.jar:7.0.7]
	at org.springframework.web.servlet.FrameworkServlet.doGet(FrameworkServlet.java:892) ~[spring-webmvc-7.0.7.jar:7.0.7]
	at jakarta.servlet.http.HttpServlet.service(HttpServlet.java:622) ~[tomcat-embed-core-11.0.21.jar:6.1]
	at org.springframework.web.servlet.FrameworkServlet.service(FrameworkServlet.java:874) ~[spring-webmvc-7.0.7.jar:7.0.7]
	at jakarta.servlet.http.HttpServlet.service(HttpServlet.java:710) ~[tomcat-embed-core-11.0.21.jar:6.1]
	at org.apache.catalina.core.ApplicationFilterChain.doFilter(ApplicationFilterChain.java:128) ~[tomcat-embed-core-11.0.21.jar:11.0.21]
	at org.apache.tomcat.websocket.server.WsFilter.doFilter(WsFilter.java:53) ~[tomcat-embed-websocket-11.0.21.jar:11.0.21]
	at org.apache.catalina.core.ApplicationFilterChain.doFilter(ApplicationFilterChain.java:107) ~[tomcat-embed-core-11.0.21.jar:11.0.21]
	at org.springframework.web.filter.RequestContextFilter.doFilterInternal(RequestContextFilter.java:100) ~[spring-web-7.0.7.jar:7.0.7]
	at org.springframework.web.filter.OncePerRequestFilter.doFilter(OncePerRequestFilter.java:116) ~[spring-web-7.0.7.jar:7.0.7]
	at org.apache.catalina.core.ApplicationFilterChain.doFilter(ApplicationFilterChain.java:107) ~[tomcat-embed-core-11.0.21.jar:11.0.21]
	at org.springframework.web.filter.FormContentFilter.doFilterInternal(FormContentFilter.java:93) ~[spring-web-7.0.7.jar:7.0.7]
	at org.springframework.web.filter.OncePerRequestFilter.doFilter(OncePerRequestFilter.java:116) ~[spring-web-7.0.7.jar:7.0.7]
	at org.apache.catalina.core.ApplicationFilterChain.doFilter(ApplicationFilterChain.java:107) ~[tomcat-embed-core-11.0.21.jar:11.0.21]
	at org.springframework.web.filter.ServerHttpObservationFilter.doFilterInternal(ServerHttpObservationFilter.java:110) ~[spring-web-7.0.7.jar:7.0.7]
	at org.springframework.web.filter.OncePerRequestFilter.doFilter(OncePerRequestFilter.java:116) ~[spring-web-7.0.7.jar:7.0.7]
	at org.apache.catalina.core.ApplicationFilterChain.doFilter(ApplicationFilterChain.java:107) ~[tomcat-embed-core-11.0.21.jar:11.0.21]
	at org.springframework.web.filter.CharacterEncodingFilter.doFilterInternal(CharacterEncodingFilter.java:199) ~[spring-web-7.0.7.jar:7.0.7]
	at org.springframework.web.filter.OncePerRequestFilter.doFilter(OncePerRequestFilter.java:116) ~[spring-web-7.0.7.jar:7.0.7]
	at org.apache.catalina.core.ApplicationFilterChain.doFilter(ApplicationFilterChain.java:107) ~[tomcat-embed-core-11.0.21.jar:11.0.21]
	at org.apache.catalina.core.StandardWrapperValve.invoke(StandardWrapperValve.java:165) ~[tomcat-embed-core-11.0.21.jar:11.0.21]
	at org.apache.catalina.core.StandardContextValve.invoke(StandardContextValve.java:77) ~[tomcat-embed-core-11.0.21.jar:11.0.21]
	at org.apache.catalina.authenticator.AuthenticatorBase.invoke(AuthenticatorBase.java:492) ~[tomcat-embed-core-11.0.21.jar:11.0.21]
	at org.apache.catalina.core.StandardHostValve.invoke(StandardHostValve.java:113) ~[tomcat-embed-core-11.0.21.jar:11.0.21]
	at org.apache.catalina.valves.ErrorReportValve.invoke(ErrorReportValve.java:83) ~[tomcat-embed-core-11.0.21.jar:11.0.21]
	at org.apache.catalina.core.StandardEngineValve.invoke(StandardEngineValve.java:72) ~[tomcat-embed-core-11.0.21.jar:11.0.21]
	at org.apache.catalina.connector.CoyoteAdapter.service(CoyoteAdapter.java:341) ~[tomcat-embed-core-11.0.21.jar:11.0.21]
	at org.apache.coyote.http11.Http11Processor.service(Http11Processor.java:397) ~[tomcat-embed-core-11.0.21.jar:11.0.21]
	at org.apache.coyote.AbstractProcessorLight.process(AbstractProcessorLight.java:63) ~[tomcat-embed-core-11.0.21.jar:11.0.21]
	at org.apache.coyote.AbstractProtocol$ConnectionHandler.process(AbstractProtocol.java:903) ~[tomcat-embed-core-11.0.21.jar:11.0.21]
	at org.apache.tomcat.util.net.NioEndpoint$SocketProcessor.doRun(NioEndpoint.java:1801) ~[tomcat-embed-core-11.0.21.jar:11.0.21]
	at org.apache.tomcat.util.net.SocketProcessorBase.run(SocketProcessorBase.java:52) ~[tomcat-embed-core-11.0.21.jar:11.0.21]
	at org.apache.tomcat.util.threads.ThreadPoolExecutor.runWorker(ThreadPoolExecutor.java:946) ~[tomcat-embed-core-11.0.21.jar:11.0.21]
	at org.apache.tomcat.util.threads.ThreadPoolExecutor$Worker.run(ThreadPoolExecutor.java:480) ~[tomcat-embed-core-11.0.21.jar:11.0.21]
	at org.apache.tomcat.util.threads.TaskThread$WrappingRunnable.run(TaskThread.java:57) ~[tomcat-embed-core-11.0.21.jar:11.0.21]
	at java.base/java.lang.Thread.run(Thread.java:1474) ~[na:na]

Hibernate: 
    select
        e1_0.id,
        e1_0.course_id,
        e1_0.enrolled_at,
        e1_0.student_id 
    from
        enrollments e1_0 
    where
        e1_0.student_id=?
Hibernate: 
    select
        c1_0.code,
        c1_0.category,
        c1_0.color,
        c1_0.credits,
        c1_0.days,
        c1_0.end_time,
        c1_0.instructor,
        c1_0.name,
        c1_0.room,
        c1_0.start_time,
        c1_0.teacher_id 
    from
        courses c1_0 
    where
        c1_0.code=?
Hibernate: 
    select
        c1_0.code,
        c1_0.category,
        c1_0.color,
        c1_0.credits,
        c1_0.days,
        c1_0.end_time,
        c1_0.instructor,
        c1_0.name,
        c1_0.room,
        c1_0.start_time,
        c1_0.teacher_id 
    from
        courses c1_0 
    where
        c1_0.code=?
Hibernate: 
    select
        c1_0.code,
        c1_0.category,
        c1_0.color,
        c1_0.credits,
        c1_0.days,
        c1_0.end_time,
        c1_0.instructor,
        c1_0.name,
        c1_0.room,
        c1_0.start_time,
        c1_0.teacher_id 
    from
        courses c1_0 
    where
        c1_0.code=?
Hibernate: 
    select
        se1_0.id,
        se1_0.created_at,
        se1_0.date,
        se1_0.notified,
        se1_0.student_id,
        se1_0.time,
        se1_0.title,
        se1_0.type 
    from
        schedule_events se1_0 
    where
        se1_0.student_id=? 
    order by
        se1_0.date
2026-07-01T20:14:50.964+06:00  WARN 15424 --- [eduadvisor2] [nio-8081-exec-5] org.hibernate.orm.jdbc.error             : HHH000247: ErrorCode: 42122, SQLState: 42S22
2026-07-01T20:14:50.965+06:00  WARN 15424 --- [eduadvisor2] [nio-8081-exec-5] org.hibernate.orm.jdbc.error             : Column "SE1_0.NOTIFIED" not found; SQL statement:
select se1_0.id,se1_0.created_at,se1_0.date,se1_0.notified,se1_0.student_id,se1_0.time,se1_0.title,se1_0.type from schedule_events se1_0 where se1_0.student_id=? order by se1_0.date [42122-240]
2026-07-01T20:14:50.967+06:00 ERROR 15424 --- [eduadvisor2] [nio-8081-exec-5] o.a.c.c.C.[.[.[/].[dispatcherServlet]    : Servlet.service() for servlet [dispatcherServlet] in context with path [] threw exception [Request processing failed: org.springframework.dao.InvalidDataAccessResourceUsageException: Could not prepare statement [Column "SE1_0.NOTIFIED" not found; SQL statement:
select se1_0.id,se1_0.created_at,se1_0.date,se1_0.notified,se1_0.student_id,se1_0.time,se1_0.title,se1_0.type from schedule_events se1_0 where se1_0.student_id=? order by se1_0.date [42122-240]] [select se1_0.id,se1_0.created_at,se1_0.date,se1_0.notified,se1_0.student_id,se1_0.time,se1_0.title,se1_0.type from schedule_events se1_0 where se1_0.student_id=? order by se1_0.date]; SQL [select se1_0.id,se1_0.created_at,se1_0.date,se1_0.notified,se1_0.student_id,se1_0.time,se1_0.title,se1_0.type from schedule_events se1_0 where se1_0.student_id=? order by se1_0.date]] with root cause

org.h2.jdbc.JdbcSQLSyntaxErrorException: Column "SE1_0.NOTIFIED" not found; SQL statement:
select se1_0.id,se1_0.created_at,se1_0.date,se1_0.notified,se1_0.student_id,se1_0.time,se1_0.title,se1_0.type from schedule_events se1_0 where se1_0.student_id=? order by se1_0.date [42122-240]
	at org.h2.message.DbException.getJdbcSQLException(DbException.java:514) ~[h2-2.4.240.jar:2.4.240]
	at org.h2.message.DbException.getJdbcSQLException(DbException.java:489) ~[h2-2.4.240.jar:2.4.240]
	at org.h2.message.DbException.get(DbException.java:223) ~[h2-2.4.240.jar:2.4.240]
	at org.h2.message.DbException.get(DbException.java:199) ~[h2-2.4.240.jar:2.4.240]
	at org.h2.expression.ExpressionColumn.getColumnException(ExpressionColumn.java:244) ~[h2-2.4.240.jar:2.4.240]
	at org.h2.expression.ExpressionColumn.optimizeOther(ExpressionColumn.java:226) ~[h2-2.4.240.jar:2.4.240]
	at org.h2.expression.ExpressionColumn.optimize(ExpressionColumn.java:213) ~[h2-2.4.240.jar:2.4.240]
	at org.h2.command.query.Select.lambda$prepareExpressions$2(Select.java:1209) ~[h2-2.4.240.jar:2.4.240]
	at java.base/java.util.ArrayList.replaceAllRange(ArrayList.java:1803) ~[na:na]
	at java.base/java.util.ArrayList.replaceAll(ArrayList.java:1793) ~[na:na]
	at org.h2.command.query.Select.prepareExpressions(Select.java:1209) ~[h2-2.4.240.jar:2.4.240]
	at org.h2.command.query.Query.prepare(Query.java:235) ~[h2-2.4.240.jar:2.4.240]
	at org.h2.command.Parser.prepareCommand(Parser.java:492) ~[h2-2.4.240.jar:2.4.240]
	at org.h2.engine.SessionLocal.prepareLocal(SessionLocal.java:647) ~[h2-2.4.240.jar:2.4.240]
	at org.h2.engine.SessionLocal.prepareCommand(SessionLocal.java:563) ~[h2-2.4.240.jar:2.4.240]
	at org.h2.jdbc.JdbcConnection.prepareCommand(JdbcConnection.java:1160) ~[h2-2.4.240.jar:2.4.240]
	at org.h2.jdbc.JdbcPreparedStatement.<init>(JdbcPreparedStatement.java:93) ~[h2-2.4.240.jar:2.4.240]
	at org.h2.jdbc.JdbcConnection.prepareStatement(JdbcConnection.java:686) ~[h2-2.4.240.jar:2.4.240]
	at com.zaxxer.hikari.pool.ProxyConnection.prepareStatement(ProxyConnection.java:342) ~[HikariCP-7.0.2.jar:na]
	at com.zaxxer.hikari.pool.HikariProxyConnection.prepareStatement(HikariProxyConnection.java) ~[HikariCP-7.0.2.jar:na]
	at org.hibernate.engine.jdbc.internal.StatementPreparerImpl$4.doPrepare(StatementPreparerImpl.java:155) ~[hibernate-core-7.2.12.Final.jar:7.2.12.Final]
	at org.hibernate.engine.jdbc.internal.StatementPreparerImpl$StatementPreparationTemplate.prepareStatement(StatementPreparerImpl.java:183) ~[hibernate-core-7.2.12.Final.jar:7.2.12.Final]
	at org.hibernate.engine.jdbc.internal.StatementPreparerImpl.prepareQueryStatement(StatementPreparerImpl.java:157) ~[hibernate-core-7.2.12.Final.jar:7.2.12.Final]
	at org.hibernate.sql.exec.internal.StandardStatementCreator.createStatement(StandardStatementCreator.java:46) ~[hibernate-core-7.2.12.Final.jar:7.2.12.Final]
	at org.hibernate.sql.results.jdbc.internal.DeferredResultSetAccess.executeQuery(DeferredResultSetAccess.java:257) ~[hibernate-core-7.2.12.Final.jar:7.2.12.Final]
	at org.hibernate.sql.results.jdbc.internal.DeferredResultSetAccess.getResultSet(DeferredResultSetAccess.java:190) ~[hibernate-core-7.2.12.Final.jar:7.2.12.Final]
	at org.hibernate.sql.results.jdbc.internal.JdbcValuesResultSetImpl.<init>(JdbcValuesResultSetImpl.java:71) ~[hibernate-core-7.2.12.Final.jar:7.2.12.Final]
	at org.hibernate.sql.exec.internal.JdbcSelectExecutorStandardImpl.resolveJdbcValues(JdbcSelectExecutorStandardImpl.java:422) ~[hibernate-core-7.2.12.Final.jar:7.2.12.Final]
	at org.hibernate.sql.exec.internal.JdbcSelectExecutorStandardImpl.resolveJdbcValuesSource(JdbcSelectExecutorStandardImpl.java:349) ~[hibernate-core-7.2.12.Final.jar:7.2.12.Final]
	at org.hibernate.sql.exec.internal.JdbcSelectExecutorStandardImpl.doExecuteQuery(JdbcSelectExecutorStandardImpl.java:143) ~[hibernate-core-7.2.12.Final.jar:7.2.12.Final]
	at org.hibernate.sql.exec.internal.JdbcSelectExecutorStandardImpl.executeQuery(JdbcSelectExecutorStandardImpl.java:100) ~[hibernate-core-7.2.12.Final.jar:7.2.12.Final]
	at org.hibernate.sql.exec.spi.JdbcSelectExecutor.executeQuery(JdbcSelectExecutor.java:63) ~[hibernate-core-7.2.12.Final.jar:7.2.12.Final]
	at org.hibernate.sql.exec.spi.JdbcSelectExecutor.list(JdbcSelectExecutor.java:137) ~[hibernate-core-7.2.12.Final.jar:7.2.12.Final]
	at org.hibernate.query.sqm.internal.ConcreteSqmSelectQueryPlan.lambda$new$1(ConcreteSqmSelectQueryPlan.java:134) ~[hibernate-core-7.2.12.Final.jar:7.2.12.Final]
	at org.hibernate.query.sqm.internal.ConcreteSqmSelectQueryPlan.withCacheableSqmInterpretation(ConcreteSqmSelectQueryPlan.java:464) ~[hibernate-core-7.2.12.Final.jar:7.2.12.Final]
	at org.hibernate.query.sqm.internal.ConcreteSqmSelectQueryPlan.performList(ConcreteSqmSelectQueryPlan.java:392) ~[hibernate-core-7.2.12.Final.jar:7.2.12.Final]
	at org.hibernate.query.sqm.internal.SqmQueryImpl.doList(SqmQueryImpl.java:374) ~[hibernate-core-7.2.12.Final.jar:7.2.12.Final]
	at org.hibernate.query.spi.AbstractSelectionQuery.list(AbstractSelectionQuery.java:153) ~[hibernate-core-7.2.12.Final.jar:7.2.12.Final]
	at org.hibernate.query.Query.getResultList(Query.java:121) ~[hibernate-core-7.2.12.Final.jar:7.2.12.Final]
	at java.base/jdk.internal.reflect.DirectMethodHandleAccessor.invoke(DirectMethodHandleAccessor.java:104) ~[na:na]
	at java.base/java.lang.reflect.Method.invoke(Method.java:565) ~[na:na]
	at org.springframework.orm.jpa.SharedEntityManagerCreator$DeferredQueryInvocationHandler.invoke(SharedEntityManagerCreator.java:557) ~[spring-orm-7.0.7.jar:7.0.7]
	at jdk.proxy9/jdk.proxy9.$Proxy241.getResultList(Unknown Source) ~[na:na]
	at org.springframework.data.jpa.repository.query.JpaQueryExecution$CollectionExecution.doExecute(JpaQueryExecution.java:132) ~[spring-data-jpa-4.0.5.jar:4.0.5]
	at org.springframework.data.jpa.repository.query.JpaQueryExecution.execute(JpaQueryExecution.java:99) ~[spring-data-jpa-4.0.5.jar:4.0.5]
	at org.springframework.data.jpa.repository.query.AbstractJpaQuery.doExecute(AbstractJpaQuery.java:164) ~[spring-data-jpa-4.0.5.jar:4.0.5]
	at org.springframework.data.jpa.repository.query.AbstractJpaQuery.execute(AbstractJpaQuery.java:154) ~[spring-data-jpa-4.0.5.jar:4.0.5]
	at org.springframework.data.repository.core.support.RepositoryMethodInvoker.doInvoke(RepositoryMethodInvoker.java:169) ~[spring-data-commons-4.0.5.jar:4.0.5]
	at org.springframework.data.repository.core.support.RepositoryMethodInvoker.invoke(RepositoryMethodInvoker.java:158) ~[spring-data-commons-4.0.5.jar:4.0.5]
	at org.springframework.data.repository.core.support.QueryExecutorMethodInterceptor.doInvoke(QueryExecutorMethodInterceptor.java:167) ~[spring-data-commons-4.0.5.jar:4.0.5]
	at org.springframework.data.repository.core.support.QueryExecutorMethodInterceptor.invoke(QueryExecutorMethodInterceptor.java:146) ~[spring-data-commons-4.0.5.jar:4.0.5]
	at org.springframework.aop.framework.ReflectiveMethodInvocation.proceed(ReflectiveMethodInvocation.java:179) ~[spring-aop-7.0.7.jar:7.0.7]
	at org.springframework.data.projection.DefaultMethodInvokingMethodInterceptor.invoke(DefaultMethodInvokingMethodInterceptor.java:69) ~[spring-data-commons-4.0.5.jar:4.0.5]
	at org.springframework.aop.framework.ReflectiveMethodInvocation.proceed(ReflectiveMethodInvocation.java:179) ~[spring-aop-7.0.7.jar:7.0.7]
	at org.springframework.transaction.interceptor.TransactionInterceptor$1.proceedWithInvocation(TransactionInterceptor.java:133) ~[spring-tx-7.0.7.jar:7.0.7]
	at org.springframework.transaction.interceptor.TransactionAspectSupport.invokeWithinTransaction(TransactionAspectSupport.java:371) ~[spring-tx-7.0.7.jar:7.0.7]
	at org.springframework.transaction.interceptor.TransactionInterceptor.invoke(TransactionInterceptor.java:130) ~[spring-tx-7.0.7.jar:7.0.7]
	at org.springframework.aop.framework.ReflectiveMethodInvocation.proceed(ReflectiveMethodInvocation.java:179) ~[spring-aop-7.0.7.jar:7.0.7]
	at org.springframework.dao.support.PersistenceExceptionTranslationInterceptor.invoke(PersistenceExceptionTranslationInterceptor.java:135) ~[spring-tx-7.0.7.jar:7.0.7]
	at org.springframework.aop.framework.ReflectiveMethodInvocation.proceed(ReflectiveMethodInvocation.java:179) ~[spring-aop-7.0.7.jar:7.0.7]
	at org.springframework.data.jpa.repository.support.CrudMethodMetadataPostProcessor$CrudMethodMetadataPopulatingMethodInterceptor.invoke(CrudMethodMetadataPostProcessor.java:137) ~[spring-data-jpa-4.0.5.jar:4.0.5]
	at org.springframework.aop.framework.ReflectiveMethodInvocation.proceed(ReflectiveMethodInvocation.java:179) ~[spring-aop-7.0.7.jar:7.0.7]
	at org.springframework.aop.framework.JdkDynamicAopProxy.invoke(JdkDynamicAopProxy.java:222) ~[spring-aop-7.0.7.jar:7.0.7]
	at jdk.proxy9/jdk.proxy9.$Proxy234.findByStudentIdOrderByDateAsc(Unknown Source) ~[na:na]
	at com.example.eduadvisor2.controller.ScheduleEventController.list(ScheduleEventController.java:42) ~[classes/:na]
	at java.base/jdk.internal.reflect.DirectMethodHandleAccessor.invoke(DirectMethodHandleAccessor.java:104) ~[na:na]
	at java.base/java.lang.reflect.Method.invoke(Method.java:565) ~[na:na]
	at org.springframework.web.method.support.InvocableHandlerMethod.doInvoke(InvocableHandlerMethod.java:252) ~[spring-web-7.0.7.jar:7.0.7]
	at org.springframework.web.method.support.InvocableHandlerMethod.invokeForRequest(InvocableHandlerMethod.java:184) ~[spring-web-7.0.7.jar:7.0.7]
	at org.springframework.web.servlet.mvc.method.annotation.ServletInvocableHandlerMethod.invokeAndHandle(ServletInvocableHandlerMethod.java:117) ~[spring-webmvc-7.0.7.jar:7.0.7]
	at org.springframework.web.servlet.mvc.method.annotation.RequestMappingHandlerAdapter.invokeHandlerMethod(RequestMappingHandlerAdapter.java:934) ~[spring-webmvc-7.0.7.jar:7.0.7]
	at org.springframework.web.servlet.mvc.method.annotation.RequestMappingHandlerAdapter.handleInternal(RequestMappingHandlerAdapter.java:853) ~[spring-webmvc-7.0.7.jar:7.0.7]
	at org.springframework.web.servlet.mvc.method.AbstractHandlerMethodAdapter.handle(AbstractHandlerMethodAdapter.java:86) ~[spring-webmvc-7.0.7.jar:7.0.7]
	at org.springframework.web.servlet.DispatcherServlet.doDispatch(DispatcherServlet.java:963) ~[spring-webmvc-7.0.7.jar:7.0.7]
	at org.springframework.web.servlet.DispatcherServlet.doService(DispatcherServlet.java:866) ~[spring-webmvc-7.0.7.jar:7.0.7]
	at org.springframework.web.servlet.FrameworkServlet.processRequest(FrameworkServlet.java:1000) ~[spring-webmvc-7.0.7.jar:7.0.7]
	at org.springframework.web.servlet.FrameworkServlet.doGet(FrameworkServlet.java:892) ~[spring-webmvc-7.0.7.jar:7.0.7]
	at jakarta.servlet.http.HttpServlet.service(HttpServlet.java:622) ~[tomcat-embed-core-11.0.21.jar:6.1]
	at org.springframework.web.servlet.FrameworkServlet.service(FrameworkServlet.java:874) ~[spring-webmvc-7.0.7.jar:7.0.7]
	at jakarta.servlet.http.HttpServlet.service(HttpServlet.java:710) ~[tomcat-embed-core-11.0.21.jar:6.1]
	at org.apache.catalina.core.ApplicationFilterChain.doFilter(ApplicationFilterChain.java:128) ~[tomcat-embed-core-11.0.21.jar:11.0.21]
	at org.apache.tomcat.websocket.server.WsFilter.doFilter(WsFilter.java:53) ~[tomcat-embed-websocket-11.0.21.jar:11.0.21]
	at org.apache.catalina.core.ApplicationFilterChain.doFilter(ApplicationFilterChain.java:107) ~[tomcat-embed-core-11.0.21.jar:11.0.21]
	at org.springframework.web.filter.RequestContextFilter.doFilterInternal(RequestContextFilter.java:100) ~[spring-web-7.0.7.jar:7.0.7]
	at org.springframework.web.filter.OncePerRequestFilter.doFilter(OncePerRequestFilter.java:116) ~[spring-web-7.0.7.jar:7.0.7]
	at org.apache.catalina.core.ApplicationFilterChain.doFilter(ApplicationFilterChain.java:107) ~[tomcat-embed-core-11.0.21.jar:11.0.21]
	at org.springframework.web.filter.FormContentFilter.doFilterInternal(FormContentFilter.java:93) ~[spring-web-7.0.7.jar:7.0.7]
	at org.springframework.web.filter.OncePerRequestFilter.doFilter(OncePerRequestFilter.java:116) ~[spring-web-7.0.7.jar:7.0.7]
	at org.apache.catalina.core.ApplicationFilterChain.doFilter(ApplicationFilterChain.java:107) ~[tomcat-embed-core-11.0.21.jar:11.0.21]
	at org.springframework.web.filter.ServerHttpObservationFilter.doFilterInternal(ServerHttpObservationFilter.java:110) ~[spring-web-7.0.7.jar:7.0.7]
	at org.springframework.web.filter.OncePerRequestFilter.doFilter(OncePerRequestFilter.java:116) ~[spring-web-7.0.7.jar:7.0.7]
	at org.apache.catalina.core.ApplicationFilterChain.doFilter(ApplicationFilterChain.java:107) ~[tomcat-embed-core-11.0.21.jar:11.0.21]
	at org.springframework.web.filter.CharacterEncodingFilter.doFilterInternal(CharacterEncodingFilter.java:199) ~[spring-web-7.0.7.jar:7.0.7]
	at org.springframework.web.filter.OncePerRequestFilter.doFilter(OncePerRequestFilter.java:116) ~[spring-web-7.0.7.jar:7.0.7]
	at org.apache.catalina.core.ApplicationFilterChain.doFilter(ApplicationFilterChain.java:107) ~[tomcat-embed-core-11.0.21.jar:11.0.21]
	at org.apache.catalina.core.StandardWrapperValve.invoke(StandardWrapperValve.java:165) ~[tomcat-embed-core-11.0.21.jar:11.0.21]
	at org.apache.catalina.core.StandardContextValve.invoke(StandardContextValve.java:77) ~[tomcat-embed-core-11.0.21.jar:11.0.21]
	at org.apache.catalina.authenticator.AuthenticatorBase.invoke(AuthenticatorBase.java:492) ~[tomcat-embed-core-11.0.21.jar:11.0.21]
	at org.apache.catalina.core.StandardHostValve.invoke(StandardHostValve.java:113) ~[tomcat-embed-core-11.0.21.jar:11.0.21]
	at org.apache.catalina.valves.ErrorReportValve.invoke(ErrorReportValve.java:83) ~[tomcat-embed-core-11.0.21.jar:11.0.21]
	at org.apache.catalina.core.StandardEngineValve.invoke(StandardEngineValve.java:72) ~[tomcat-embed-core-11.0.21.jar:11.0.21]
	at org.apache.catalina.connector.CoyoteAdapter.service(CoyoteAdapter.java:341) ~[tomcat-embed-core-11.0.21.jar:11.0.21]
	at org.apache.coyote.http11.Http11Processor.service(Http11Processor.java:397) ~[tomcat-embed-core-11.0.21.jar:11.0.21]
	at org.apache.coyote.AbstractProcessorLight.process(AbstractProcessorLight.java:63) ~[tomcat-embed-core-11.0.21.jar:11.0.21]
	at org.apache.coyote.AbstractProtocol$ConnectionHandler.process(AbstractProtocol.java:903) ~[tomcat-embed-core-11.0.21.jar:11.0.21]
	at org.apache.tomcat.util.net.NioEndpoint$SocketProcessor.doRun(NioEndpoint.java:1801) ~[tomcat-embed-core-11.0.21.jar:11.0.21]
	at org.apache.tomcat.util.net.SocketProcessorBase.run(SocketProcessorBase.java:52) ~[tomcat-embed-core-11.0.21.jar:11.0.21]
	at org.apache.tomcat.util.threads.ThreadPoolExecutor.runWorker(ThreadPoolExecutor.java:946) ~[tomcat-embed-core-11.0.21.jar:11.0.21]
	at org.apache.tomcat.util.threads.ThreadPoolExecutor$Worker.run(ThreadPoolExecutor.java:480) ~[tomcat-embed-core-11.0.21.jar:11.0.21]
	at org.apache.tomcat.util.threads.TaskThread$WrappingRunnable.run(TaskThread.java:57) ~[tomcat-embed-core-11.0.21.jar:11.0.21]
	at java.base/java.lang.Thread.run(Thread.java:1474) ~[na:na]

Hibernate: 
    select
        e1_0.id,
        e1_0.course_id,
        e1_0.enrolled_at,
        e1_0.student_id 
    from
        enrollments e1_0 
    where
        e1_0.student_id=?
Hibernate: 
    select
        c1_0.code,
        c1_0.category,
        c1_0.color,
        c1_0.credits,
        c1_0.days,
        c1_0.end_time,
        c1_0.instructor,
        c1_0.name,
        c1_0.room,
        c1_0.start_time,
        c1_0.teacher_id 
    from
        courses c1_0 
    where
        c1_0.code=?
Hibernate: 
    select
        c1_0.code,
        c1_0.category,
        c1_0.color,
        c1_0.credits,
        c1_0.days,
        c1_0.end_time,
        c1_0.instructor,
        c1_0.name,
        c1_0.room,
        c1_0.start_time,
        c1_0.teacher_id 
    from
        courses c1_0 
    where
        c1_0.code=?
Hibernate: 
    select
        c1_0.code,
        c1_0.category,
        c1_0.color,
        c1_0.credits,
        c1_0.days,
        c1_0.end_time,
        c1_0.instructor,
        c1_0.name,
        c1_0.room,
        c1_0.start_time,
        c1_0.teacher_id 
    from
        courses c1_0 
    where
        c1_0.code=?
Hibernate: 
    select
        e1_0.id,
        e1_0.course_id,
        e1_0.enrolled_at,
        e1_0.student_id 
    from
        enrollments e1_0 
    where
        e1_0.student_id=?
Hibernate: 
    select
        c1_0.code,
        c1_0.category,
        c1_0.color,
        c1_0.credits,
        c1_0.days,
        c1_0.end_time,
        c1_0.instructor,
        c1_0.name,
        c1_0.room,
        c1_0.start_time,
        c1_0.teacher_id 
    from
        courses c1_0 
    where
        c1_0.code=?
Hibernate: 
    select
        c1_0.code,
        c1_0.category,
        c1_0.color,
        c1_0.credits,
        c1_0.days,
        c1_0.end_time,
        c1_0.instructor,
        c1_0.name,
        c1_0.room,
        c1_0.start_time,
        c1_0.teacher_id 
    from
        courses c1_0 
    where
        c1_0.code=?
Hibernate: 
    select
        c1_0.code,
        c1_0.category,
        c1_0.color,
        c1_0.credits,
        c1_0.days,
        c1_0.end_time,
        c1_0.instructor,
        c1_0.name,
        c1_0.room,
        c1_0.start_time,
        c1_0.teacher_id 
    from
        courses c1_0 
    where
        c1_0.code=?
Hibernate: 
    insert 
    into
        schedule_events
        (created_at, date, notified, student_id, time, title, type, id) 
    values
        (?, ?, ?, ?, ?, ?, ?, default)
2026-07-01T20:19:15.780+06:00  WARN 15424 --- [eduadvisor2] [nio-8081-exec-1] org.hibernate.orm.jdbc.error             : HHH000247: ErrorCode: 42122, SQLState: 42S22
2026-07-01T20:19:15.783+06:00  WARN 15424 --- [eduadvisor2] [nio-8081-exec-1] org.hibernate.orm.jdbc.error             : Column "NOTIFIED" not found; SQL statement:
insert into schedule_events (created_at,date,notified,student_id,time,title,type,id) values (?,?,?,?,?,?,?,default) [42122-240]
2026-07-01T20:19:15.800+06:00 ERROR 15424 --- [eduadvisor2] [nio-8081-exec-1] o.a.c.c.C.[.[.[/].[dispatcherServlet]    : Servlet.service() for servlet [dispatcherServlet] in context with path [] threw exception [Request processing failed: org.springframework.dao.InvalidDataAccessResourceUsageException: Could not prepare statement [Column "NOTIFIED" not found; SQL statement:
insert into schedule_events (created_at,date,notified,student_id,time,title,type,id) values (?,?,?,?,?,?,?,default) [42122-240]] [insert into schedule_events (created_at,date,notified,student_id,time,title,type,id) values (?,?,?,?,?,?,?,default)]; SQL [insert into schedule_events (created_at,date,notified,student_id,time,title,type,id) values (?,?,?,?,?,?,?,default)]] with root cause

org.h2.jdbc.JdbcSQLSyntaxErrorException: Column "NOTIFIED" not found; SQL statement:
insert into schedule_events (created_at,date,notified,student_id,time,title,type,id) values (?,?,?,?,?,?,?,default) [42122-240]
	at org.h2.message.DbException.getJdbcSQLException(DbException.java:514) ~[h2-2.4.240.jar:2.4.240]
	at org.h2.message.DbException.getJdbcSQLException(DbException.java:489) ~[h2-2.4.240.jar:2.4.240]
	at org.h2.message.DbException.get(DbException.java:223) ~[h2-2.4.240.jar:2.4.240]
	at org.h2.message.DbException.get(DbException.java:199) ~[h2-2.4.240.jar:2.4.240]
	at org.h2.table.Table.getColumn(Table.java:778) ~[h2-2.4.240.jar:2.4.240]
	at org.h2.command.Parser.parseColumn(Parser.java:1174) ~[h2-2.4.240.jar:2.4.240]
	at org.h2.command.Parser.parseColumnList(Parser.java:1159) ~[h2-2.4.240.jar:2.4.240]
	at org.h2.command.Parser.parseInsert(Parser.java:1533) ~[h2-2.4.240.jar:2.4.240]
	at org.h2.command.Parser.parsePrepared(Parser.java:701) ~[h2-2.4.240.jar:2.4.240]
	at org.h2.command.Parser.parse(Parser.java:584) ~[h2-2.4.240.jar:2.4.240]
	at org.h2.command.Parser.parse(Parser.java:559) ~[h2-2.4.240.jar:2.4.240]
	at org.h2.command.Parser.prepareCommand(Parser.java:487) ~[h2-2.4.240.jar:2.4.240]
	at org.h2.engine.SessionLocal.prepareLocal(SessionLocal.java:647) ~[h2-2.4.240.jar:2.4.240]
	at org.h2.engine.SessionLocal.prepareCommand(SessionLocal.java:563) ~[h2-2.4.240.jar:2.4.240]
	at org.h2.jdbc.JdbcConnection.prepareCommand(JdbcConnection.java:1160) ~[h2-2.4.240.jar:2.4.240]
	at org.h2.jdbc.JdbcPreparedStatement.<init>(JdbcPreparedStatement.java:93) ~[h2-2.4.240.jar:2.4.240]
	at org.h2.jdbc.JdbcConnection.prepareStatement(JdbcConnection.java:1089) ~[h2-2.4.240.jar:2.4.240]
	at com.zaxxer.hikari.pool.ProxyConnection.prepareStatement(ProxyConnection.java:335) ~[HikariCP-7.0.2.jar:na]
	at com.zaxxer.hikari.pool.HikariProxyConnection.prepareStatement(HikariProxyConnection.java) ~[HikariCP-7.0.2.jar:na]
	at org.hibernate.engine.jdbc.internal.MutationStatementPreparerImpl$2.doPrepare(MutationStatementPreparerImpl.java:55) ~[hibernate-core-7.2.12.Final.jar:7.2.12.Final]
	at org.hibernate.engine.jdbc.internal.MutationStatementPreparerImpl$StatementPreparationTemplate.prepareStatement(MutationStatementPreparerImpl.java:96) ~[hibernate-core-7.2.12.Final.jar:7.2.12.Final]
	at org.hibernate.engine.jdbc.internal.MutationStatementPreparerImpl.prepareStatement(MutationStatementPreparerImpl.java:57) ~[hibernate-core-7.2.12.Final.jar:7.2.12.Final]
	at org.hibernate.id.insert.GetGeneratedKeysDelegate.prepareStatement(GetGeneratedKeysDelegate.java:82) ~[hibernate-core-7.2.12.Final.jar:7.2.12.Final]
	at org.hibernate.engine.jdbc.mutation.internal.ModelMutationHelper.delegateStatementPreparation(ModelMutationHelper.java:129) ~[hibernate-core-7.2.12.Final.jar:7.2.12.Final]
	at org.hibernate.engine.jdbc.mutation.internal.ModelMutationHelper.lambda$standardPreparation$0(ModelMutationHelper.java:119) ~[hibernate-core-7.2.12.Final.jar:7.2.12.Final]
	at org.hibernate.engine.jdbc.mutation.internal.PreparedStatementDetailsStandard.resolveStatement(PreparedStatementDetailsStandard.java:92) ~[hibernate-core-7.2.12.Final.jar:7.2.12.Final]
	at org.hibernate.id.insert.GetGeneratedKeysDelegate.performMutation(GetGeneratedKeysDelegate.java:100) ~[hibernate-core-7.2.12.Final.jar:7.2.12.Final]
	at org.hibernate.engine.jdbc.mutation.internal.MutationExecutorSingleNonBatched.performNonBatchedOperations(MutationExecutorSingleNonBatched.java:45) ~[hibernate-core-7.2.12.Final.jar:7.2.12.Final]
	at org.hibernate.engine.jdbc.mutation.internal.AbstractMutationExecutor.execute(AbstractMutationExecutor.java:66) ~[hibernate-core-7.2.12.Final.jar:7.2.12.Final]
	at org.hibernate.engine.jdbc.mutation.internal.AbstractMutationExecutor.execute(AbstractMutationExecutor.java:55) ~[hibernate-core-7.2.12.Final.jar:7.2.12.Final]
	at org.hibernate.persister.entity.mutation.InsertCoordinatorStandard.doStaticInserts(InsertCoordinatorStandard.java:180) ~[hibernate-core-7.2.12.Final.jar:7.2.12.Final]
	at org.hibernate.persister.entity.mutation.InsertCoordinatorStandard.coordinateInsert(InsertCoordinatorStandard.java:120) ~[hibernate-core-7.2.12.Final.jar:7.2.12.Final]
	at org.hibernate.persister.entity.mutation.InsertCoordinatorStandard.insert(InsertCoordinatorStandard.java:84) ~[hibernate-core-7.2.12.Final.jar:7.2.12.Final]
	at org.hibernate.action.internal.EntityIdentityInsertAction.execute(EntityIdentityInsertAction.java:85) ~[hibernate-core-7.2.12.Final.jar:7.2.12.Final]
	at org.hibernate.engine.spi.ActionQueue.execute(ActionQueue.java:667) ~[hibernate-core-7.2.12.Final.jar:7.2.12.Final]
	at org.hibernate.engine.spi.ActionQueue.addResolvedEntityInsertAction(ActionQueue.java:291) ~[hibernate-core-7.2.12.Final.jar:7.2.12.Final]
	at org.hibernate.engine.spi.ActionQueue.addInsertAction(ActionQueue.java:270) ~[hibernate-core-7.2.12.Final.jar:7.2.12.Final]
	at org.hibernate.engine.spi.ActionQueue.addAction(ActionQueue.java:322) ~[hibernate-core-7.2.12.Final.jar:7.2.12.Final]
	at org.hibernate.event.internal.AbstractSaveEventListener.addInsertAction(AbstractSaveEventListener.java:371) ~[hibernate-core-7.2.12.Final.jar:7.2.12.Final]
	at org.hibernate.event.internal.AbstractSaveEventListener.performSaveOrReplicate(AbstractSaveEventListener.java:285) ~[hibernate-core-7.2.12.Final.jar:7.2.12.Final]
	at org.hibernate.event.internal.AbstractSaveEventListener.performSave(AbstractSaveEventListener.java:215) ~[hibernate-core-7.2.12.Final.jar:7.2.12.Final]
	at org.hibernate.event.internal.AbstractSaveEventListener.saveWithGeneratedId(AbstractSaveEventListener.java:133) ~[hibernate-core-7.2.12.Final.jar:7.2.12.Final]
	at org.hibernate.event.internal.DefaultPersistEventListener.entityIsTransient(DefaultPersistEventListener.java:144) ~[hibernate-core-7.2.12.Final.jar:7.2.12.Final]
	at org.hibernate.event.internal.DefaultPersistEventListener.persist(DefaultPersistEventListener.java:90) ~[hibernate-core-7.2.12.Final.jar:7.2.12.Final]
	at org.hibernate.event.internal.DefaultPersistEventListener.onPersist(DefaultPersistEventListener.java:74) ~[hibernate-core-7.2.12.Final.jar:7.2.12.Final]
	at org.hibernate.event.internal.DefaultPersistEventListener.onPersist(DefaultPersistEventListener.java:50) ~[hibernate-core-7.2.12.Final.jar:7.2.12.Final]
	at org.hibernate.event.service.internal.EventListenerGroupImpl.fireEventOnEachListener(EventListenerGroupImpl.java:138) ~[hibernate-core-7.2.12.Final.jar:7.2.12.Final]
	at org.hibernate.internal.SessionImpl.firePersist(SessionImpl.java:692) ~[hibernate-core-7.2.12.Final.jar:7.2.12.Final]
	at org.hibernate.internal.SessionImpl.persist(SessionImpl.java:675) ~[hibernate-core-7.2.12.Final.jar:7.2.12.Final]
	at java.base/jdk.internal.reflect.DirectMethodHandleAccessor.invoke(DirectMethodHandleAccessor.java:104) ~[na:na]
	at java.base/java.lang.reflect.Method.invoke(Method.java:565) ~[na:na]
	at org.springframework.orm.jpa.SharedEntityManagerCreator$SharedEntityHandlerInvocationHandler.invokeMethod(SharedEntityManagerCreator.java:240) ~[spring-orm-7.0.7.jar:7.0.7]
	at org.springframework.orm.jpa.SharedEntityManagerCreator$SharedEntityManagerInvocationHandler.invoke(SharedEntityManagerCreator.java:386) ~[spring-orm-7.0.7.jar:7.0.7]
	at jdk.proxy9/jdk.proxy9.$Proxy227.persist(Unknown Source) ~[na:na]
	at org.springframework.data.jpa.repository.support.SimpleJpaRepository.save(SimpleJpaRepository.java:664) ~[spring-data-jpa-4.0.5.jar:4.0.5]
	at java.base/jdk.internal.reflect.DirectMethodHandleAccessor.invoke(DirectMethodHandleAccessor.java:104) ~[na:na]
	at java.base/java.lang.reflect.Method.invoke(Method.java:565) ~[na:na]
	at org.springframework.aop.support.AopUtils.invokeJoinpointUsingReflection(AopUtils.java:359) ~[spring-aop-7.0.7.jar:7.0.7]
	at org.springframework.data.repository.core.support.RepositoryMethodInvoker$RepositoryFragmentMethodInvoker.lambda$new$0(RepositoryMethodInvoker.java:278) ~[spring-data-commons-4.0.5.jar:4.0.5]
	at org.springframework.data.repository.core.support.RepositoryMethodInvoker.doInvoke(RepositoryMethodInvoker.java:169) ~[spring-data-commons-4.0.5.jar:4.0.5]
	at org.springframework.data.repository.core.support.RepositoryMethodInvoker.invoke(RepositoryMethodInvoker.java:158) ~[spring-data-commons-4.0.5.jar:4.0.5]
	at org.springframework.data.repository.core.support.RepositoryComposition$RepositoryFragments.invoke(RepositoryComposition.java:545) ~[spring-data-commons-4.0.5.jar:4.0.5]
	at org.springframework.data.repository.core.support.RepositoryComposition.invoke(RepositoryComposition.java:290) ~[spring-data-commons-4.0.5.jar:4.0.5]
	at org.springframework.data.repository.core.support.RepositoryFactorySupport$ImplementationMethodExecutionInterceptor.invoke(RepositoryFactorySupport.java:690) ~[spring-data-commons-4.0.5.jar:4.0.5]
	at org.springframework.aop.framework.ReflectiveMethodInvocation.proceed(ReflectiveMethodInvocation.java:179) ~[spring-aop-7.0.7.jar:7.0.7]
	at org.springframework.data.repository.core.support.QueryExecutorMethodInterceptor.doInvoke(QueryExecutorMethodInterceptor.java:171) ~[spring-data-commons-4.0.5.jar:4.0.5]
	at org.springframework.data.repository.core.support.QueryExecutorMethodInterceptor.invoke(QueryExecutorMethodInterceptor.java:146) ~[spring-data-commons-4.0.5.jar:4.0.5]
	at org.springframework.aop.framework.ReflectiveMethodInvocation.proceed(ReflectiveMethodInvocation.java:179) ~[spring-aop-7.0.7.jar:7.0.7]
	at org.springframework.data.projection.DefaultMethodInvokingMethodInterceptor.invoke(DefaultMethodInvokingMethodInterceptor.java:69) ~[spring-data-commons-4.0.5.jar:4.0.5]
	at org.springframework.aop.framework.ReflectiveMethodInvocation.proceed(ReflectiveMethodInvocation.java:179) ~[spring-aop-7.0.7.jar:7.0.7]
	at org.springframework.transaction.interceptor.TransactionInterceptor$1.proceedWithInvocation(TransactionInterceptor.java:133) ~[spring-tx-7.0.7.jar:7.0.7]
	at org.springframework.transaction.interceptor.TransactionAspectSupport.invokeWithinTransaction(TransactionAspectSupport.java:371) ~[spring-tx-7.0.7.jar:7.0.7]
	at org.springframework.transaction.interceptor.TransactionInterceptor.invoke(TransactionInterceptor.java:130) ~[spring-tx-7.0.7.jar:7.0.7]
	at org.springframework.aop.framework.ReflectiveMethodInvocation.proceed(ReflectiveMethodInvocation.java:179) ~[spring-aop-7.0.7.jar:7.0.7]
	at org.springframework.dao.support.PersistenceExceptionTranslationInterceptor.invoke(PersistenceExceptionTranslationInterceptor.java:135) ~[spring-tx-7.0.7.jar:7.0.7]
	at org.springframework.aop.framework.ReflectiveMethodInvocation.proceed(ReflectiveMethodInvocation.java:179) ~[spring-aop-7.0.7.jar:7.0.7]
	at org.springframework.data.jpa.repository.support.CrudMethodMetadataPostProcessor$CrudMethodMetadataPopulatingMethodInterceptor.invoke(CrudMethodMetadataPostProcessor.java:166) ~[spring-data-jpa-4.0.5.jar:4.0.5]
	at org.springframework.aop.framework.ReflectiveMethodInvocation.proceed(ReflectiveMethodInvocation.java:179) ~[spring-aop-7.0.7.jar:7.0.7]
	at org.springframework.aop.framework.JdkDynamicAopProxy.invoke(JdkDynamicAopProxy.java:222) ~[spring-aop-7.0.7.jar:7.0.7]
	at jdk.proxy9/jdk.proxy9.$Proxy234.save(Unknown Source) ~[na:na]
	at com.example.eduadvisor2.controller.ScheduleEventController.create(ScheduleEventController.java:34) ~[classes/:na]
	at java.base/jdk.internal.reflect.DirectMethodHandleAccessor.invoke(DirectMethodHandleAccessor.java:104) ~[na:na]
	at java.base/java.lang.reflect.Method.invoke(Method.java:565) ~[na:na]
	at org.springframework.web.method.support.InvocableHandlerMethod.doInvoke(InvocableHandlerMethod.java:252) ~[spring-web-7.0.7.jar:7.0.7]
	at org.springframework.web.method.support.InvocableHandlerMethod.invokeForRequest(InvocableHandlerMethod.java:184) ~[spring-web-7.0.7.jar:7.0.7]
	at org.springframework.web.servlet.mvc.method.annotation.ServletInvocableHandlerMethod.invokeAndHandle(ServletInvocableHandlerMethod.java:117) ~[spring-webmvc-7.0.7.jar:7.0.7]
	at org.springframework.web.servlet.mvc.method.annotation.RequestMappingHandlerAdapter.invokeHandlerMethod(RequestMappingHandlerAdapter.java:934) ~[spring-webmvc-7.0.7.jar:7.0.7]
	at org.springframework.web.servlet.mvc.method.annotation.RequestMappingHandlerAdapter.handleInternal(RequestMappingHandlerAdapter.java:853) ~[spring-webmvc-7.0.7.jar:7.0.7]
	at org.springframework.web.servlet.mvc.method.AbstractHandlerMethodAdapter.handle(AbstractHandlerMethodAdapter.java:86) ~[spring-webmvc-7.0.7.jar:7.0.7]
	at org.springframework.web.servlet.DispatcherServlet.doDispatch(DispatcherServlet.java:963) ~[spring-webmvc-7.0.7.jar:7.0.7]
	at org.springframework.web.servlet.DispatcherServlet.doService(DispatcherServlet.java:866) ~[spring-webmvc-7.0.7.jar:7.0.7]
	at org.springframework.web.servlet.FrameworkServlet.processRequest(FrameworkServlet.java:1000) ~[spring-webmvc-7.0.7.jar:7.0.7]
	at org.springframework.web.servlet.FrameworkServlet.doPost(FrameworkServlet.java:903) ~[spring-webmvc-7.0.7.jar:7.0.7]
	at jakarta.servlet.http.HttpServlet.service(HttpServlet.java:649) ~[tomcat-embed-core-11.0.21.jar:6.1]
	at org.springframework.web.servlet.FrameworkServlet.service(FrameworkServlet.java:874) ~[spring-webmvc-7.0.7.jar:7.0.7]
	at jakarta.servlet.http.HttpServlet.service(HttpServlet.java:710) ~[tomcat-embed-core-11.0.21.jar:6.1]
	at org.apache.catalina.core.ApplicationFilterChain.doFilter(ApplicationFilterChain.java:128) ~[tomcat-embed-core-11.0.21.jar:11.0.21]
	at org.apache.tomcat.websocket.server.WsFilter.doFilter(WsFilter.java:53) ~[tomcat-embed-websocket-11.0.21.jar:11.0.21]
	at org.apache.catalina.core.ApplicationFilterChain.doFilter(ApplicationFilterChain.java:107) ~[tomcat-embed-core-11.0.21.jar:11.0.21]
	at org.springframework.web.filter.RequestContextFilter.doFilterInternal(RequestContextFilter.java:100) ~[spring-web-7.0.7.jar:7.0.7]
	at org.springframework.web.filter.OncePerRequestFilter.doFilter(OncePerRequestFilter.java:116) ~[spring-web-7.0.7.jar:7.0.7]
	at org.apache.catalina.core.ApplicationFilterChain.doFilter(ApplicationFilterChain.java:107) ~[tomcat-embed-core-11.0.21.jar:11.0.21]
	at org.springframework.web.filter.FormContentFilter.doFilterInternal(FormContentFilter.java:93) ~[spring-web-7.0.7.jar:7.0.7]
	at org.springframework.web.filter.OncePerRequestFilter.doFilter(OncePerRequestFilter.java:116) ~[spring-web-7.0.7.jar:7.0.7]
	at org.apache.catalina.core.ApplicationFilterChain.doFilter(ApplicationFilterChain.java:107) ~[tomcat-embed-core-11.0.21.jar:11.0.21]
	at org.springframework.web.filter.ServerHttpObservationFilter.doFilterInternal(ServerHttpObservationFilter.java:110) ~[spring-web-7.0.7.jar:7.0.7]
	at org.springframework.web.filter.OncePerRequestFilter.doFilter(OncePerRequestFilter.java:116) ~[spring-web-7.0.7.jar:7.0.7]
	at org.apache.catalina.core.ApplicationFilterChain.doFilter(ApplicationFilterChain.java:107) ~[tomcat-embed-core-11.0.21.jar:11.0.21]
	at org.springframework.web.filter.CharacterEncodingFilter.doFilterInternal(CharacterEncodingFilter.java:199) ~[spring-web-7.0.7.jar:7.0.7]
	at org.springframework.web.filter.OncePerRequestFilter.doFilter(OncePerRequestFilter.java:116) ~[spring-web-7.0.7.jar:7.0.7]
	at org.apache.catalina.core.ApplicationFilterChain.doFilter(ApplicationFilterChain.java:107) ~[tomcat-embed-core-11.0.21.jar:11.0.21]
	at org.apache.catalina.core.StandardWrapperValve.invoke(StandardWrapperValve.java:165) ~[tomcat-embed-core-11.0.21.jar:11.0.21]
	at org.apache.catalina.core.StandardContextValve.invoke(StandardContextValve.java:77) ~[tomcat-embed-core-11.0.21.jar:11.0.21]
	at org.apache.catalina.authenticator.AuthenticatorBase.invoke(AuthenticatorBase.java:492) ~[tomcat-embed-core-11.0.21.jar:11.0.21]
	at org.apache.catalina.core.StandardHostValve.invoke(StandardHostValve.java:113) ~[tomcat-embed-core-11.0.21.jar:11.0.21]
	at org.apache.catalina.valves.ErrorReportValve.invoke(ErrorReportValve.java:83) ~[tomcat-embed-core-11.0.21.jar:11.0.21]
	at org.apache.catalina.core.StandardEngineValve.invoke(StandardEngineValve.java:72) ~[tomcat-embed-core-11.0.21.jar:11.0.21]
	at org.apache.catalina.connector.CoyoteAdapter.service(CoyoteAdapter.java:341) ~[tomcat-embed-core-11.0.21.jar:11.0.21]
	at org.apache.coyote.http11.Http11Processor.service(Http11Processor.java:397) ~[tomcat-embed-core-11.0.21.jar:11.0.21]
	at org.apache.coyote.AbstractProcessorLight.process(AbstractProcessorLight.java:63) ~[tomcat-embed-core-11.0.21.jar:11.0.21]
	at org.apache.coyote.AbstractProtocol$ConnectionHandler.process(AbstractProtocol.java:903) ~[tomcat-embed-core-11.0.21.jar:11.0.21]
	at org.apache.tomcat.util.net.NioEndpoint$SocketProcessor.doRun(NioEndpoint.java:1801) ~[tomcat-embed-core-11.0.21.jar:11.0.21]
	at org.apache.tomcat.util.net.SocketProcessorBase.run(SocketProcessorBase.java:52) ~[tomcat-embed-core-11.0.21.jar:11.0.21]
	at org.apache.tomcat.util.threads.ThreadPoolExecutor.runWorker(ThreadPoolExecutor.java:946) ~[tomcat-embed-core-11.0.21.jar:11.0.21]
	at org.apache.tomcat.util.threads.ThreadPoolExecutor$Worker.run(ThreadPoolExecutor.java:480) ~[tomcat-embed-core-11.0.21.jar:11.0.21]
	at org.apache.tomcat.util.threads.TaskThread$WrappingRunnable.run(TaskThread.java:57) ~[tomcat-embed-core-11.0.21.jar:11.0.21]
	at java.base/java.lang.Thread.run(Thread.java:1474) ~[na:na]

Hibernate: 
    insert 
    into
        schedule_events
        (created_at, date, notified, student_id, time, title, type, id) 
    values
        (?, ?, ?, ?, ?, ?, ?, default)
2026-07-01T20:19:44.946+06:00  WARN 15424 --- [eduadvisor2] [nio-8081-exec-2] org.hibernate.orm.jdbc.error             : HHH000247: ErrorCode: 42122, SQLState: 42S22
2026-07-01T20:19:44.947+06:00  WARN 15424 --- [eduadvisor2] [nio-8081-exec-2] org.hibernate.orm.jdbc.error             : Column "NOTIFIED" not found; SQL statement:
insert into schedule_events (created_at,date,notified,student_id,time,title,type,id) values (?,?,?,?,?,?,?,default) [42122-240]
2026-07-01T20:19:44.949+06:00 ERROR 15424 --- [eduadvisor2] [nio-8081-exec-2] o.a.c.c.C.[.[.[/].[dispatcherServlet]    : Servlet.service() for servlet [dispatcherServlet] in context with path [] threw exception [Request processing failed: org.springframework.dao.InvalidDataAccessResourceUsageException: Could not prepare statement [Column "NOTIFIED" not found; SQL statement:
insert into schedule_events (created_at,date,notified,student_id,time,title,type,id) values (?,?,?,?,?,?,?,default) [42122-240]] [insert into schedule_events (created_at,date,notified,student_id,time,title,type,id) values (?,?,?,?,?,?,?,default)]; SQL [insert into schedule_events (created_at,date,notified,student_id,time,title,type,id) values (?,?,?,?,?,?,?,default)]] with root cause

org.h2.jdbc.JdbcSQLSyntaxErrorException: Column "NOTIFIED" not found; SQL statement:
insert into schedule_events (created_at,date,notified,student_id,time,title,type,id) values (?,?,?,?,?,?,?,default) [42122-240]
	at org.h2.message.DbException.getJdbcSQLException(DbException.java:514) ~[h2-2.4.240.jar:2.4.240]
	at org.h2.message.DbException.getJdbcSQLException(DbException.java:489) ~[h2-2.4.240.jar:2.4.240]
	at org.h2.message.DbException.get(DbException.java:223) ~[h2-2.4.240.jar:2.4.240]
	at org.h2.message.DbException.get(DbException.java:199) ~[h2-2.4.240.jar:2.4.240]
	at org.h2.table.Table.getColumn(Table.java:778) ~[h2-2.4.240.jar:2.4.240]
	at org.h2.command.Parser.parseColumn(Parser.java:1174) ~[h2-2.4.240.jar:2.4.240]
	at org.h2.command.Parser.parseColumnList(Parser.java:1159) ~[h2-2.4.240.jar:2.4.240]
	at org.h2.command.Parser.parseInsert(Parser.java:1533) ~[h2-2.4.240.jar:2.4.240]
	at org.h2.command.Parser.parsePrepared(Parser.java:701) ~[h2-2.4.240.jar:2.4.240]
	at org.h2.command.Parser.parse(Parser.java:584) ~[h2-2.4.240.jar:2.4.240]
	at org.h2.command.Parser.parse(Parser.java:559) ~[h2-2.4.240.jar:2.4.240]
	at org.h2.command.Parser.prepareCommand(Parser.java:487) ~[h2-2.4.240.jar:2.4.240]
	at org.h2.engine.SessionLocal.prepareLocal(SessionLocal.java:647) ~[h2-2.4.240.jar:2.4.240]
	at org.h2.engine.SessionLocal.prepareCommand(SessionLocal.java:563) ~[h2-2.4.240.jar:2.4.240]
	at org.h2.jdbc.JdbcConnection.prepareCommand(JdbcConnection.java:1160) ~[h2-2.4.240.jar:2.4.240]
	at org.h2.jdbc.JdbcPreparedStatement.<init>(JdbcPreparedStatement.java:93) ~[h2-2.4.240.jar:2.4.240]
	at org.h2.jdbc.JdbcConnection.prepareStatement(JdbcConnection.java:1089) ~[h2-2.4.240.jar:2.4.240]
	at com.zaxxer.hikari.pool.ProxyConnection.prepareStatement(ProxyConnection.java:335) ~[HikariCP-7.0.2.jar:na]
	at com.zaxxer.hikari.pool.HikariProxyConnection.prepareStatement(HikariProxyConnection.java) ~[HikariCP-7.0.2.jar:na]
	at org.hibernate.engine.jdbc.internal.MutationStatementPreparerImpl$2.doPrepare(MutationStatementPreparerImpl.java:55) ~[hibernate-core-7.2.12.Final.jar:7.2.12.Final]
	at org.hibernate.engine.jdbc.internal.MutationStatementPreparerImpl$StatementPreparationTemplate.prepareStatement(MutationStatementPreparerImpl.java:96) ~[hibernate-core-7.2.12.Final.jar:7.2.12.Final]
	at org.hibernate.engine.jdbc.internal.MutationStatementPreparerImpl.prepareStatement(MutationStatementPreparerImpl.java:57) ~[hibernate-core-7.2.12.Final.jar:7.2.12.Final]
	at org.hibernate.id.insert.GetGeneratedKeysDelegate.prepareStatement(GetGeneratedKeysDelegate.java:82) ~[hibernate-core-7.2.12.Final.jar:7.2.12.Final]
	at org.hibernate.engine.jdbc.mutation.internal.ModelMutationHelper.delegateStatementPreparation(ModelMutationHelper.java:129) ~[hibernate-core-7.2.12.Final.jar:7.2.12.Final]
	at org.hibernate.engine.jdbc.mutation.internal.ModelMutationHelper.lambda$standardPreparation$0(ModelMutationHelper.java:119) ~[hibernate-core-7.2.12.Final.jar:7.2.12.Final]
	at org.hibernate.engine.jdbc.mutation.internal.PreparedStatementDetailsStandard.resolveStatement(PreparedStatementDetailsStandard.java:92) ~[hibernate-core-7.2.12.Final.jar:7.2.12.Final]
	at org.hibernate.id.insert.GetGeneratedKeysDelegate.performMutation(GetGeneratedKeysDelegate.java:100) ~[hibernate-core-7.2.12.Final.jar:7.2.12.Final]
	at org.hibernate.engine.jdbc.mutation.internal.MutationExecutorSingleNonBatched.performNonBatchedOperations(MutationExecutorSingleNonBatched.java:45) ~[hibernate-core-7.2.12.Final.jar:7.2.12.Final]
	at org.hibernate.engine.jdbc.mutation.internal.AbstractMutationExecutor.execute(AbstractMutationExecutor.java:66) ~[hibernate-core-7.2.12.Final.jar:7.2.12.Final]
	at org.hibernate.engine.jdbc.mutation.internal.AbstractMutationExecutor.execute(AbstractMutationExecutor.java:55) ~[hibernate-core-7.2.12.Final.jar:7.2.12.Final]
	at org.hibernate.persister.entity.mutation.InsertCoordinatorStandard.doStaticInserts(InsertCoordinatorStandard.java:180) ~[hibernate-core-7.2.12.Final.jar:7.2.12.Final]
	at org.hibernate.persister.entity.mutation.InsertCoordinatorStandard.coordinateInsert(InsertCoordinatorStandard.java:120) ~[hibernate-core-7.2.12.Final.jar:7.2.12.Final]
	at org.hibernate.persister.entity.mutation.InsertCoordinatorStandard.insert(InsertCoordinatorStandard.java:84) ~[hibernate-core-7.2.12.Final.jar:7.2.12.Final]
	at org.hibernate.action.internal.EntityIdentityInsertAction.execute(EntityIdentityInsertAction.java:85) ~[hibernate-core-7.2.12.Final.jar:7.2.12.Final]
	at org.hibernate.engine.spi.ActionQueue.execute(ActionQueue.java:667) ~[hibernate-core-7.2.12.Final.jar:7.2.12.Final]
	at org.hibernate.engine.spi.ActionQueue.addResolvedEntityInsertAction(ActionQueue.java:291) ~[hibernate-core-7.2.12.Final.jar:7.2.12.Final]
	at org.hibernate.engine.spi.ActionQueue.addInsertAction(ActionQueue.java:270) ~[hibernate-core-7.2.12.Final.jar:7.2.12.Final]
	at org.hibernate.engine.spi.ActionQueue.addAction(ActionQueue.java:322) ~[hibernate-core-7.2.12.Final.jar:7.2.12.Final]
	at org.hibernate.event.internal.AbstractSaveEventListener.addInsertAction(AbstractSaveEventListener.java:371) ~[hibernate-core-7.2.12.Final.jar:7.2.12.Final]
	at org.hibernate.event.internal.AbstractSaveEventListener.performSaveOrReplicate(AbstractSaveEventListener.java:285) ~[hibernate-core-7.2.12.Final.jar:7.2.12.Final]
	at org.hibernate.event.internal.AbstractSaveEventListener.performSave(AbstractSaveEventListener.java:215) ~[hibernate-core-7.2.12.Final.jar:7.2.12.Final]
	at org.hibernate.event.internal.AbstractSaveEventListener.saveWithGeneratedId(AbstractSaveEventListener.java:133) ~[hibernate-core-7.2.12.Final.jar:7.2.12.Final]
	at org.hibernate.event.internal.DefaultPersistEventListener.entityIsTransient(DefaultPersistEventListener.java:144) ~[hibernate-core-7.2.12.Final.jar:7.2.12.Final]
	at org.hibernate.event.internal.DefaultPersistEventListener.persist(DefaultPersistEventListener.java:90) ~[hibernate-core-7.2.12.Final.jar:7.2.12.Final]
	at org.hibernate.event.internal.DefaultPersistEventListener.onPersist(DefaultPersistEventListener.java:74) ~[hibernate-core-7.2.12.Final.jar:7.2.12.Final]
	at org.hibernate.event.internal.DefaultPersistEventListener.onPersist(DefaultPersistEventListener.java:50) ~[hibernate-core-7.2.12.Final.jar:7.2.12.Final]
	at org.hibernate.event.service.internal.EventListenerGroupImpl.fireEventOnEachListener(EventListenerGroupImpl.java:138) ~[hibernate-core-7.2.12.Final.jar:7.2.12.Final]
	at org.hibernate.internal.SessionImpl.firePersist(SessionImpl.java:692) ~[hibernate-core-7.2.12.Final.jar:7.2.12.Final]
	at org.hibernate.internal.SessionImpl.persist(SessionImpl.java:675) ~[hibernate-core-7.2.12.Final.jar:7.2.12.Final]
	at java.base/jdk.internal.reflect.DirectMethodHandleAccessor.invoke(DirectMethodHandleAccessor.java:104) ~[na:na]
	at java.base/java.lang.reflect.Method.invoke(Method.java:565) ~[na:na]
	at org.springframework.orm.jpa.SharedEntityManagerCreator$SharedEntityHandlerInvocationHandler.invokeMethod(SharedEntityManagerCreator.java:240) ~[spring-orm-7.0.7.jar:7.0.7]
	at org.springframework.orm.jpa.SharedEntityManagerCreator$SharedEntityManagerInvocationHandler.invoke(SharedEntityManagerCreator.java:386) ~[spring-orm-7.0.7.jar:7.0.7]
	at jdk.proxy9/jdk.proxy9.$Proxy227.persist(Unknown Source) ~[na:na]
	at org.springframework.data.jpa.repository.support.SimpleJpaRepository.save(SimpleJpaRepository.java:664) ~[spring-data-jpa-4.0.5.jar:4.0.5]
	at java.base/jdk.internal.reflect.DirectMethodHandleAccessor.invoke(DirectMethodHandleAccessor.java:104) ~[na:na]
	at java.base/java.lang.reflect.Method.invoke(Method.java:565) ~[na:na]
	at org.springframework.aop.support.AopUtils.invokeJoinpointUsingReflection(AopUtils.java:359) ~[spring-aop-7.0.7.jar:7.0.7]
	at org.springframework.data.repository.core.support.RepositoryMethodInvoker$RepositoryFragmentMethodInvoker.lambda$new$0(RepositoryMethodInvoker.java:278) ~[spring-data-commons-4.0.5.jar:4.0.5]
	at org.springframework.data.repository.core.support.RepositoryMethodInvoker.doInvoke(RepositoryMethodInvoker.java:169) ~[spring-data-commons-4.0.5.jar:4.0.5]
	at org.springframework.data.repository.core.support.RepositoryMethodInvoker.invoke(RepositoryMethodInvoker.java:158) ~[spring-data-commons-4.0.5.jar:4.0.5]
	at org.springframework.data.repository.core.support.RepositoryComposition$RepositoryFragments.invoke(RepositoryComposition.java:545) ~[spring-data-commons-4.0.5.jar:4.0.5]
	at org.springframework.data.repository.core.support.RepositoryComposition.invoke(RepositoryComposition.java:290) ~[spring-data-commons-4.0.5.jar:4.0.5]
	at org.springframework.data.repository.core.support.RepositoryFactorySupport$ImplementationMethodExecutionInterceptor.invoke(RepositoryFactorySupport.java:690) ~[spring-data-commons-4.0.5.jar:4.0.5]
	at org.springframework.aop.framework.ReflectiveMethodInvocation.proceed(ReflectiveMethodInvocation.java:179) ~[spring-aop-7.0.7.jar:7.0.7]
	at org.springframework.data.repository.core.support.QueryExecutorMethodInterceptor.doInvoke(QueryExecutorMethodInterceptor.java:171) ~[spring-data-commons-4.0.5.jar:4.0.5]
	at org.springframework.data.repository.core.support.QueryExecutorMethodInterceptor.invoke(QueryExecutorMethodInterceptor.java:146) ~[spring-data-commons-4.0.5.jar:4.0.5]
	at org.springframework.aop.framework.ReflectiveMethodInvocation.proceed(ReflectiveMethodInvocation.java:179) ~[spring-aop-7.0.7.jar:7.0.7]
	at org.springframework.data.projection.DefaultMethodInvokingMethodInterceptor.invoke(DefaultMethodInvokingMethodInterceptor.java:69) ~[spring-data-commons-4.0.5.jar:4.0.5]
	at org.springframework.aop.framework.ReflectiveMethodInvocation.proceed(ReflectiveMethodInvocation.java:179) ~[spring-aop-7.0.7.jar:7.0.7]
	at org.springframework.transaction.interceptor.TransactionInterceptor$1.proceedWithInvocation(TransactionInterceptor.java:133) ~[spring-tx-7.0.7.jar:7.0.7]
	at org.springframework.transaction.interceptor.TransactionAspectSupport.invokeWithinTransaction(TransactionAspectSupport.java:371) ~[spring-tx-7.0.7.jar:7.0.7]
	at org.springframework.transaction.interceptor.TransactionInterceptor.invoke(TransactionInterceptor.java:130) ~[spring-tx-7.0.7.jar:7.0.7]
	at org.springframework.aop.framework.ReflectiveMethodInvocation.proceed(ReflectiveMethodInvocation.java:179) ~[spring-aop-7.0.7.jar:7.0.7]
	at org.springframework.dao.support.PersistenceExceptionTranslationInterceptor.invoke(PersistenceExceptionTranslationInterceptor.java:135) ~[spring-tx-7.0.7.jar:7.0.7]
	at org.springframework.aop.framework.ReflectiveMethodInvocation.proceed(ReflectiveMethodInvocation.java:179) ~[spring-aop-7.0.7.jar:7.0.7]
	at org.springframework.data.jpa.repository.support.CrudMethodMetadataPostProcessor$CrudMethodMetadataPopulatingMethodInterceptor.invoke(CrudMethodMetadataPostProcessor.java:166) ~[spring-data-jpa-4.0.5.jar:4.0.5]
	at org.springframework.aop.framework.ReflectiveMethodInvocation.proceed(ReflectiveMethodInvocation.java:179) ~[spring-aop-7.0.7.jar:7.0.7]
	at org.springframework.aop.framework.JdkDynamicAopProxy.invoke(JdkDynamicAopProxy.java:222) ~[spring-aop-7.0.7.jar:7.0.7]
	at jdk.proxy9/jdk.proxy9.$Proxy234.save(Unknown Source) ~[na:na]
	at com.example.eduadvisor2.controller.ScheduleEventController.create(ScheduleEventController.java:34) ~[classes/:na]
	at java.base/jdk.internal.reflect.DirectMethodHandleAccessor.invoke(DirectMethodHandleAccessor.java:104) ~[na:na]
	at java.base/java.lang.reflect.Method.invoke(Method.java:565) ~[na:na]
	at org.springframework.web.method.support.InvocableHandlerMethod.doInvoke(InvocableHandlerMethod.java:252) ~[spring-web-7.0.7.jar:7.0.7]
	at org.springframework.web.method.support.InvocableHandlerMethod.invokeForRequest(InvocableHandlerMethod.java:184) ~[spring-web-7.0.7.jar:7.0.7]
	at org.springframework.web.servlet.mvc.method.annotation.ServletInvocableHandlerMethod.invokeAndHandle(ServletInvocableHandlerMethod.java:117) ~[spring-webmvc-7.0.7.jar:7.0.7]
	at org.springframework.web.servlet.mvc.method.annotation.RequestMappingHandlerAdapter.invokeHandlerMethod(RequestMappingHandlerAdapter.java:934) ~[spring-webmvc-7.0.7.jar:7.0.7]
	at org.springframework.web.servlet.mvc.method.annotation.RequestMappingHandlerAdapter.handleInternal(RequestMappingHandlerAdapter.java:853) ~[spring-webmvc-7.0.7.jar:7.0.7]
	at org.springframework.web.servlet.mvc.method.AbstractHandlerMethodAdapter.handle(AbstractHandlerMethodAdapter.java:86) ~[spring-webmvc-7.0.7.jar:7.0.7]
	at org.springframework.web.servlet.DispatcherServlet.doDispatch(DispatcherServlet.java:963) ~[spring-webmvc-7.0.7.jar:7.0.7]
	at org.springframework.web.servlet.DispatcherServlet.doService(DispatcherServlet.java:866) ~[spring-webmvc-7.0.7.jar:7.0.7]
	at org.springframework.web.servlet.FrameworkServlet.processRequest(FrameworkServlet.java:1000) ~[spring-webmvc-7.0.7.jar:7.0.7]
	at org.springframework.web.servlet.FrameworkServlet.doPost(FrameworkServlet.java:903) ~[spring-webmvc-7.0.7.jar:7.0.7]
	at jakarta.servlet.http.HttpServlet.service(HttpServlet.java:649) ~[tomcat-embed-core-11.0.21.jar:6.1]
	at org.springframework.web.servlet.FrameworkServlet.service(FrameworkServlet.java:874) ~[spring-webmvc-7.0.7.jar:7.0.7]
	at jakarta.servlet.http.HttpServlet.service(HttpServlet.java:710) ~[tomcat-embed-core-11.0.21.jar:6.1]
	at org.apache.catalina.core.ApplicationFilterChain.doFilter(ApplicationFilterChain.java:128) ~[tomcat-embed-core-11.0.21.jar:11.0.21]
	at org.apache.tomcat.websocket.server.WsFilter.doFilter(WsFilter.java:53) ~[tomcat-embed-websocket-11.0.21.jar:11.0.21]
	at org.apache.catalina.core.ApplicationFilterChain.doFilter(ApplicationFilterChain.java:107) ~[tomcat-embed-core-11.0.21.jar:11.0.21]
	at org.springframework.web.filter.RequestContextFilter.doFilterInternal(RequestContextFilter.java:100) ~[spring-web-7.0.7.jar:7.0.7]
	at org.springframework.web.filter.OncePerRequestFilter.doFilter(OncePerRequestFilter.java:116) ~[spring-web-7.0.7.jar:7.0.7]
	at org.apache.catalina.core.ApplicationFilterChain.doFilter(ApplicationFilterChain.java:107) ~[tomcat-embed-core-11.0.21.jar:11.0.21]
	at org.springframework.web.filter.FormContentFilter.doFilterInternal(FormContentFilter.java:93) ~[spring-web-7.0.7.jar:7.0.7]
	at org.springframework.web.filter.OncePerRequestFilter.doFilter(OncePerRequestFilter.java:116) ~[spring-web-7.0.7.jar:7.0.7]
	at org.apache.catalina.core.ApplicationFilterChain.doFilter(ApplicationFilterChain.java:107) ~[tomcat-embed-core-11.0.21.jar:11.0.21]
	at org.springframework.web.filter.ServerHttpObservationFilter.doFilterInternal(ServerHttpObservationFilter.java:110) ~[spring-web-7.0.7.jar:7.0.7]
	at org.springframework.web.filter.OncePerRequestFilter.doFilter(OncePerRequestFilter.java:116) ~[spring-web-7.0.7.jar:7.0.7]
	at org.apache.catalina.core.ApplicationFilterChain.doFilter(ApplicationFilterChain.java:107) ~[tomcat-embed-core-11.0.21.jar:11.0.21]
	at org.springframework.web.filter.CharacterEncodingFilter.doFilterInternal(CharacterEncodingFilter.java:199) ~[spring-web-7.0.7.jar:7.0.7]
	at org.springframework.web.filter.OncePerRequestFilter.doFilter(OncePerRequestFilter.java:116) ~[spring-web-7.0.7.jar:7.0.7]
	at org.apache.catalina.core.ApplicationFilterChain.doFilter(ApplicationFilterChain.java:107) ~[tomcat-embed-core-11.0.21.jar:11.0.21]
	at org.apache.catalina.core.StandardWrapperValve.invoke(StandardWrapperValve.java:165) ~[tomcat-embed-core-11.0.21.jar:11.0.21]
	at org.apache.catalina.core.StandardContextValve.invoke(StandardContextValve.java:77) ~[tomcat-embed-core-11.0.21.jar:11.0.21]
	at org.apache.catalina.authenticator.AuthenticatorBase.invoke(AuthenticatorBase.java:492) ~[tomcat-embed-core-11.0.21.jar:11.0.21]
	at org.apache.catalina.core.StandardHostValve.invoke(StandardHostValve.java:113) ~[tomcat-embed-core-11.0.21.jar:11.0.21]
	at org.apache.catalina.valves.ErrorReportValve.invoke(ErrorReportValve.java:83) ~[tomcat-embed-core-11.0.21.jar:11.0.21]
	at org.apache.catalina.core.StandardEngineValve.invoke(StandardEngineValve.java:72) ~[tomcat-embed-core-11.0.21.jar:11.0.21]
	at org.apache.catalina.connector.CoyoteAdapter.service(CoyoteAdapter.java:341) ~[tomcat-embed-core-11.0.21.jar:11.0.21]
	at org.apache.coyote.http11.Http11Processor.service(Http11Processor.java:397) ~[tomcat-embed-core-11.0.21.jar:11.0.21]
	at org.apache.coyote.AbstractProcessorLight.process(AbstractProcessorLight.java:63) ~[tomcat-embed-core-11.0.21.jar:11.0.21]
	at org.apache.coyote.AbstractProtocol$ConnectionHandler.process(AbstractProtocol.java:903) ~[tomcat-embed-core-11.0.21.jar:11.0.21]
	at org.apache.tomcat.util.net.NioEndpoint$SocketProcessor.doRun(NioEndpoint.java:1801) ~[tomcat-embed-core-11.0.21.jar:11.0.21]
	at org.apache.tomcat.util.net.SocketProcessorBase.run(SocketProcessorBase.java:52) ~[tomcat-embed-core-11.0.21.jar:11.0.21]
	at org.apache.tomcat.util.threads.ThreadPoolExecutor.runWorker(ThreadPoolExecutor.java:946) ~[tomcat-embed-core-11.0.21.jar:11.0.21]
	at org.apache.tomcat.util.threads.ThreadPoolExecutor$Worker.run(ThreadPoolExecutor.java:480) ~[tomcat-embed-core-11.0.21.jar:11.0.21]
	at org.apache.tomcat.util.threads.TaskThread$WrappingRunnable.run(TaskThread.java:57) ~[tomcat-embed-core-11.0.21.jar:11.0.21]
	at java.base/java.lang.Thread.run(Thread.java:1474) ~[na:na]

Hibernate: 
    insert 
    into
        schedule_events
        (created_at, date, notified, student_id, time, title, type, id) 
    values
        (?, ?, ?, ?, ?, ?, ?, default)
2026-07-01T20:20:22.290+06:00  WARN 15424 --- [eduadvisor2] [nio-8081-exec-3] org.hibernate.orm.jdbc.error             : HHH000247: ErrorCode: 42122, SQLState: 42S22
2026-07-01T20:20:22.291+06:00  WARN 15424 --- [eduadvisor2] [nio-8081-exec-3] org.hibernate.orm.jdbc.error             : Column "NOTIFIED" not found; SQL statement:
insert into schedule_events (created_at,date,notified,student_id,time,title,type,id) values (?,?,?,?,?,?,?,default) [42122-240]
2026-07-01T20:20:22.294+06:00 ERROR 15424 --- [eduadvisor2] [nio-8081-exec-3] o.a.c.c.C.[.[.[/].[dispatcherServlet]    : Servlet.service() for servlet [dispatcherServlet] in context with path [] threw exception [Request processing failed: org.springframework.dao.InvalidDataAccessResourceUsageException: Could not prepare statement [Column "NOTIFIED" not found; SQL statement:
insert into schedule_events (created_at,date,notified,student_id,time,title,type,id) values (?,?,?,?,?,?,?,default) [42122-240]] [insert into schedule_events (created_at,date,notified,student_id,time,title,type,id) values (?,?,?,?,?,?,?,default)]; SQL [insert into schedule_events (created_at,date,notified,student_id,time,title,type,id) values (?,?,?,?,?,?,?,default)]] with root cause

org.h2.jdbc.JdbcSQLSyntaxErrorException: Column "NOTIFIED" not found; SQL statement:
insert into schedule_events (created_at,date,notified,student_id,time,title,type,id) values (?,?,?,?,?,?,?,default) [42122-240]
	at org.h2.message.DbException.getJdbcSQLException(DbException.java:514) ~[h2-2.4.240.jar:2.4.240]
	at org.h2.message.DbException.getJdbcSQLException(DbException.java:489) ~[h2-2.4.240.jar:2.4.240]
	at org.h2.message.DbException.get(DbException.java:223) ~[h2-2.4.240.jar:2.4.240]
	at org.h2.message.DbException.get(DbException.java:199) ~[h2-2.4.240.jar:2.4.240]
	at org.h2.table.Table.getColumn(Table.java:778) ~[h2-2.4.240.jar:2.4.240]
	at org.h2.command.Parser.parseColumn(Parser.java:1174) ~[h2-2.4.240.jar:2.4.240]
	at org.h2.command.Parser.parseColumnList(Parser.java:1159) ~[h2-2.4.240.jar:2.4.240]
	at org.h2.command.Parser.parseInsert(Parser.java:1533) ~[h2-2.4.240.jar:2.4.240]
	at org.h2.command.Parser.parsePrepared(Parser.java:701) ~[h2-2.4.240.jar:2.4.240]
	at org.h2.command.Parser.parse(Parser.java:584) ~[h2-2.4.240.jar:2.4.240]
	at org.h2.command.Parser.parse(Parser.java:559) ~[h2-2.4.240.jar:2.4.240]
	at org.h2.command.Parser.prepareCommand(Parser.java:487) ~[h2-2.4.240.jar:2.4.240]
	at org.h2.engine.SessionLocal.prepareLocal(SessionLocal.java:647) ~[h2-2.4.240.jar:2.4.240]
	at org.h2.engine.SessionLocal.prepareCommand(SessionLocal.java:563) ~[h2-2.4.240.jar:2.4.240]
	at org.h2.jdbc.JdbcConnection.prepareCommand(JdbcConnection.java:1160) ~[h2-2.4.240.jar:2.4.240]
	at org.h2.jdbc.JdbcPreparedStatement.<init>(JdbcPreparedStatement.java:93) ~[h2-2.4.240.jar:2.4.240]
	at org.h2.jdbc.JdbcConnection.prepareStatement(JdbcConnection.java:1089) ~[h2-2.4.240.jar:2.4.240]
	at com.zaxxer.hikari.pool.ProxyConnection.prepareStatement(ProxyConnection.java:335) ~[HikariCP-7.0.2.jar:na]
	at com.zaxxer.hikari.pool.HikariProxyConnection.prepareStatement(HikariProxyConnection.java) ~[HikariCP-7.0.2.jar:na]
	at org.hibernate.engine.jdbc.internal.MutationStatementPreparerImpl$2.doPrepare(MutationStatementPreparerImpl.java:55) ~[hibernate-core-7.2.12.Final.jar:7.2.12.Final]
	at org.hibernate.engine.jdbc.internal.MutationStatementPreparerImpl$StatementPreparationTemplate.prepareStatement(MutationStatementPreparerImpl.java:96) ~[hibernate-core-7.2.12.Final.jar:7.2.12.Final]
	at org.hibernate.engine.jdbc.internal.MutationStatementPreparerImpl.prepareStatement(MutationStatementPreparerImpl.java:57) ~[hibernate-core-7.2.12.Final.jar:7.2.12.Final]
	at org.hibernate.id.insert.GetGeneratedKeysDelegate.prepareStatement(GetGeneratedKeysDelegate.java:82) ~[hibernate-core-7.2.12.Final.jar:7.2.12.Final]
	at org.hibernate.engine.jdbc.mutation.internal.ModelMutationHelper.delegateStatementPreparation(ModelMutationHelper.java:129) ~[hibernate-core-7.2.12.Final.jar:7.2.12.Final]
	at org.hibernate.engine.jdbc.mutation.internal.ModelMutationHelper.lambda$standardPreparation$0(ModelMutationHelper.java:119) ~[hibernate-core-7.2.12.Final.jar:7.2.12.Final]
	at org.hibernate.engine.jdbc.mutation.internal.PreparedStatementDetailsStandard.resolveStatement(PreparedStatementDetailsStandard.java:92) ~[hibernate-core-7.2.12.Final.jar:7.2.12.Final]
	at org.hibernate.id.insert.GetGeneratedKeysDelegate.performMutation(GetGeneratedKeysDelegate.java:100) ~[hibernate-core-7.2.12.Final.jar:7.2.12.Final]
	at org.hibernate.engine.jdbc.mutation.internal.MutationExecutorSingleNonBatched.performNonBatchedOperations(MutationExecutorSingleNonBatched.java:45) ~[hibernate-core-7.2.12.Final.jar:7.2.12.Final]
	at org.hibernate.engine.jdbc.mutation.internal.AbstractMutationExecutor.execute(AbstractMutationExecutor.java:66) ~[hibernate-core-7.2.12.Final.jar:7.2.12.Final]
	at org.hibernate.engine.jdbc.mutation.internal.AbstractMutationExecutor.execute(AbstractMutationExecutor.java:55) ~[hibernate-core-7.2.12.Final.jar:7.2.12.Final]
	at org.hibernate.persister.entity.mutation.InsertCoordinatorStandard.doStaticInserts(InsertCoordinatorStandard.java:180) ~[hibernate-core-7.2.12.Final.jar:7.2.12.Final]
	at org.hibernate.persister.entity.mutation.InsertCoordinatorStandard.coordinateInsert(InsertCoordinatorStandard.java:120) ~[hibernate-core-7.2.12.Final.jar:7.2.12.Final]
	at org.hibernate.persister.entity.mutation.InsertCoordinatorStandard.insert(InsertCoordinatorStandard.java:84) ~[hibernate-core-7.2.12.Final.jar:7.2.12.Final]
	at org.hibernate.action.internal.EntityIdentityInsertAction.execute(EntityIdentityInsertAction.java:85) ~[hibernate-core-7.2.12.Final.jar:7.2.12.Final]
	at org.hibernate.engine.spi.ActionQueue.execute(ActionQueue.java:667) ~[hibernate-core-7.2.12.Final.jar:7.2.12.Final]
	at org.hibernate.engine.spi.ActionQueue.addResolvedEntityInsertAction(ActionQueue.java:291) ~[hibernate-core-7.2.12.Final.jar:7.2.12.Final]
	at org.hibernate.engine.spi.ActionQueue.addInsertAction(ActionQueue.java:270) ~[hibernate-core-7.2.12.Final.jar:7.2.12.Final]
	at org.hibernate.engine.spi.ActionQueue.addAction(ActionQueue.java:322) ~[hibernate-core-7.2.12.Final.jar:7.2.12.Final]
	at org.hibernate.event.internal.AbstractSaveEventListener.addInsertAction(AbstractSaveEventListener.java:371) ~[hibernate-core-7.2.12.Final.jar:7.2.12.Final]
	at org.hibernate.event.internal.AbstractSaveEventListener.performSaveOrReplicate(AbstractSaveEventListener.java:285) ~[hibernate-core-7.2.12.Final.jar:7.2.12.Final]
	at org.hibernate.event.internal.AbstractSaveEventListener.performSave(AbstractSaveEventListener.java:215) ~[hibernate-core-7.2.12.Final.jar:7.2.12.Final]
	at org.hibernate.event.internal.AbstractSaveEventListener.saveWithGeneratedId(AbstractSaveEventListener.java:133) ~[hibernate-core-7.2.12.Final.jar:7.2.12.Final]
	at org.hibernate.event.internal.DefaultPersistEventListener.entityIsTransient(DefaultPersistEventListener.java:144) ~[hibernate-core-7.2.12.Final.jar:7.2.12.Final]
	at org.hibernate.event.internal.DefaultPersistEventListener.persist(DefaultPersistEventListener.java:90) ~[hibernate-core-7.2.12.Final.jar:7.2.12.Final]
	at org.hibernate.event.internal.DefaultPersistEventListener.onPersist(DefaultPersistEventListener.java:74) ~[hibernate-core-7.2.12.Final.jar:7.2.12.Final]
	at org.hibernate.event.internal.DefaultPersistEventListener.onPersist(DefaultPersistEventListener.java:50) ~[hibernate-core-7.2.12.Final.jar:7.2.12.Final]
	at org.hibernate.event.service.internal.EventListenerGroupImpl.fireEventOnEachListener(EventListenerGroupImpl.java:138) ~[hibernate-core-7.2.12.Final.jar:7.2.12.Final]
	at org.hibernate.internal.SessionImpl.firePersist(SessionImpl.java:692) ~[hibernate-core-7.2.12.Final.jar:7.2.12.Final]
	at org.hibernate.internal.SessionImpl.persist(SessionImpl.java:675) ~[hibernate-core-7.2.12.Final.jar:7.2.12.Final]
	at java.base/jdk.internal.reflect.DirectMethodHandleAccessor.invoke(DirectMethodHandleAccessor.java:104) ~[na:na]
	at java.base/java.lang.reflect.Method.invoke(Method.java:565) ~[na:na]
	at org.springframework.orm.jpa.SharedEntityManagerCreator$SharedEntityHandlerInvocationHandler.invokeMethod(SharedEntityManagerCreator.java:240) ~[spring-orm-7.0.7.jar:7.0.7]
	at org.springframework.orm.jpa.SharedEntityManagerCreator$SharedEntityManagerInvocationHandler.invoke(SharedEntityManagerCreator.java:386) ~[spring-orm-7.0.7.jar:7.0.7]
	at jdk.proxy9/jdk.proxy9.$Proxy227.persist(Unknown Source) ~[na:na]
	at org.springframework.data.jpa.repository.support.SimpleJpaRepository.save(SimpleJpaRepository.java:664) ~[spring-data-jpa-4.0.5.jar:4.0.5]
	at java.base/jdk.internal.reflect.DirectMethodHandleAccessor.invoke(DirectMethodHandleAccessor.java:104) ~[na:na]
	at java.base/java.lang.reflect.Method.invoke(Method.java:565) ~[na:na]
	at org.springframework.aop.support.AopUtils.invokeJoinpointUsingReflection(AopUtils.java:359) ~[spring-aop-7.0.7.jar:7.0.7]
	at org.springframework.data.repository.core.support.RepositoryMethodInvoker$RepositoryFragmentMethodInvoker.lambda$new$0(RepositoryMethodInvoker.java:278) ~[spring-data-commons-4.0.5.jar:4.0.5]
	at org.springframework.data.repository.core.support.RepositoryMethodInvoker.doInvoke(RepositoryMethodInvoker.java:169) ~[spring-data-commons-4.0.5.jar:4.0.5]
	at org.springframework.data.repository.core.support.RepositoryMethodInvoker.invoke(RepositoryMethodInvoker.java:158) ~[spring-data-commons-4.0.5.jar:4.0.5]
	at org.springframework.data.repository.core.support.RepositoryComposition$RepositoryFragments.invoke(RepositoryComposition.java:545) ~[spring-data-commons-4.0.5.jar:4.0.5]
	at org.springframework.data.repository.core.support.RepositoryComposition.invoke(RepositoryComposition.java:290) ~[spring-data-commons-4.0.5.jar:4.0.5]
	at org.springframework.data.repository.core.support.RepositoryFactorySupport$ImplementationMethodExecutionInterceptor.invoke(RepositoryFactorySupport.java:690) ~[spring-data-commons-4.0.5.jar:4.0.5]
	at org.springframework.aop.framework.ReflectiveMethodInvocation.proceed(ReflectiveMethodInvocation.java:179) ~[spring-aop-7.0.7.jar:7.0.7]
	at org.springframework.data.repository.core.support.QueryExecutorMethodInterceptor.doInvoke(QueryExecutorMethodInterceptor.java:171) ~[spring-data-commons-4.0.5.jar:4.0.5]
	at org.springframework.data.repository.core.support.QueryExecutorMethodInterceptor.invoke(QueryExecutorMethodInterceptor.java:146) ~[spring-data-commons-4.0.5.jar:4.0.5]
	at org.springframework.aop.framework.ReflectiveMethodInvocation.proceed(ReflectiveMethodInvocation.java:179) ~[spring-aop-7.0.7.jar:7.0.7]
	at org.springframework.data.projection.DefaultMethodInvokingMethodInterceptor.invoke(DefaultMethodInvokingMethodInterceptor.java:69) ~[spring-data-commons-4.0.5.jar:4.0.5]
	at org.springframework.aop.framework.ReflectiveMethodInvocation.proceed(ReflectiveMethodInvocation.java:179) ~[spring-aop-7.0.7.jar:7.0.7]
	at org.springframework.transaction.interceptor.TransactionInterceptor$1.proceedWithInvocation(TransactionInterceptor.java:133) ~[spring-tx-7.0.7.jar:7.0.7]
	at org.springframework.transaction.interceptor.TransactionAspectSupport.invokeWithinTransaction(TransactionAspectSupport.java:371) ~[spring-tx-7.0.7.jar:7.0.7]
	at org.springframework.transaction.interceptor.TransactionInterceptor.invoke(TransactionInterceptor.java:130) ~[spring-tx-7.0.7.jar:7.0.7]
	at org.springframework.aop.framework.ReflectiveMethodInvocation.proceed(ReflectiveMethodInvocation.java:179) ~[spring-aop-7.0.7.jar:7.0.7]
	at org.springframework.dao.support.PersistenceExceptionTranslationInterceptor.invoke(PersistenceExceptionTranslationInterceptor.java:135) ~[spring-tx-7.0.7.jar:7.0.7]
	at org.springframework.aop.framework.ReflectiveMethodInvocation.proceed(ReflectiveMethodInvocation.java:179) ~[spring-aop-7.0.7.jar:7.0.7]
	at org.springframework.data.jpa.repository.support.CrudMethodMetadataPostProcessor$CrudMethodMetadataPopulatingMethodInterceptor.invoke(CrudMethodMetadataPostProcessor.java:166) ~[spring-data-jpa-4.0.5.jar:4.0.5]
	at org.springframework.aop.framework.ReflectiveMethodInvocation.proceed(ReflectiveMethodInvocation.java:179) ~[spring-aop-7.0.7.jar:7.0.7]
	at org.springframework.aop.framework.JdkDynamicAopProxy.invoke(JdkDynamicAopProxy.java:222) ~[spring-aop-7.0.7.jar:7.0.7]
	at jdk.proxy9/jdk.proxy9.$Proxy234.save(Unknown Source) ~[na:na]
	at com.example.eduadvisor2.controller.ScheduleEventController.create(ScheduleEventController.java:34) ~[classes/:na]
	at java.base/jdk.internal.reflect.DirectMethodHandleAccessor.invoke(DirectMethodHandleAccessor.java:104) ~[na:na]
	at java.base/java.lang.reflect.Method.invoke(Method.java:565) ~[na:na]
	at org.springframework.web.method.support.InvocableHandlerMethod.doInvoke(InvocableHandlerMethod.java:252) ~[spring-web-7.0.7.jar:7.0.7]
	at org.springframework.web.method.support.InvocableHandlerMethod.invokeForRequest(InvocableHandlerMethod.java:184) ~[spring-web-7.0.7.jar:7.0.7]
	at org.springframework.web.servlet.mvc.method.annotation.ServletInvocableHandlerMethod.invokeAndHandle(ServletInvocableHandlerMethod.java:117) ~[spring-webmvc-7.0.7.jar:7.0.7]
	at org.springframework.web.servlet.mvc.method.annotation.RequestMappingHandlerAdapter.invokeHandlerMethod(RequestMappingHandlerAdapter.java:934) ~[spring-webmvc-7.0.7.jar:7.0.7]
	at org.springframework.web.servlet.mvc.method.annotation.RequestMappingHandlerAdapter.handleInternal(RequestMappingHandlerAdapter.java:853) ~[spring-webmvc-7.0.7.jar:7.0.7]
	at org.springframework.web.servlet.mvc.method.AbstractHandlerMethodAdapter.handle(AbstractHandlerMethodAdapter.java:86) ~[spring-webmvc-7.0.7.jar:7.0.7]
	at org.springframework.web.servlet.DispatcherServlet.doDispatch(DispatcherServlet.java:963) ~[spring-webmvc-7.0.7.jar:7.0.7]
	at org.springframework.web.servlet.DispatcherServlet.doService(DispatcherServlet.java:866) ~[spring-webmvc-7.0.7.jar:7.0.7]
	at org.springframework.web.servlet.FrameworkServlet.processRequest(FrameworkServlet.java:1000) ~[spring-webmvc-7.0.7.jar:7.0.7]
	at org.springframework.web.servlet.FrameworkServlet.doPost(FrameworkServlet.java:903) ~[spring-webmvc-7.0.7.jar:7.0.7]
	at jakarta.servlet.http.HttpServlet.service(HttpServlet.java:649) ~[tomcat-embed-core-11.0.21.jar:6.1]
	at org.springframework.web.servlet.FrameworkServlet.service(FrameworkServlet.java:874) ~[spring-webmvc-7.0.7.jar:7.0.7]
	at jakarta.servlet.http.HttpServlet.service(HttpServlet.java:710) ~[tomcat-embed-core-11.0.21.jar:6.1]
	at org.apache.catalina.core.ApplicationFilterChain.doFilter(ApplicationFilterChain.java:128) ~[tomcat-embed-core-11.0.21.jar:11.0.21]
	at org.apache.tomcat.websocket.server.WsFilter.doFilter(WsFilter.java:53) ~[tomcat-embed-websocket-11.0.21.jar:11.0.21]
	at org.apache.catalina.core.ApplicationFilterChain.doFilter(ApplicationFilterChain.java:107) ~[tomcat-embed-core-11.0.21.jar:11.0.21]
	at org.springframework.web.filter.RequestContextFilter.doFilterInternal(RequestContextFilter.java:100) ~[spring-web-7.0.7.jar:7.0.7]
	at org.springframework.web.filter.OncePerRequestFilter.doFilter(OncePerRequestFilter.java:116) ~[spring-web-7.0.7.jar:7.0.7]
	at org.apache.catalina.core.ApplicationFilterChain.doFilter(ApplicationFilterChain.java:107) ~[tomcat-embed-core-11.0.21.jar:11.0.21]
	at org.springframework.web.filter.FormContentFilter.doFilterInternal(FormContentFilter.java:93) ~[spring-web-7.0.7.jar:7.0.7]
	at org.springframework.web.filter.OncePerRequestFilter.doFilter(OncePerRequestFilter.java:116) ~[spring-web-7.0.7.jar:7.0.7]
	at org.apache.catalina.core.ApplicationFilterChain.doFilter(ApplicationFilterChain.java:107) ~[tomcat-embed-core-11.0.21.jar:11.0.21]
	at org.springframework.web.filter.ServerHttpObservationFilter.doFilterInternal(ServerHttpObservationFilter.java:110) ~[spring-web-7.0.7.jar:7.0.7]
	at org.springframework.web.filter.OncePerRequestFilter.doFilter(OncePerRequestFilter.java:116) ~[spring-web-7.0.7.jar:7.0.7]
	at org.apache.catalina.core.ApplicationFilterChain.doFilter(ApplicationFilterChain.java:107) ~[tomcat-embed-core-11.0.21.jar:11.0.21]
	at org.springframework.web.filter.CharacterEncodingFilter.doFilterInternal(CharacterEncodingFilter.java:199) ~[spring-web-7.0.7.jar:7.0.7]
	at org.springframework.web.filter.OncePerRequestFilter.doFilter(OncePerRequestFilter.java:116) ~[spring-web-7.0.7.jar:7.0.7]
	at org.apache.catalina.core.ApplicationFilterChain.doFilter(ApplicationFilterChain.java:107) ~[tomcat-embed-core-11.0.21.jar:11.0.21]
	at org.apache.catalina.core.StandardWrapperValve.invoke(StandardWrapperValve.java:165) ~[tomcat-embed-core-11.0.21.jar:11.0.21]
	at org.apache.catalina.core.StandardContextValve.invoke(StandardContextValve.java:77) ~[tomcat-embed-core-11.0.21.jar:11.0.21]
	at org.apache.catalina.authenticator.AuthenticatorBase.invoke(AuthenticatorBase.java:492) ~[tomcat-embed-core-11.0.21.jar:11.0.21]
	at org.apache.catalina.core.StandardHostValve.invoke(StandardHostValve.java:113) ~[tomcat-embed-core-11.0.21.jar:11.0.21]
	at org.apache.catalina.valves.ErrorReportValve.invoke(ErrorReportValve.java:83) ~[tomcat-embed-core-11.0.21.jar:11.0.21]
	at org.apache.catalina.core.StandardEngineValve.invoke(StandardEngineValve.java:72) ~[tomcat-embed-core-11.0.21.jar:11.0.21]
	at org.apache.catalina.connector.CoyoteAdapter.service(CoyoteAdapter.java:341) ~[tomcat-embed-core-11.0.21.jar:11.0.21]
	at org.apache.coyote.http11.Http11Processor.service(Http11Processor.java:397) ~[tomcat-embed-core-11.0.21.jar:11.0.21]
	at org.apache.coyote.AbstractProcessorLight.process(AbstractProcessorLight.java:63) ~[tomcat-embed-core-11.0.21.jar:11.0.21]
	at org.apache.coyote.AbstractProtocol$ConnectionHandler.process(AbstractProtocol.java:903) ~[tomcat-embed-core-11.0.21.jar:11.0.21]
	at org.apache.tomcat.util.net.NioEndpoint$SocketProcessor.doRun(NioEndpoint.java:1801) ~[tomcat-embed-core-11.0.21.jar:11.0.21]
	at org.apache.tomcat.util.net.SocketProcessorBase.run(SocketProcessorBase.java:52) ~[tomcat-embed-core-11.0.21.jar:11.0.21]
	at org.apache.tomcat.util.threads.ThreadPoolExecutor.runWorker(ThreadPoolExecutor.java:946) ~[tomcat-embed-core-11.0.21.jar:11.0.21]
	at org.apache.tomcat.util.threads.ThreadPoolExecutor$Worker.run(ThreadPoolExecutor.java:480) ~[tomcat-embed-core-11.0.21.jar:11.0.21]
	at org.apache.tomcat.util.threads.TaskThread$WrappingRunnable.run(TaskThread.java:57) ~[tomcat-embed-core-11.0.21.jar:11.0.21]
	at java.base/java.lang.Thread.run(Thread.java:1474) ~[na:na]

2026-07-01T20:31:29.590+06:00  WARN 15424 --- [eduadvisor2] [l-6:housekeeper] com.zaxxer.hikari.pool.HikariPool        : HikariPool-6 - Thread starvation or clock leap detected (housekeeper delta=10m59s771ms293µs700ns).
2026-07-01T21:03:57.602+06:00  WARN 15424 --- [eduadvisor2] [l-6:housekeeper] com.zaxxer.hikari.pool.HikariPool        : HikariPool-6 - Thread starvation or clock leap detected (housekeeper delta=32m28s12ms237µs900ns).
Hibernate: 
    select
        t1_0.id,
        t1_0.coordinator,
        t1_0.department,
        t1_0.designation,
        t1_0.email,
        t1_0.name,
        t1_0.password,
        t1_0.photo,
        t1_0.photo_type,
        t1_0.teacher_id 
    from
        teachers t1_0 
    where
        t1_0.teacher_id=?
Hibernate: 
    select
        t1_0.id,
        t1_0.coordinator,
        t1_0.department,
        t1_0.designation,
        t1_0.email,
        t1_0.name,
        t1_0.password,
        t1_0.photo,
        t1_0.photo_type,
        t1_0.teacher_id 
    from
        teachers t1_0 
    where
        t1_0.teacher_id=?
Hibernate: 
    select
        c1_0.code,
        c1_0.category,
        c1_0.color,
        c1_0.credits,
        c1_0.days,
        c1_0.end_time,
        c1_0.instructor,
        c1_0.name,
        c1_0.room,
        c1_0.start_time,
        c1_0.teacher_id 
    from
        courses c1_0 
    where
        c1_0.instructor=?
Hibernate: 
    select
        e1_0.id,
        e1_0.course_id,
        e1_0.enrolled_at,
        e1_0.student_id 
    from
        enrollments e1_0 
    where
        e1_0.course_id=?
Hibernate: 
    select
        c1_0.code,
        c1_0.category,
        c1_0.color,
        c1_0.credits,
        c1_0.days,
        c1_0.end_time,
        c1_0.instructor,
        c1_0.name,
        c1_0.room,
        c1_0.start_time,
        c1_0.teacher_id 
    from
        courses c1_0 
    where
        c1_0.code=?
Hibernate: 
    select
        s1_0.id,
        s1_0.academic_year,
        s1_0.credits_completed,
        s1_0.email,
        s1_0.gpa,
        s1_0.name,
        s1_0.notif_email,
        s1_0.password,
        s1_0.program,
        s1_0.student_id 
    from
        students s1_0 
    where
        s1_0.student_id=?
Hibernate: 
    select
        s1_0.id,
        s1_0.academic_year,
        s1_0.credits_completed,
        s1_0.email,
        s1_0.gpa,
        s1_0.name,
        s1_0.notif_email,
        s1_0.password,
        s1_0.program,
        s1_0.student_id 
    from
        students s1_0 
    where
        s1_0.student_id=?
Hibernate: 
    select
        s1_0.id,
        s1_0.academic_year,
        s1_0.credits_completed,
        s1_0.email,
        s1_0.gpa,
        s1_0.name,
        s1_0.notif_email,
        s1_0.password,
        s1_0.program,
        s1_0.student_id 
    from
        students s1_0 
    where
        s1_0.student_id=?
Hibernate: 
    select
        s1_0.id,
        s1_0.academic_year,
        s1_0.credits_completed,
        s1_0.email,
        s1_0.gpa,
        s1_0.name,
        s1_0.notif_email,
        s1_0.password,
        s1_0.program,
        s1_0.student_id 
    from
        students s1_0 
    where
        s1_0.student_id=?
Hibernate: 
    select
        e1_0.id,
        e1_0.course_id,
        e1_0.enrolled_at,
        e1_0.student_id 
    from
        enrollments e1_0 
    where
        e1_0.course_id=?
Hibernate: 
    select
        c1_0.code,
        c1_0.category,
        c1_0.color,
        c1_0.credits,
        c1_0.days,
        c1_0.end_time,
        c1_0.instructor,
        c1_0.name,
        c1_0.room,
        c1_0.start_time,
        c1_0.teacher_id 
    from
        courses c1_0 
    where
        c1_0.code=?
Hibernate: 
    select
        s1_0.id,
        s1_0.academic_year,
        s1_0.credits_completed,
        s1_0.email,
        s1_0.gpa,
        s1_0.name,
        s1_0.notif_email,
        s1_0.password,
        s1_0.program,
        s1_0.student_id 
    from
        students s1_0 
    where
        s1_0.student_id=?
Hibernate: 
    select
        b1_0.id,
        b1_0.booked_at,
        b1_0.reason,
        b1_0.slot,
        b1_0.student_id,
        b1_0.teacher_name 
    from
        bookings b1_0 
    where
        b1_0.teacher_name=? 
    order by
        b1_0.booked_at desc
Hibernate: 
    select
        c1_0.code,
        c1_0.category,
        c1_0.color,
        c1_0.credits,
        c1_0.days,
        c1_0.end_time,
        c1_0.instructor,
        c1_0.name,
        c1_0.room,
        c1_0.start_time,
        c1_0.teacher_id 
    from
        courses c1_0 
    where
        c1_0.instructor=?
Hibernate: 
    select
        e1_0.id,
        e1_0.course_id,
        e1_0.enrolled_at,
        e1_0.student_id 
    from
        enrollments e1_0 
    where
        e1_0.course_id=?
Hibernate: 
    select
        t1_0.id,
        t1_0.coordinator,
        t1_0.department,
        t1_0.designation,
        t1_0.email,
        t1_0.name,
        t1_0.password,
        t1_0.photo,
        t1_0.photo_type,
        t1_0.teacher_id 
    from
        teachers t1_0 
    where
        t1_0.teacher_id=?
Hibernate: 
    select
        c1_0.code,
        c1_0.category,
        c1_0.color,
        c1_0.credits,
        c1_0.days,
        c1_0.end_time,
        c1_0.instructor,
        c1_0.name,
        c1_0.room,
        c1_0.start_time,
        c1_0.teacher_id 
    from
        courses c1_0 
    where
        c1_0.code=?
Hibernate: 
    select
        e1_0.id,
        e1_0.course_id,
        e1_0.enrolled_at,
        e1_0.student_id 
    from
        enrollments e1_0 
    where
        e1_0.course_id=?
Hibernate: 
    select
        c1_0.code,
        c1_0.category,
        c1_0.color,
        c1_0.credits,
        c1_0.days,
        c1_0.end_time,
        c1_0.instructor,
        c1_0.name,
        c1_0.room,
        c1_0.start_time,
        c1_0.teacher_id 
    from
        courses c1_0 
    where
        c1_0.code=?
Hibernate: 
    select
        as1_0.id,
        as1_0.assessment_type,
        as1_0.course_code,
        as1_0.course_name,
        as1_0.max_score,
        as1_0.notes,
        as1_0.recorded_at,
        as1_0.score,
        as1_0.student_id 
    from
        assessment_scores as1_0 
    where
        as1_0.student_id in (?, ?, ?, ?, ?)
Hibernate: 
    select
        d1_0.id,
        d1_0.answer,
        d1_0.answer_image_base64,
        d1_0.answer_image_type,
        d1_0.answered_at,
        d1_0.asked_at,
        d1_0.question,
        d1_0.question_image_base64,
        d1_0.question_image_type,
        d1_0.student_email,
        d1_0.student_id,
        d1_0.student_name,
        d1_0.teacher_id,
        d1_0.teacher_name 
    from
        discussions d1_0 
    where
        d1_0.teacher_id=? 
    order by
        d1_0.asked_at desc
Hibernate: 
    select
        c1_0.code,
        c1_0.category,
        c1_0.color,
        c1_0.credits,
        c1_0.days,
        c1_0.end_time,
        c1_0.instructor,
        c1_0.name,
        c1_0.room,
        c1_0.start_time,
        c1_0.teacher_id 
    from
        courses c1_0 
    where
        c1_0.instructor=?
Hibernate: 
    select
        e1_0.id,
        e1_0.course_id,
        e1_0.enrolled_at,
        e1_0.student_id 
    from
        enrollments e1_0 
    where
        e1_0.course_id=?
Hibernate: 
    select
        c1_0.code,
        c1_0.category,
        c1_0.color,
        c1_0.credits,
        c1_0.days,
        c1_0.end_time,
        c1_0.instructor,
        c1_0.name,
        c1_0.room,
        c1_0.start_time,
        c1_0.teacher_id 
    from
        courses c1_0 
    where
        c1_0.code=?
Hibernate: 
    select
        s1_0.id,
        s1_0.academic_year,
        s1_0.credits_completed,
        s1_0.email,
        s1_0.gpa,
        s1_0.name,
        s1_0.notif_email,
        s1_0.password,
        s1_0.program,
        s1_0.student_id 
    from
        students s1_0 
    where
        s1_0.student_id=?
Hibernate: 
    select
        s1_0.id,
        s1_0.academic_year,
        s1_0.credits_completed,
        s1_0.email,
        s1_0.gpa,
        s1_0.name,
        s1_0.notif_email,
        s1_0.password,
        s1_0.program,
        s1_0.student_id 
    from
        students s1_0 
    where
        s1_0.student_id=?
Hibernate: 
    select
        s1_0.id,
        s1_0.academic_year,
        s1_0.credits_completed,
        s1_0.email,
        s1_0.gpa,
        s1_0.name,
        s1_0.notif_email,
        s1_0.password,
        s1_0.program,
        s1_0.student_id 
    from
        students s1_0 
    where
        s1_0.student_id=?
Hibernate: 
    select
        s1_0.id,
        s1_0.academic_year,
        s1_0.credits_completed,
        s1_0.email,
        s1_0.gpa,
        s1_0.name,
        s1_0.notif_email,
        s1_0.password,
        s1_0.program,
        s1_0.student_id 
    from
        students s1_0 
    where
        s1_0.student_id=?
Hibernate: 
    select
        e1_0.id,
        e1_0.course_id,
        e1_0.enrolled_at,
        e1_0.student_id 
    from
        enrollments e1_0 
    where
        e1_0.course_id=?
Hibernate: 
    select
        c1_0.code,
        c1_0.category,
        c1_0.color,
        c1_0.credits,
        c1_0.days,
        c1_0.end_time,
        c1_0.instructor,
        c1_0.name,
        c1_0.room,
        c1_0.start_time,
        c1_0.teacher_id 
    from
        courses c1_0 
    where
        c1_0.code=?
Hibernate: 
    select
        s1_0.id,
        s1_0.academic_year,
        s1_0.credits_completed,
        s1_0.email,
        s1_0.gpa,
        s1_0.name,
        s1_0.notif_email,
        s1_0.password,
        s1_0.program,
        s1_0.student_id 
    from
        students s1_0 
    where
        s1_0.student_id=?
Hibernate: 
    select
        ep1_0.id,
        ep1_0.student_email,
        ep1_0.student_id,
        ep1_0.student_name,
        ep1_0.submitted_at,
        ep1_0.teacher_id,
        ep1_0.teacher_name,
        ep1_0.title,
        ep1_0.type 
    from
        exam_papers ep1_0 
    where
        ep1_0.teacher_id=? 
    order by
        ep1_0.submitted_at desc
2026-07-01T22:03:49.336+06:00  INFO 15424 --- [eduadvisor2] [   File Watcher] rtingClassPathChangeChangedEventListener : Restarting due to 1 class path change (0 additions, 0 deletions, 1 modification)
2026-07-01T22:03:49.369+06:00  INFO 15424 --- [eduadvisor2] [      Thread-22] o.s.boot.tomcat.GracefulShutdown         : Commencing graceful shutdown. Waiting for active requests to complete
2026-07-01T22:03:49.408+06:00  INFO 15424 --- [eduadvisor2] [tomcat-shutdown] o.s.boot.tomcat.GracefulShutdown         : Graceful shutdown complete
2026-07-01T22:03:49.467+06:00  INFO 15424 --- [eduadvisor2] [      Thread-22] j.LocalContainerEntityManagerFactoryBean : Closing JPA EntityManagerFactory for persistence unit 'default'
2026-07-01T22:03:49.485+06:00  INFO 15424 --- [eduadvisor2] [      Thread-22] com.zaxxer.hikari.HikariDataSource       : HikariPool-6 - Shutdown initiated...
2026-07-01T22:03:49.568+06:00  INFO 15424 --- [eduadvisor2] [      Thread-22] com.zaxxer.hikari.HikariDataSource       : HikariPool-6 - Shutdown completed.

  .   ____          _            __ _ _
 /\\ / ___'_ __ _ _(_)_ __  __ _ \ \ \ \
( ( )\___ | '_ | '_| | '_ \/ _` | \ \ \ \
 \\/  ___)| |_)| | | | | || (_| |  ) ) ) )
  '  |____| .__|_| |_|_| |_\__, | / / / /
 =========|_|==============|___/=/_/_/_/

 :: Spring Boot ::                (v4.0.6)

2026-07-01T22:03:50.240+06:00  INFO 15424 --- [eduadvisor2] [  restartedMain] c.e.eduadvisor2.Eduadvisor2Application   : Starting Eduadvisor2Application using Java 25.0.2 with PID 15424 (D:\OOp_EduAdvisor\eduadvisor2\target\classes started by Windows in D:\OOp_EduAdvisor\eduadvisor2)
2026-07-01T22:03:50.241+06:00  INFO 15424 --- [eduadvisor2] [  restartedMain] c.e.eduadvisor2.Eduadvisor2Application   : No active profile set, falling back to 1 default profile: "default"
2026-07-01T22:03:51.504+06:00  INFO 15424 --- [eduadvisor2] [  restartedMain] .s.d.r.c.RepositoryConfigurationDelegate : Bootstrapping Spring Data JPA repositories in DEFAULT mode.
2026-07-01T22:03:51.628+06:00  INFO 15424 --- [eduadvisor2] [  restartedMain] .s.d.r.c.RepositoryConfigurationDelegate : Finished Spring Data repository scanning in 113 ms. Found 13 JPA repository interfaces.
2026-07-01T22:03:52.229+06:00  INFO 15424 --- [eduadvisor2] [  restartedMain] o.s.boot.tomcat.TomcatWebServer          : Tomcat initialized with port 8081 (http)
2026-07-01T22:03:52.239+06:00  INFO 15424 --- [eduadvisor2] [  restartedMain] o.apache.catalina.core.StandardService   : Starting service [Tomcat]
2026-07-01T22:03:52.240+06:00  INFO 15424 --- [eduadvisor2] [  restartedMain] o.apache.catalina.core.StandardEngine    : Starting Servlet engine: [Apache Tomcat/11.0.21]
2026-07-01T22:03:52.344+06:00  INFO 15424 --- [eduadvisor2] [  restartedMain] b.w.c.s.WebApplicationContextInitializer : Root WebApplicationContext: initialization completed in 2088 ms
2026-07-01T22:03:52.699+06:00  INFO 15424 --- [eduadvisor2] [  restartedMain] org.hibernate.orm.jpa                    : HHH008540: Processing PersistenceUnitInfo [name: default]
2026-07-01T22:03:52.874+06:00  INFO 15424 --- [eduadvisor2] [  restartedMain] o.s.o.j.p.SpringPersistenceUnitInfo      : No LoadTimeWeaver setup: ignoring JPA class transformer
2026-07-01T22:03:52.882+06:00  INFO 15424 --- [eduadvisor2] [  restartedMain] com.zaxxer.hikari.HikariDataSource       : HikariPool-7 - Starting...
2026-07-01T22:03:52.985+06:00  INFO 15424 --- [eduadvisor2] [  restartedMain] com.zaxxer.hikari.pool.HikariPool        : HikariPool-7 - Added connection conn90: url=jdbc:h2:file:./data/studentadvicedb user=SA
2026-07-01T22:03:52.990+06:00  INFO 15424 --- [eduadvisor2] [  restartedMain] com.zaxxer.hikari.HikariDataSource       : HikariPool-7 - Start completed.
2026-07-01T22:03:52.994+06:00  INFO 15424 --- [eduadvisor2] [  restartedMain] org.hibernate.orm.connections.pooling    : HHH10001005: Database info:
	Database JDBC URL [jdbc:h2:file:./data/studentadvicedb]
	Database driver: H2 JDBC Driver
	Database dialect: H2Dialect
	Database version: 2.4.240
	Default catalog/schema: STUDENTADVICEDB/PUBLIC
	Autocommit mode: undefined/unknown
	Isolation level: READ_COMMITTED [default READ_COMMITTED]
	JDBC fetch size: 100
	Pool: DataSourceConnectionProvider
	Minimum pool size: undefined/unknown
	Maximum pool size: undefined/unknown
2026-07-01T22:03:53.936+06:00  INFO 15424 --- [eduadvisor2] [  restartedMain] org.hibernate.orm.core                   : HHH000489: No JTA platform available (set 'hibernate.transaction.jta.platform' to enable JTA platform integration)
Hibernate: 
    alter table if exists discussions 
       alter column answer set data type TEXT
Hibernate: 
    alter table if exists discussions 
       alter column answer_image_base64 set data type TEXT
Hibernate: 
    alter table if exists discussions 
       alter column question set data type TEXT
Hibernate: 
    alter table if exists discussions 
       alter column question_image_base64 set data type TEXT
Hibernate: 
    alter table if exists exam_paper_images 
       alter column image_base64 set data type TEXT
Hibernate: 
    alter table if exists lost_found_reports 
       alter column coordinator_note set data type TEXT
Hibernate: 
    alter table if exists lost_found_reports 
       alter column description set data type TEXT
Hibernate: 
    alter table if exists lost_found_reports 
       alter column image_base64 set data type TEXT
Hibernate: 
    alter table if exists schedule_events 
       add column notified boolean not null
2026-07-01T22:03:53.976+06:00  WARN 15424 --- [eduadvisor2] [  restartedMain] o.h.t.s.i.ExceptionHandlerLoggedImpl     : GenerationTarget encountered exception accepting command : Error executing DDL "
    alter table if exists schedule_events 
       add column notified boolean not null" via JDBC [NULL not allowed for column "NOTIFIED";]

org.hibernate.tool.schema.spi.CommandAcceptanceException: Error executing DDL "
    alter table if exists schedule_events 
       add column notified boolean not null" via JDBC [NULL not allowed for column "NOTIFIED";]
	at org.hibernate.tool.schema.internal.exec.GenerationTargetToDatabase.accept(GenerationTargetToDatabase.java:81) ~[hibernate-core-7.2.12.Final.jar:7.2.12.Final]
	at org.hibernate.tool.schema.internal.AbstractSchemaMigrator.applySqlString(AbstractSchemaMigrator.java:566) ~[hibernate-core-7.2.12.Final.jar:7.2.12.Final]
	at org.hibernate.tool.schema.internal.AbstractSchemaMigrator.applySqlStrings(AbstractSchemaMigrator.java:506) ~[hibernate-core-7.2.12.Final.jar:7.2.12.Final]
	at org.hibernate.tool.schema.internal.AbstractSchemaMigrator.migrateTable(AbstractSchemaMigrator.java:324) ~[hibernate-core-7.2.12.Final.jar:7.2.12.Final]
	at org.hibernate.tool.schema.internal.GroupedSchemaMigratorImpl.performTablesMigration(GroupedSchemaMigratorImpl.java:84) ~[hibernate-core-7.2.12.Final.jar:7.2.12.Final]
	at org.hibernate.tool.schema.internal.AbstractSchemaMigrator.performMigration(AbstractSchemaMigrator.java:220) ~[hibernate-core-7.2.12.Final.jar:7.2.12.Final]
	at org.hibernate.tool.schema.internal.AbstractSchemaMigrator.doMigration(AbstractSchemaMigrator.java:96) ~[hibernate-core-7.2.12.Final.jar:7.2.12.Final]
	at org.hibernate.tool.schema.spi.SchemaManagementToolCoordinator.performDatabaseAction(SchemaManagementToolCoordinator.java:269) ~[hibernate-core-7.2.12.Final.jar:7.2.12.Final]
	at org.hibernate.tool.schema.spi.SchemaManagementToolCoordinator.lambda$process$1(SchemaManagementToolCoordinator.java:101) ~[hibernate-core-7.2.12.Final.jar:7.2.12.Final]
	at java.base/java.util.HashMap.forEach(HashMap.java:1430) ~[na:na]
	at org.hibernate.tool.schema.spi.SchemaManagementToolCoordinator.process(SchemaManagementToolCoordinator.java:100) ~[hibernate-core-7.2.12.Final.jar:7.2.12.Final]
	at org.hibernate.boot.internal.SessionFactoryObserverForSchemaExport.sessionFactoryCreated(SessionFactoryObserverForSchemaExport.java:35) ~[hibernate-core-7.2.12.Final.jar:7.2.12.Final]
	at org.hibernate.internal.SessionFactoryObserverChain.sessionFactoryCreated(SessionFactoryObserverChain.java:33) ~[hibernate-core-7.2.12.Final.jar:7.2.12.Final]
	at org.hibernate.internal.SessionFactoryImpl.<init>(SessionFactoryImpl.java:323) ~[hibernate-core-7.2.12.Final.jar:7.2.12.Final]
	at org.hibernate.internal.SessionFactoryRegistry.instantiateSessionFactory(SessionFactoryRegistry.java:64) ~[hibernate-core-7.2.12.Final.jar:7.2.12.Final]
	at org.hibernate.boot.internal.SessionFactoryBuilderImpl.build(SessionFactoryBuilderImpl.java:437) ~[hibernate-core-7.2.12.Final.jar:7.2.12.Final]
	at org.hibernate.jpa.boot.internal.EntityManagerFactoryBuilderImpl.build(EntityManagerFactoryBuilderImpl.java:1456) ~[hibernate-core-7.2.12.Final.jar:7.2.12.Final]
	at org.springframework.orm.jpa.vendor.SpringHibernateJpaPersistenceProvider.createContainerEntityManagerFactory(SpringHibernateJpaPersistenceProvider.java:93) ~[spring-orm-7.0.7.jar:7.0.7]
	at org.springframework.orm.jpa.LocalContainerEntityManagerFactoryBean.createNativeEntityManagerFactory(LocalContainerEntityManagerFactoryBean.java:443) ~[spring-orm-7.0.7.jar:7.0.7]
	at org.springframework.orm.jpa.AbstractEntityManagerFactoryBean.buildNativeEntityManagerFactory(AbstractEntityManagerFactoryBean.java:436) ~[spring-orm-7.0.7.jar:7.0.7]
	at org.springframework.orm.jpa.AbstractEntityManagerFactoryBean.afterPropertiesSet(AbstractEntityManagerFactoryBean.java:411) ~[spring-orm-7.0.7.jar:7.0.7]
	at org.springframework.orm.jpa.LocalContainerEntityManagerFactoryBean.afterPropertiesSet(LocalContainerEntityManagerFactoryBean.java:419) ~[spring-orm-7.0.7.jar:7.0.7]
	at org.springframework.beans.factory.support.AbstractAutowireCapableBeanFactory.invokeInitMethods(AbstractAutowireCapableBeanFactory.java:1864) ~[spring-beans-7.0.7.jar:7.0.7]
	at org.springframework.beans.factory.support.AbstractAutowireCapableBeanFactory.initializeBean(AbstractAutowireCapableBeanFactory.java:1813) ~[spring-beans-7.0.7.jar:7.0.7]
	at org.springframework.beans.factory.support.AbstractAutowireCapableBeanFactory.doCreateBean(AbstractAutowireCapableBeanFactory.java:603) ~[spring-beans-7.0.7.jar:7.0.7]
	at org.springframework.beans.factory.support.AbstractAutowireCapableBeanFactory.createBean(AbstractAutowireCapableBeanFactory.java:525) ~[spring-beans-7.0.7.jar:7.0.7]
	at org.springframework.beans.factory.support.AbstractBeanFactory.lambda$doGetBean$0(AbstractBeanFactory.java:333) ~[spring-beans-7.0.7.jar:7.0.7]
	at org.springframework.beans.factory.support.DefaultSingletonBeanRegistry.getSingleton(DefaultSingletonBeanRegistry.java:371) ~[spring-beans-7.0.7.jar:7.0.7]
	at org.springframework.beans.factory.support.AbstractBeanFactory.doGetBean(AbstractBeanFactory.java:331) ~[spring-beans-7.0.7.jar:7.0.7]
	at org.springframework.beans.factory.support.AbstractBeanFactory.getBean(AbstractBeanFactory.java:201) ~[spring-beans-7.0.7.jar:7.0.7]
	at org.springframework.context.support.AbstractApplicationContext.finishBeanFactoryInitialization(AbstractApplicationContext.java:977) ~[spring-context-7.0.7.jar:7.0.7]
	at org.springframework.context.support.AbstractApplicationContext.refresh(AbstractApplicationContext.java:621) ~[spring-context-7.0.7.jar:7.0.7]
	at org.springframework.boot.web.server.servlet.context.ServletWebServerApplicationContext.refresh(ServletWebServerApplicationContext.java:143) ~[spring-boot-web-server-4.0.6.jar:4.0.6]
	at org.springframework.boot.SpringApplication.refresh(SpringApplication.java:756) ~[spring-boot-4.0.6.jar:4.0.6]
	at org.springframework.boot.SpringApplication.refreshContext(SpringApplication.java:445) ~[spring-boot-4.0.6.jar:4.0.6]
	at org.springframework.boot.SpringApplication.run(SpringApplication.java:321) ~[spring-boot-4.0.6.jar:4.0.6]
	at org.springframework.boot.SpringApplication.run(SpringApplication.java:1365) ~[spring-boot-4.0.6.jar:4.0.6]
	at org.springframework.boot.SpringApplication.run(SpringApplication.java:1354) ~[spring-boot-4.0.6.jar:4.0.6]
	at com.example.eduadvisor2.Eduadvisor2Application.main(Eduadvisor2Application.java:12) ~[classes/:na]
	at java.base/jdk.internal.reflect.DirectMethodHandleAccessor.invoke(DirectMethodHandleAccessor.java:104) ~[na:na]
	at java.base/java.lang.reflect.Method.invoke(Method.java:565) ~[na:na]
	at org.springframework.boot.devtools.restart.RestartLauncher.run(RestartLauncher.java:52) ~[spring-boot-devtools-4.0.6.jar:4.0.6]
Caused by: org.h2.jdbc.JdbcSQLIntegrityConstraintViolationException: NULL not allowed for column "NOTIFIED"; SQL statement:
INSERT INTO "PUBLIC"."SCHEDULE_EVENTS_COPY_3_0"("ID", "CREATED_AT", "DATE", "STUDENT_ID", "TIME", "TITLE", "TYPE") OVERRIDING SYSTEM VALUE SELECT "ID", "CREATED_AT", "DATE", "STUDENT_ID", "TIME", "TITLE", "TYPE" FROM "PUBLIC"."SCHEDULE_EVENTS" [23502-240]
	at org.h2.message.DbException.getJdbcSQLException(DbException.java:520) ~[h2-2.4.240.jar:2.4.240]
	at org.h2.message.DbException.getJdbcSQLException(DbException.java:489) ~[h2-2.4.240.jar:2.4.240]
	at org.h2.message.DbException.get(DbException.java:223) ~[h2-2.4.240.jar:2.4.240]
	at org.h2.message.DbException.get(DbException.java:199) ~[h2-2.4.240.jar:2.4.240]
	at org.h2.table.Column.validateConvertUpdateSequence(Column.java:406) ~[h2-2.4.240.jar:2.4.240]
	at org.h2.table.Table.convertInsertRow(Table.java:948) ~[h2-2.4.240.jar:2.4.240]
	at org.h2.command.dml.Insert.addRow(Insert.java:229) ~[h2-2.4.240.jar:2.4.240]
	at org.h2.command.dml.Insert.insertRows(Insert.java:203) ~[h2-2.4.240.jar:2.4.240]
	at org.h2.command.dml.Insert.update(Insert.java:135) ~[h2-2.4.240.jar:2.4.240]
	at org.h2.command.dml.DataChangeStatement.update(DataChangeStatement.java:77) ~[h2-2.4.240.jar:2.4.240]
	at org.h2.command.CommandContainer.update(CommandContainer.java:139) ~[h2-2.4.240.jar:2.4.240]
	at org.h2.command.Command.executeUpdate(Command.java:306) ~[h2-2.4.240.jar:2.4.240]
	at org.h2.command.Command.executeUpdate(Command.java:250) ~[h2-2.4.240.jar:2.4.240]
	at org.h2.command.ddl.AlterTableAlterColumn.execute(AlterTableAlterColumn.java:648) ~[h2-2.4.240.jar:2.4.240]
	at org.h2.command.ddl.AlterTableAlterColumn.cloneTableStructure(AlterTableAlterColumn.java:560) ~[h2-2.4.240.jar:2.4.240]
	at org.h2.command.ddl.AlterTableAlterColumn.copyData(AlterTableAlterColumn.java:343) ~[h2-2.4.240.jar:2.4.240]
	at org.h2.command.ddl.AlterTableAlterColumn.update(AlterTableAlterColumn.java:244) ~[h2-2.4.240.jar:2.4.240]
	at org.h2.command.CommandContainer.update(CommandContainer.java:139) ~[h2-2.4.240.jar:2.4.240]
	at org.h2.command.Command.executeUpdate(Command.java:306) ~[h2-2.4.240.jar:2.4.240]
	at org.h2.command.Command.executeUpdate(Command.java:250) ~[h2-2.4.240.jar:2.4.240]
	at org.h2.jdbc.JdbcStatement.executeInternal(JdbcStatement.java:262) ~[h2-2.4.240.jar:2.4.240]
	at org.h2.jdbc.JdbcStatement.execute(JdbcStatement.java:231) ~[h2-2.4.240.jar:2.4.240]
	at com.zaxxer.hikari.pool.ProxyStatement.execute(ProxyStatement.java:95) ~[HikariCP-7.0.2.jar:na]
	at com.zaxxer.hikari.pool.HikariProxyStatement.execute(HikariProxyStatement.java) ~[HikariCP-7.0.2.jar:na]
	at org.hibernate.tool.schema.internal.exec.GenerationTargetToDatabase.accept(GenerationTargetToDatabase.java:76) ~[hibernate-core-7.2.12.Final.jar:7.2.12.Final]
	... 41 common frames omitted

2026-07-01T22:03:53.995+06:00  INFO 15424 --- [eduadvisor2] [  restartedMain] j.LocalContainerEntityManagerFactoryBean : Initialized JPA EntityManagerFactory for persistence unit 'default'
2026-07-01T22:03:54.947+06:00  INFO 15424 --- [eduadvisor2] [  restartedMain] o.s.b.w.a.WelcomePageHandlerMapping      : Adding welcome page template: index
2026-07-01T22:03:55.724+06:00  INFO 15424 --- [eduadvisor2] [  restartedMain] o.s.b.a.e.web.EndpointLinksResolver      : Exposing 1 endpoint beneath base path '/actuator'
2026-07-01T22:03:55.890+06:00  INFO 15424 --- [eduadvisor2] [  restartedMain] o.s.boot.tomcat.TomcatWebServer          : Tomcat started on port 8081 (http) with context path '/'
2026-07-01T22:03:55.904+06:00  INFO 15424 --- [eduadvisor2] [  restartedMain] c.e.eduadvisor2.Eduadvisor2Application   : Started Eduadvisor2Application in 5.794 seconds (process running for 9427.179)
Hibernate: 
    select
        count(*) 
    from
        students s1_0
Hibernate: 
    select
        count(*) 
    from
        teachers t1_0
Hibernate: 
    select
        count(*) 
    from
        courses c1_0
Hibernate: 
    select
        count(*) 
    from
        enrollments e1_0
Hibernate: 
    select
        t1_0.id,
        t1_0.coordinator,
        t1_0.department,
        t1_0.designation,
        t1_0.email,
        t1_0.name,
        t1_0.password,
        t1_0.photo,
        t1_0.photo_type,
        t1_0.teacher_id 
    from
        teachers t1_0 
    where
        t1_0.teacher_id=?
Hibernate: 
    select
        t1_0.id,
        t1_0.coordinator,
        t1_0.department,
        t1_0.designation,
        t1_0.email,
        t1_0.name,
        t1_0.password,
        t1_0.photo,
        t1_0.photo_type,
        t1_0.teacher_id 
    from
        teachers t1_0 
    where
        t1_0.teacher_id=?
Hibernate: 
    select
        t1_0.id,
        t1_0.coordinator,
        t1_0.department,
        t1_0.designation,
        t1_0.email,
        t1_0.name,
        t1_0.password,
        t1_0.photo,
        t1_0.photo_type,
        t1_0.teacher_id 
    from
        teachers t1_0 
    where
        t1_0.teacher_id=?
2026-07-01T22:03:57.198+06:00  INFO 15424 --- [eduadvisor2] [  restartedMain] .ConditionEvaluationDeltaLoggingListener : Condition evaluation unchanged
2026-07-01T22:04:00.849+06:00  INFO 15424 --- [eduadvisor2] [   File Watcher] rtingClassPathChangeChangedEventListener : Restarting due to 7 class path changes (0 additions, 0 deletions, 7 modifications)
2026-07-01T22:04:00.883+06:00  INFO 15424 --- [eduadvisor2] [      Thread-26] o.s.boot.tomcat.GracefulShutdown         : Commencing graceful shutdown. Waiting for active requests to complete
2026-07-01T22:04:00.923+06:00  INFO 15424 --- [eduadvisor2] [tomcat-shutdown] o.s.boot.tomcat.GracefulShutdown         : Graceful shutdown complete
2026-07-01T22:04:00.931+06:00  INFO 15424 --- [eduadvisor2] [      Thread-26] j.LocalContainerEntityManagerFactoryBean : Closing JPA EntityManagerFactory for persistence unit 'default'
2026-07-01T22:04:00.934+06:00  INFO 15424 --- [eduadvisor2] [      Thread-26] com.zaxxer.hikari.HikariDataSource       : HikariPool-7 - Shutdown initiated...
2026-07-01T22:04:00.972+06:00  INFO 15424 --- [eduadvisor2] [      Thread-26] com.zaxxer.hikari.HikariDataSource       : HikariPool-7 - Shutdown completed.

  .   ____          _            __ _ _
 /\\ / ___'_ __ _ _(_)_ __  __ _ \ \ \ \
( ( )\___ | '_ | '_| | '_ \/ _` | \ \ \ \
 \\/  ___)| |_)| | | | | || (_| |  ) ) ) )
  '  |____| .__|_| |_|_| |_\__, | / / / /
 =========|_|==============|___/=/_/_/_/

 :: Spring Boot ::                (v4.0.6)

2026-07-01T22:04:01.236+06:00  INFO 15424 --- [eduadvisor2] [  restartedMain] c.e.eduadvisor2.Eduadvisor2Application   : Starting Eduadvisor2Application using Java 25.0.2 with PID 15424 (D:\OOp_EduAdvisor\eduadvisor2\target\classes started by Windows in D:\OOp_EduAdvisor\eduadvisor2)
2026-07-01T22:04:01.237+06:00  INFO 15424 --- [eduadvisor2] [  restartedMain] c.e.eduadvisor2.Eduadvisor2Application   : No active profile set, falling back to 1 default profile: "default"
2026-07-01T22:04:01.974+06:00  INFO 15424 --- [eduadvisor2] [  restartedMain] .s.d.r.c.RepositoryConfigurationDelegate : Bootstrapping Spring Data JPA repositories in DEFAULT mode.
2026-07-01T22:04:02.070+06:00  INFO 15424 --- [eduadvisor2] [  restartedMain] .s.d.r.c.RepositoryConfigurationDelegate : Finished Spring Data repository scanning in 89 ms. Found 13 JPA repository interfaces.
2026-07-01T22:04:02.464+06:00  INFO 15424 --- [eduadvisor2] [  restartedMain] o.s.boot.tomcat.TomcatWebServer          : Tomcat initialized with port 8081 (http)
2026-07-01T22:04:02.467+06:00  INFO 15424 --- [eduadvisor2] [  restartedMain] o.apache.catalina.core.StandardService   : Starting service [Tomcat]
2026-07-01T22:04:02.468+06:00  INFO 15424 --- [eduadvisor2] [  restartedMain] o.apache.catalina.core.StandardEngine    : Starting Servlet engine: [Apache Tomcat/11.0.21]
2026-07-01T22:04:02.549+06:00  INFO 15424 --- [eduadvisor2] [  restartedMain] b.w.c.s.WebApplicationContextInitializer : Root WebApplicationContext: initialization completed in 1306 ms
2026-07-01T22:04:02.711+06:00  INFO 15424 --- [eduadvisor2] [  restartedMain] org.hibernate.orm.jpa                    : HHH008540: Processing PersistenceUnitInfo [name: default]
2026-07-01T22:04:02.808+06:00  INFO 15424 --- [eduadvisor2] [  restartedMain] o.s.o.j.p.SpringPersistenceUnitInfo      : No LoadTimeWeaver setup: ignoring JPA class transformer
2026-07-01T22:04:02.812+06:00  INFO 15424 --- [eduadvisor2] [  restartedMain] com.zaxxer.hikari.HikariDataSource       : HikariPool-8 - Starting...
2026-07-01T22:04:02.867+06:00  INFO 15424 --- [eduadvisor2] [  restartedMain] com.zaxxer.hikari.pool.HikariPool        : HikariPool-8 - Added connection conn100: url=jdbc:h2:file:./data/studentadvicedb user=SA
2026-07-01T22:04:02.869+06:00  INFO 15424 --- [eduadvisor2] [  restartedMain] com.zaxxer.hikari.HikariDataSource       : HikariPool-8 - Start completed.
2026-07-01T22:04:02.871+06:00  INFO 15424 --- [eduadvisor2] [  restartedMain] org.hibernate.orm.connections.pooling    : HHH10001005: Database info:
	Database JDBC URL [jdbc:h2:file:./data/studentadvicedb]
	Database driver: H2 JDBC Driver
	Database dialect: H2Dialect
	Database version: 2.4.240
	Default catalog/schema: STUDENTADVICEDB/PUBLIC
	Autocommit mode: undefined/unknown
	Isolation level: READ_COMMITTED [default READ_COMMITTED]
	JDBC fetch size: 100
	Pool: DataSourceConnectionProvider
	Minimum pool size: undefined/unknown
	Maximum pool size: undefined/unknown
2026-07-01T22:04:03.568+06:00  INFO 15424 --- [eduadvisor2] [  restartedMain] org.hibernate.orm.core                   : HHH000489: No JTA platform available (set 'hibernate.transaction.jta.platform' to enable JTA platform integration)
Hibernate: 
    alter table if exists discussions 
       alter column answer set data type TEXT
Hibernate: 
    alter table if exists discussions 
       alter column answer_image_base64 set data type TEXT
Hibernate: 
    alter table if exists discussions 
       alter column question set data type TEXT
Hibernate: 
    alter table if exists discussions 
       alter column question_image_base64 set data type TEXT
Hibernate: 
    alter table if exists exam_paper_images 
       alter column image_base64 set data type TEXT
Hibernate: 
    alter table if exists lost_found_reports 
       alter column coordinator_note set data type TEXT
Hibernate: 
    alter table if exists lost_found_reports 
       alter column description set data type TEXT
Hibernate: 
    alter table if exists lost_found_reports 
       alter column image_base64 set data type TEXT
Hibernate: 
    alter table if exists schedule_events 
       add column notified boolean not null
2026-07-01T22:04:03.602+06:00  WARN 15424 --- [eduadvisor2] [  restartedMain] o.h.t.s.i.ExceptionHandlerLoggedImpl     : GenerationTarget encountered exception accepting command : Error executing DDL "
    alter table if exists schedule_events 
       add column notified boolean not null" via JDBC [NULL not allowed for column "NOTIFIED";]

org.hibernate.tool.schema.spi.CommandAcceptanceException: Error executing DDL "
    alter table if exists schedule_events 
       add column notified boolean not null" via JDBC [NULL not allowed for column "NOTIFIED";]
	at org.hibernate.tool.schema.internal.exec.GenerationTargetToDatabase.accept(GenerationTargetToDatabase.java:81) ~[hibernate-core-7.2.12.Final.jar:7.2.12.Final]
	at org.hibernate.tool.schema.internal.AbstractSchemaMigrator.applySqlString(AbstractSchemaMigrator.java:566) ~[hibernate-core-7.2.12.Final.jar:7.2.12.Final]
	at org.hibernate.tool.schema.internal.AbstractSchemaMigrator.applySqlStrings(AbstractSchemaMigrator.java:506) ~[hibernate-core-7.2.12.Final.jar:7.2.12.Final]
	at org.hibernate.tool.schema.internal.AbstractSchemaMigrator.migrateTable(AbstractSchemaMigrator.java:324) ~[hibernate-core-7.2.12.Final.jar:7.2.12.Final]
	at org.hibernate.tool.schema.internal.GroupedSchemaMigratorImpl.performTablesMigration(GroupedSchemaMigratorImpl.java:84) ~[hibernate-core-7.2.12.Final.jar:7.2.12.Final]
	at org.hibernate.tool.schema.internal.AbstractSchemaMigrator.performMigration(AbstractSchemaMigrator.java:220) ~[hibernate-core-7.2.12.Final.jar:7.2.12.Final]
	at org.hibernate.tool.schema.internal.AbstractSchemaMigrator.doMigration(AbstractSchemaMigrator.java:96) ~[hibernate-core-7.2.12.Final.jar:7.2.12.Final]
	at org.hibernate.tool.schema.spi.SchemaManagementToolCoordinator.performDatabaseAction(SchemaManagementToolCoordinator.java:269) ~[hibernate-core-7.2.12.Final.jar:7.2.12.Final]
	at org.hibernate.tool.schema.spi.SchemaManagementToolCoordinator.lambda$process$1(SchemaManagementToolCoordinator.java:101) ~[hibernate-core-7.2.12.Final.jar:7.2.12.Final]
	at java.base/java.util.HashMap.forEach(HashMap.java:1430) ~[na:na]
	at org.hibernate.tool.schema.spi.SchemaManagementToolCoordinator.process(SchemaManagementToolCoordinator.java:100) ~[hibernate-core-7.2.12.Final.jar:7.2.12.Final]
	at org.hibernate.boot.internal.SessionFactoryObserverForSchemaExport.sessionFactoryCreated(SessionFactoryObserverForSchemaExport.java:35) ~[hibernate-core-7.2.12.Final.jar:7.2.12.Final]
	at org.hibernate.internal.SessionFactoryObserverChain.sessionFactoryCreated(SessionFactoryObserverChain.java:33) ~[hibernate-core-7.2.12.Final.jar:7.2.12.Final]
	at org.hibernate.internal.SessionFactoryImpl.<init>(SessionFactoryImpl.java:323) ~[hibernate-core-7.2.12.Final.jar:7.2.12.Final]
	at org.hibernate.internal.SessionFactoryRegistry.instantiateSessionFactory(SessionFactoryRegistry.java:64) ~[hibernate-core-7.2.12.Final.jar:7.2.12.Final]
	at org.hibernate.boot.internal.SessionFactoryBuilderImpl.build(SessionFactoryBuilderImpl.java:437) ~[hibernate-core-7.2.12.Final.jar:7.2.12.Final]
	at org.hibernate.jpa.boot.internal.EntityManagerFactoryBuilderImpl.build(EntityManagerFactoryBuilderImpl.java:1456) ~[hibernate-core-7.2.12.Final.jar:7.2.12.Final]
	at org.springframework.orm.jpa.vendor.SpringHibernateJpaPersistenceProvider.createContainerEntityManagerFactory(SpringHibernateJpaPersistenceProvider.java:93) ~[spring-orm-7.0.7.jar:7.0.7]
	at org.springframework.orm.jpa.LocalContainerEntityManagerFactoryBean.createNativeEntityManagerFactory(LocalContainerEntityManagerFactoryBean.java:443) ~[spring-orm-7.0.7.jar:7.0.7]
	at org.springframework.orm.jpa.AbstractEntityManagerFactoryBean.buildNativeEntityManagerFactory(AbstractEntityManagerFactoryBean.java:436) ~[spring-orm-7.0.7.jar:7.0.7]
	at org.springframework.orm.jpa.AbstractEntityManagerFactoryBean.afterPropertiesSet(AbstractEntityManagerFactoryBean.java:411) ~[spring-orm-7.0.7.jar:7.0.7]
	at org.springframework.orm.jpa.LocalContainerEntityManagerFactoryBean.afterPropertiesSet(LocalContainerEntityManagerFactoryBean.java:419) ~[spring-orm-7.0.7.jar:7.0.7]
	at org.springframework.beans.factory.support.AbstractAutowireCapableBeanFactory.invokeInitMethods(AbstractAutowireCapableBeanFactory.java:1864) ~[spring-beans-7.0.7.jar:7.0.7]
	at org.springframework.beans.factory.support.AbstractAutowireCapableBeanFactory.initializeBean(AbstractAutowireCapableBeanFactory.java:1813) ~[spring-beans-7.0.7.jar:7.0.7]
	at org.springframework.beans.factory.support.AbstractAutowireCapableBeanFactory.doCreateBean(AbstractAutowireCapableBeanFactory.java:603) ~[spring-beans-7.0.7.jar:7.0.7]
	at org.springframework.beans.factory.support.AbstractAutowireCapableBeanFactory.createBean(AbstractAutowireCapableBeanFactory.java:525) ~[spring-beans-7.0.7.jar:7.0.7]
	at org.springframework.beans.factory.support.AbstractBeanFactory.lambda$doGetBean$0(AbstractBeanFactory.java:333) ~[spring-beans-7.0.7.jar:7.0.7]
	at org.springframework.beans.factory.support.DefaultSingletonBeanRegistry.getSingleton(DefaultSingletonBeanRegistry.java:371) ~[spring-beans-7.0.7.jar:7.0.7]
	at org.springframework.beans.factory.support.AbstractBeanFactory.doGetBean(AbstractBeanFactory.java:331) ~[spring-beans-7.0.7.jar:7.0.7]
	at org.springframework.beans.factory.support.AbstractBeanFactory.getBean(AbstractBeanFactory.java:201) ~[spring-beans-7.0.7.jar:7.0.7]
	at org.springframework.context.support.AbstractApplicationContext.finishBeanFactoryInitialization(AbstractApplicationContext.java:977) ~[spring-context-7.0.7.jar:7.0.7]
	at org.springframework.context.support.AbstractApplicationContext.refresh(AbstractApplicationContext.java:621) ~[spring-context-7.0.7.jar:7.0.7]
	at org.springframework.boot.web.server.servlet.context.ServletWebServerApplicationContext.refresh(ServletWebServerApplicationContext.java:143) ~[spring-boot-web-server-4.0.6.jar:4.0.6]
	at org.springframework.boot.SpringApplication.refresh(SpringApplication.java:756) ~[spring-boot-4.0.6.jar:4.0.6]
	at org.springframework.boot.SpringApplication.refreshContext(SpringApplication.java:445) ~[spring-boot-4.0.6.jar:4.0.6]
	at org.springframework.boot.SpringApplication.run(SpringApplication.java:321) ~[spring-boot-4.0.6.jar:4.0.6]
	at org.springframework.boot.SpringApplication.run(SpringApplication.java:1365) ~[spring-boot-4.0.6.jar:4.0.6]
	at org.springframework.boot.SpringApplication.run(SpringApplication.java:1354) ~[spring-boot-4.0.6.jar:4.0.6]
	at com.example.eduadvisor2.Eduadvisor2Application.main(Eduadvisor2Application.java:12) ~[classes/:na]
	at java.base/jdk.internal.reflect.DirectMethodHandleAccessor.invoke(DirectMethodHandleAccessor.java:104) ~[na:na]
	at java.base/java.lang.reflect.Method.invoke(Method.java:565) ~[na:na]
	at org.springframework.boot.devtools.restart.RestartLauncher.run(RestartLauncher.java:52) ~[spring-boot-devtools-4.0.6.jar:4.0.6]
Caused by: org.h2.jdbc.JdbcSQLIntegrityConstraintViolationException: NULL not allowed for column "NOTIFIED"; SQL statement:
INSERT INTO "PUBLIC"."SCHEDULE_EVENTS_COPY_3_0"("ID", "CREATED_AT", "DATE", "STUDENT_ID", "TIME", "TITLE", "TYPE") OVERRIDING SYSTEM VALUE SELECT "ID", "CREATED_AT", "DATE", "STUDENT_ID", "TIME", "TITLE", "TYPE" FROM "PUBLIC"."SCHEDULE_EVENTS" [23502-240]
	at org.h2.message.DbException.getJdbcSQLException(DbException.java:520) ~[h2-2.4.240.jar:2.4.240]
	at org.h2.message.DbException.getJdbcSQLException(DbException.java:489) ~[h2-2.4.240.jar:2.4.240]
	at org.h2.message.DbException.get(DbException.java:223) ~[h2-2.4.240.jar:2.4.240]
	at org.h2.message.DbException.get(DbException.java:199) ~[h2-2.4.240.jar:2.4.240]
	at org.h2.table.Column.validateConvertUpdateSequence(Column.java:406) ~[h2-2.4.240.jar:2.4.240]
	at org.h2.table.Table.convertInsertRow(Table.java:948) ~[h2-2.4.240.jar:2.4.240]
	at org.h2.command.dml.Insert.addRow(Insert.java:229) ~[h2-2.4.240.jar:2.4.240]
	at org.h2.command.dml.Insert.insertRows(Insert.java:203) ~[h2-2.4.240.jar:2.4.240]
	at org.h2.command.dml.Insert.update(Insert.java:135) ~[h2-2.4.240.jar:2.4.240]
	at org.h2.command.dml.DataChangeStatement.update(DataChangeStatement.java:77) ~[h2-2.4.240.jar:2.4.240]
	at org.h2.command.CommandContainer.update(CommandContainer.java:139) ~[h2-2.4.240.jar:2.4.240]
	at org.h2.command.Command.executeUpdate(Command.java:306) ~[h2-2.4.240.jar:2.4.240]
	at org.h2.command.Command.executeUpdate(Command.java:250) ~[h2-2.4.240.jar:2.4.240]
	at org.h2.command.ddl.AlterTableAlterColumn.execute(AlterTableAlterColumn.java:648) ~[h2-2.4.240.jar:2.4.240]
	at org.h2.command.ddl.AlterTableAlterColumn.cloneTableStructure(AlterTableAlterColumn.java:560) ~[h2-2.4.240.jar:2.4.240]
	at org.h2.command.ddl.AlterTableAlterColumn.copyData(AlterTableAlterColumn.java:343) ~[h2-2.4.240.jar:2.4.240]
	at org.h2.command.ddl.AlterTableAlterColumn.update(AlterTableAlterColumn.java:244) ~[h2-2.4.240.jar:2.4.240]
	at org.h2.command.CommandContainer.update(CommandContainer.java:139) ~[h2-2.4.240.jar:2.4.240]
	at org.h2.command.Command.executeUpdate(Command.java:306) ~[h2-2.4.240.jar:2.4.240]
	at org.h2.command.Command.executeUpdate(Command.java:250) ~[h2-2.4.240.jar:2.4.240]
	at org.h2.jdbc.JdbcStatement.executeInternal(JdbcStatement.java:262) ~[h2-2.4.240.jar:2.4.240]
	at org.h2.jdbc.JdbcStatement.execute(JdbcStatement.java:231) ~[h2-2.4.240.jar:2.4.240]
	at com.zaxxer.hikari.pool.ProxyStatement.execute(ProxyStatement.java:95) ~[HikariCP-7.0.2.jar:na]
	at com.zaxxer.hikari.pool.HikariProxyStatement.execute(HikariProxyStatement.java) ~[HikariCP-7.0.2.jar:na]
	at org.hibernate.tool.schema.internal.exec.GenerationTargetToDatabase.accept(GenerationTargetToDatabase.java:76) ~[hibernate-core-7.2.12.Final.jar:7.2.12.Final]
	... 41 common frames omitted

2026-07-01T22:04:03.617+06:00  INFO 15424 --- [eduadvisor2] [  restartedMain] j.LocalContainerEntityManagerFactoryBean : Initialized JPA EntityManagerFactory for persistence unit 'default'
2026-07-01T22:04:04.425+06:00  INFO 15424 --- [eduadvisor2] [  restartedMain] o.s.b.w.a.WelcomePageHandlerMapping      : Adding welcome page template: index
2026-07-01T22:04:04.847+06:00  INFO 15424 --- [eduadvisor2] [  restartedMain] o.s.b.a.e.web.EndpointLinksResolver      : Exposing 1 endpoint beneath base path '/actuator'
2026-07-01T22:04:04.907+06:00  INFO 15424 --- [eduadvisor2] [  restartedMain] o.s.boot.tomcat.TomcatWebServer          : Tomcat started on port 8081 (http) with context path '/'
2026-07-01T22:04:04.919+06:00  INFO 15424 --- [eduadvisor2] [  restartedMain] c.e.eduadvisor2.Eduadvisor2Application   : Started Eduadvisor2Application in 3.755 seconds (process running for 9436.194)
Hibernate: 
    select
        count(*) 
    from
        students s1_0
Hibernate: 
    select
        count(*) 
    from
        teachers t1_0
Hibernate: 
    select
        count(*) 
    from
        courses c1_0
Hibernate: 
    select
        count(*) 
    from
        enrollments e1_0
Hibernate: 
    select
        t1_0.id,
        t1_0.coordinator,
        t1_0.department,
        t1_0.designation,
        t1_0.email,
        t1_0.name,
        t1_0.password,
        t1_0.photo,
        t1_0.photo_type,
        t1_0.teacher_id 
    from
        teachers t1_0 
    where
        t1_0.teacher_id=?
Hibernate: 
    select
        t1_0.id,
        t1_0.coordinator,
        t1_0.department,
        t1_0.designation,
        t1_0.email,
        t1_0.name,
        t1_0.password,
        t1_0.photo,
        t1_0.photo_type,
        t1_0.teacher_id 
    from
        teachers t1_0 
    where
        t1_0.teacher_id=?
Hibernate: 
    select
        t1_0.id,
        t1_0.coordinator,
        t1_0.department,
        t1_0.designation,
        t1_0.email,
        t1_0.name,
        t1_0.password,
        t1_0.photo,
        t1_0.photo_type,
        t1_0.teacher_id 
    from
        teachers t1_0 
    where
        t1_0.teacher_id=?
2026-07-01T22:04:05.051+06:00  INFO 15424 --- [eduadvisor2] [  restartedMain] .ConditionEvaluationDeltaLoggingListener : Condition evaluation unchanged
2026-07-01T22:04:12.632+06:00  INFO 15424 --- [eduadvisor2] [   File Watcher] rtingClassPathChangeChangedEventListener : Restarting due to 1 class path change (0 additions, 0 deletions, 1 modification)
2026-07-01T22:04:12.894+06:00  INFO 15424 --- [eduadvisor2] [      Thread-30] o.s.boot.tomcat.GracefulShutdown         : Commencing graceful shutdown. Waiting for active requests to complete
2026-07-01T22:04:13.683+06:00  INFO 15424 --- [eduadvisor2] [tomcat-shutdown] o.s.boot.tomcat.GracefulShutdown         : Graceful shutdown complete
2026-07-01T22:04:13.692+06:00  INFO 15424 --- [eduadvisor2] [      Thread-30] j.LocalContainerEntityManagerFactoryBean : Closing JPA EntityManagerFactory for persistence unit 'default'
2026-07-01T22:04:13.695+06:00  INFO 15424 --- [eduadvisor2] [      Thread-30] com.zaxxer.hikari.HikariDataSource       : HikariPool-8 - Shutdown initiated...
2026-07-01T22:04:13.757+06:00  INFO 15424 --- [eduadvisor2] [      Thread-30] com.zaxxer.hikari.HikariDataSource       : HikariPool-8 - Shutdown completed.

  .   ____          _            __ _ _
 /\\ / ___'_ __ _ _(_)_ __  __ _ \ \ \ \
( ( )\___ | '_ | '_| | '_ \/ _` | \ \ \ \
 \\/  ___)| |_)| | | | | || (_| |  ) ) ) )
  '  |____| .__|_| |_|_| |_\__, | / / / /
 =========|_|==============|___/=/_/_/_/

 :: Spring Boot ::                (v4.0.6)

2026-07-01T22:04:14.406+06:00  INFO 15424 --- [eduadvisor2] [  restartedMain] c.e.eduadvisor2.Eduadvisor2Application   : Starting Eduadvisor2Application using Java 25.0.2 with PID 15424 (D:\OOp_EduAdvisor\eduadvisor2\target\classes started by Windows in D:\OOp_EduAdvisor\eduadvisor2)
2026-07-01T22:04:14.407+06:00  INFO 15424 --- [eduadvisor2] [  restartedMain] c.e.eduadvisor2.Eduadvisor2Application   : No active profile set, falling back to 1 default profile: "default"
2026-07-01T22:04:15.514+06:00  INFO 15424 --- [eduadvisor2] [  restartedMain] .s.d.r.c.RepositoryConfigurationDelegate : Bootstrapping Spring Data JPA repositories in DEFAULT mode.
2026-07-01T22:04:15.635+06:00  INFO 15424 --- [eduadvisor2] [  restartedMain] .s.d.r.c.RepositoryConfigurationDelegate : Finished Spring Data repository scanning in 95 ms. Found 13 JPA repository interfaces.
2026-07-01T22:04:16.118+06:00  INFO 15424 --- [eduadvisor2] [  restartedMain] o.s.boot.tomcat.TomcatWebServer          : Tomcat initialized with port 8081 (http)
2026-07-01T22:04:16.121+06:00  INFO 15424 --- [eduadvisor2] [  restartedMain] o.apache.catalina.core.StandardService   : Starting service [Tomcat]
2026-07-01T22:04:16.121+06:00  INFO 15424 --- [eduadvisor2] [  restartedMain] o.apache.catalina.core.StandardEngine    : Starting Servlet engine: [Apache Tomcat/11.0.21]
2026-07-01T22:04:16.189+06:00  INFO 15424 --- [eduadvisor2] [  restartedMain] b.w.c.s.WebApplicationContextInitializer : Root WebApplicationContext: initialization completed in 1779 ms
2026-07-01T22:04:16.394+06:00  INFO 15424 --- [eduadvisor2] [  restartedMain] org.hibernate.orm.jpa                    : HHH008540: Processing PersistenceUnitInfo [name: default]
2026-07-01T22:04:16.507+06:00  INFO 15424 --- [eduadvisor2] [  restartedMain] o.s.o.j.p.SpringPersistenceUnitInfo      : No LoadTimeWeaver setup: ignoring JPA class transformer
2026-07-01T22:04:16.511+06:00  INFO 15424 --- [eduadvisor2] [  restartedMain] com.zaxxer.hikari.HikariDataSource       : HikariPool-9 - Starting...
2026-07-01T22:04:16.585+06:00  INFO 15424 --- [eduadvisor2] [  restartedMain] com.zaxxer.hikari.pool.HikariPool        : HikariPool-9 - Added connection conn110: url=jdbc:h2:file:./data/studentadvicedb user=SA
2026-07-01T22:04:16.587+06:00  INFO 15424 --- [eduadvisor2] [  restartedMain] com.zaxxer.hikari.HikariDataSource       : HikariPool-9 - Start completed.
2026-07-01T22:04:16.589+06:00  INFO 15424 --- [eduadvisor2] [  restartedMain] org.hibernate.orm.connections.pooling    : HHH10001005: Database info:
	Database JDBC URL [jdbc:h2:file:./data/studentadvicedb]
	Database driver: H2 JDBC Driver
	Database dialect: H2Dialect
	Database version: 2.4.240
	Default catalog/schema: STUDENTADVICEDB/PUBLIC
	Autocommit mode: undefined/unknown
	Isolation level: READ_COMMITTED [default READ_COMMITTED]
	JDBC fetch size: 100
	Pool: DataSourceConnectionProvider
	Minimum pool size: undefined/unknown
	Maximum pool size: undefined/unknown
2026-07-01T22:04:17.157+06:00  INFO 15424 --- [eduadvisor2] [  restartedMain] org.hibernate.orm.core                   : HHH000489: No JTA platform available (set 'hibernate.transaction.jta.platform' to enable JTA platform integration)
Hibernate: 
    alter table if exists discussions 
       alter column answer set data type TEXT
Hibernate: 
    alter table if exists discussions 
       alter column answer_image_base64 set data type TEXT
Hibernate: 
    alter table if exists discussions 
       alter column question set data type TEXT
Hibernate: 
    alter table if exists discussions 
       alter column question_image_base64 set data type TEXT
Hibernate: 
    alter table if exists exam_paper_images 
       alter column image_base64 set data type TEXT
Hibernate: 
    alter table if exists lost_found_reports 
       alter column coordinator_note set data type TEXT
Hibernate: 
    alter table if exists lost_found_reports 
       alter column description set data type TEXT
Hibernate: 
    alter table if exists lost_found_reports 
       alter column image_base64 set data type TEXT
Hibernate: 
    alter table if exists schedule_events 
       add column notified boolean not null
2026-07-01T22:04:17.197+06:00  WARN 15424 --- [eduadvisor2] [  restartedMain] o.h.t.s.i.ExceptionHandlerLoggedImpl     : GenerationTarget encountered exception accepting command : Error executing DDL "
    alter table if exists schedule_events 
       add column notified boolean not null" via JDBC [NULL not allowed for column "NOTIFIED";]

org.hibernate.tool.schema.spi.CommandAcceptanceException: Error executing DDL "
    alter table if exists schedule_events 
       add column notified boolean not null" via JDBC [NULL not allowed for column "NOTIFIED";]
	at org.hibernate.tool.schema.internal.exec.GenerationTargetToDatabase.accept(GenerationTargetToDatabase.java:81) ~[hibernate-core-7.2.12.Final.jar:7.2.12.Final]
	at org.hibernate.tool.schema.internal.AbstractSchemaMigrator.applySqlString(AbstractSchemaMigrator.java:566) ~[hibernate-core-7.2.12.Final.jar:7.2.12.Final]
	at org.hibernate.tool.schema.internal.AbstractSchemaMigrator.applySqlStrings(AbstractSchemaMigrator.java:506) ~[hibernate-core-7.2.12.Final.jar:7.2.12.Final]
	at org.hibernate.tool.schema.internal.AbstractSchemaMigrator.migrateTable(AbstractSchemaMigrator.java:324) ~[hibernate-core-7.2.12.Final.jar:7.2.12.Final]
	at org.hibernate.tool.schema.internal.GroupedSchemaMigratorImpl.performTablesMigration(GroupedSchemaMigratorImpl.java:84) ~[hibernate-core-7.2.12.Final.jar:7.2.12.Final]
	at org.hibernate.tool.schema.internal.AbstractSchemaMigrator.performMigration(AbstractSchemaMigrator.java:220) ~[hibernate-core-7.2.12.Final.jar:7.2.12.Final]
	at org.hibernate.tool.schema.internal.AbstractSchemaMigrator.doMigration(AbstractSchemaMigrator.java:96) ~[hibernate-core-7.2.12.Final.jar:7.2.12.Final]
	at org.hibernate.tool.schema.spi.SchemaManagementToolCoordinator.performDatabaseAction(SchemaManagementToolCoordinator.java:269) ~[hibernate-core-7.2.12.Final.jar:7.2.12.Final]
	at org.hibernate.tool.schema.spi.SchemaManagementToolCoordinator.lambda$process$1(SchemaManagementToolCoordinator.java:101) ~[hibernate-core-7.2.12.Final.jar:7.2.12.Final]
	at java.base/java.util.HashMap.forEach(HashMap.java:1430) ~[na:na]
	at org.hibernate.tool.schema.spi.SchemaManagementToolCoordinator.process(SchemaManagementToolCoordinator.java:100) ~[hibernate-core-7.2.12.Final.jar:7.2.12.Final]
	at org.hibernate.boot.internal.SessionFactoryObserverForSchemaExport.sessionFactoryCreated(SessionFactoryObserverForSchemaExport.java:35) ~[hibernate-core-7.2.12.Final.jar:7.2.12.Final]
	at org.hibernate.internal.SessionFactoryObserverChain.sessionFactoryCreated(SessionFactoryObserverChain.java:33) ~[hibernate-core-7.2.12.Final.jar:7.2.12.Final]
	at org.hibernate.internal.SessionFactoryImpl.<init>(SessionFactoryImpl.java:323) ~[hibernate-core-7.2.12.Final.jar:7.2.12.Final]
	at org.hibernate.internal.SessionFactoryRegistry.instantiateSessionFactory(SessionFactoryRegistry.java:64) ~[hibernate-core-7.2.12.Final.jar:7.2.12.Final]
	at org.hibernate.boot.internal.SessionFactoryBuilderImpl.build(SessionFactoryBuilderImpl.java:437) ~[hibernate-core-7.2.12.Final.jar:7.2.12.Final]
	at org.hibernate.jpa.boot.internal.EntityManagerFactoryBuilderImpl.build(EntityManagerFactoryBuilderImpl.java:1456) ~[hibernate-core-7.2.12.Final.jar:7.2.12.Final]
	at org.springframework.orm.jpa.vendor.SpringHibernateJpaPersistenceProvider.createContainerEntityManagerFactory(SpringHibernateJpaPersistenceProvider.java:93) ~[spring-orm-7.0.7.jar:7.0.7]
	at org.springframework.orm.jpa.LocalContainerEntityManagerFactoryBean.createNativeEntityManagerFactory(LocalContainerEntityManagerFactoryBean.java:443) ~[spring-orm-7.0.7.jar:7.0.7]
	at org.springframework.orm.jpa.AbstractEntityManagerFactoryBean.buildNativeEntityManagerFactory(AbstractEntityManagerFactoryBean.java:436) ~[spring-orm-7.0.7.jar:7.0.7]
	at org.springframework.orm.jpa.AbstractEntityManagerFactoryBean.afterPropertiesSet(AbstractEntityManagerFactoryBean.java:411) ~[spring-orm-7.0.7.jar:7.0.7]
	at org.springframework.orm.jpa.LocalContainerEntityManagerFactoryBean.afterPropertiesSet(LocalContainerEntityManagerFactoryBean.java:419) ~[spring-orm-7.0.7.jar:7.0.7]
	at org.springframework.beans.factory.support.AbstractAutowireCapableBeanFactory.invokeInitMethods(AbstractAutowireCapableBeanFactory.java:1864) ~[spring-beans-7.0.7.jar:7.0.7]
	at org.springframework.beans.factory.support.AbstractAutowireCapableBeanFactory.initializeBean(AbstractAutowireCapableBeanFactory.java:1813) ~[spring-beans-7.0.7.jar:7.0.7]
	at org.springframework.beans.factory.support.AbstractAutowireCapableBeanFactory.doCreateBean(AbstractAutowireCapableBeanFactory.java:603) ~[spring-beans-7.0.7.jar:7.0.7]
	at org.springframework.beans.factory.support.AbstractAutowireCapableBeanFactory.createBean(AbstractAutowireCapableBeanFactory.java:525) ~[spring-beans-7.0.7.jar:7.0.7]
	at org.springframework.beans.factory.support.AbstractBeanFactory.lambda$doGetBean$0(AbstractBeanFactory.java:333) ~[spring-beans-7.0.7.jar:7.0.7]
	at org.springframework.beans.factory.support.DefaultSingletonBeanRegistry.getSingleton(DefaultSingletonBeanRegistry.java:371) ~[spring-beans-7.0.7.jar:7.0.7]
	at org.springframework.beans.factory.support.AbstractBeanFactory.doGetBean(AbstractBeanFactory.java:331) ~[spring-beans-7.0.7.jar:7.0.7]
	at org.springframework.beans.factory.support.AbstractBeanFactory.getBean(AbstractBeanFactory.java:201) ~[spring-beans-7.0.7.jar:7.0.7]
	at org.springframework.context.support.AbstractApplicationContext.finishBeanFactoryInitialization(AbstractApplicationContext.java:977) ~[spring-context-7.0.7.jar:7.0.7]
	at org.springframework.context.support.AbstractApplicationContext.refresh(AbstractApplicationContext.java:621) ~[spring-context-7.0.7.jar:7.0.7]
	at org.springframework.boot.web.server.servlet.context.ServletWebServerApplicationContext.refresh(ServletWebServerApplicationContext.java:143) ~[spring-boot-web-server-4.0.6.jar:4.0.6]
	at org.springframework.boot.SpringApplication.refresh(SpringApplication.java:756) ~[spring-boot-4.0.6.jar:4.0.6]
	at org.springframework.boot.SpringApplication.refreshContext(SpringApplication.java:445) ~[spring-boot-4.0.6.jar:4.0.6]
	at org.springframework.boot.SpringApplication.run(SpringApplication.java:321) ~[spring-boot-4.0.6.jar:4.0.6]
	at org.springframework.boot.SpringApplication.run(SpringApplication.java:1365) ~[spring-boot-4.0.6.jar:4.0.6]
	at org.springframework.boot.SpringApplication.run(SpringApplication.java:1354) ~[spring-boot-4.0.6.jar:4.0.6]
	at com.example.eduadvisor2.Eduadvisor2Application.main(Eduadvisor2Application.java:12) ~[classes/:na]
	at java.base/jdk.internal.reflect.DirectMethodHandleAccessor.invoke(DirectMethodHandleAccessor.java:104) ~[na:na]
	at java.base/java.lang.reflect.Method.invoke(Method.java:565) ~[na:na]
	at org.springframework.boot.devtools.restart.RestartLauncher.run(RestartLauncher.java:52) ~[spring-boot-devtools-4.0.6.jar:4.0.6]
Caused by: org.h2.jdbc.JdbcSQLIntegrityConstraintViolationException: NULL not allowed for column "NOTIFIED"; SQL statement:
INSERT INTO "PUBLIC"."SCHEDULE_EVENTS_COPY_3_0"("ID", "CREATED_AT", "DATE", "STUDENT_ID", "TIME", "TITLE", "TYPE") OVERRIDING SYSTEM VALUE SELECT "ID", "CREATED_AT", "DATE", "STUDENT_ID", "TIME", "TITLE", "TYPE" FROM "PUBLIC"."SCHEDULE_EVENTS" [23502-240]
	at org.h2.message.DbException.getJdbcSQLException(DbException.java:520) ~[h2-2.4.240.jar:2.4.240]
	at org.h2.message.DbException.getJdbcSQLException(DbException.java:489) ~[h2-2.4.240.jar:2.4.240]
	at org.h2.message.DbException.get(DbException.java:223) ~[h2-2.4.240.jar:2.4.240]
	at org.h2.message.DbException.get(DbException.java:199) ~[h2-2.4.240.jar:2.4.240]
	at org.h2.table.Column.validateConvertUpdateSequence(Column.java:406) ~[h2-2.4.240.jar:2.4.240]
	at org.h2.table.Table.convertInsertRow(Table.java:948) ~[h2-2.4.240.jar:2.4.240]
	at org.h2.command.dml.Insert.addRow(Insert.java:229) ~[h2-2.4.240.jar:2.4.240]
	at org.h2.command.dml.Insert.insertRows(Insert.java:203) ~[h2-2.4.240.jar:2.4.240]
	at org.h2.command.dml.Insert.update(Insert.java:135) ~[h2-2.4.240.jar:2.4.240]
	at org.h2.command.dml.DataChangeStatement.update(DataChangeStatement.java:77) ~[h2-2.4.240.jar:2.4.240]
	at org.h2.command.CommandContainer.update(CommandContainer.java:139) ~[h2-2.4.240.jar:2.4.240]
	at org.h2.command.Command.executeUpdate(Command.java:306) ~[h2-2.4.240.jar:2.4.240]
	at org.h2.command.Command.executeUpdate(Command.java:250) ~[h2-2.4.240.jar:2.4.240]
	at org.h2.command.ddl.AlterTableAlterColumn.execute(AlterTableAlterColumn.java:648) ~[h2-2.4.240.jar:2.4.240]
	at org.h2.command.ddl.AlterTableAlterColumn.cloneTableStructure(AlterTableAlterColumn.java:560) ~[h2-2.4.240.jar:2.4.240]
	at org.h2.command.ddl.AlterTableAlterColumn.copyData(AlterTableAlterColumn.java:343) ~[h2-2.4.240.jar:2.4.240]
	at org.h2.command.ddl.AlterTableAlterColumn.update(AlterTableAlterColumn.java:244) ~[h2-2.4.240.jar:2.4.240]
	at org.h2.command.CommandContainer.update(CommandContainer.java:139) ~[h2-2.4.240.jar:2.4.240]
	at org.h2.command.Command.executeUpdate(Command.java:306) ~[h2-2.4.240.jar:2.4.240]
	at org.h2.command.Command.executeUpdate(Command.java:250) ~[h2-2.4.240.jar:2.4.240]
	at org.h2.jdbc.JdbcStatement.executeInternal(JdbcStatement.java:262) ~[h2-2.4.240.jar:2.4.240]
	at org.h2.jdbc.JdbcStatement.execute(JdbcStatement.java:231) ~[h2-2.4.240.jar:2.4.240]
	at com.zaxxer.hikari.pool.ProxyStatement.execute(ProxyStatement.java:95) ~[HikariCP-7.0.2.jar:na]
	at com.zaxxer.hikari.pool.HikariProxyStatement.execute(HikariProxyStatement.java) ~[HikariCP-7.0.2.jar:na]
	at org.hibernate.tool.schema.internal.exec.GenerationTargetToDatabase.accept(GenerationTargetToDatabase.java:76) ~[hibernate-core-7.2.12.Final.jar:7.2.12.Final]
	... 41 common frames omitted

2026-07-01T22:04:17.212+06:00  INFO 15424 --- [eduadvisor2] [  restartedMain] j.LocalContainerEntityManagerFactoryBean : Initialized JPA EntityManagerFactory for persistence unit 'default'
2026-07-01T22:04:17.888+06:00  INFO 15424 --- [eduadvisor2] [  restartedMain] o.s.b.w.a.WelcomePageHandlerMapping      : Adding welcome page template: index
2026-07-01T22:04:18.273+06:00  INFO 15424 --- [eduadvisor2] [  restartedMain] o.s.b.a.e.web.EndpointLinksResolver      : Exposing 1 endpoint beneath base path '/actuator'
2026-07-01T22:04:18.332+06:00  INFO 15424 --- [eduadvisor2] [  restartedMain] o.s.boot.tomcat.TomcatWebServer          : Tomcat started on port 8081 (http) with context path '/'
2026-07-01T22:04:18.341+06:00  INFO 15424 --- [eduadvisor2] [  restartedMain] c.e.eduadvisor2.Eduadvisor2Application   : Started Eduadvisor2Application in 4.163 seconds (process running for 9449.617)
Hibernate: 
    select
        count(*) 
    from
        students s1_0
Hibernate: 
    select
        count(*) 
    from
        teachers t1_0
Hibernate: 
    select
        count(*) 
    from
        courses c1_0
Hibernate: 
    select
        count(*) 
    from
        enrollments e1_0
Hibernate: 
    select
        t1_0.id,
        t1_0.coordinator,
        t1_0.department,
        t1_0.designation,
        t1_0.email,
        t1_0.name,
        t1_0.password,
        t1_0.photo,
        t1_0.photo_type,
        t1_0.teacher_id 
    from
        teachers t1_0 
    where
        t1_0.teacher_id=?
Hibernate: 
    select
        t1_0.id,
        t1_0.coordinator,
        t1_0.department,
        t1_0.designation,
        t1_0.email,
        t1_0.name,
        t1_0.password,
        t1_0.photo,
        t1_0.photo_type,
        t1_0.teacher_id 
    from
        teachers t1_0 
    where
        t1_0.teacher_id=?
Hibernate: 
    select
        t1_0.id,
        t1_0.coordinator,
        t1_0.department,
        t1_0.designation,
        t1_0.email,
        t1_0.name,
        t1_0.password,
        t1_0.photo,
        t1_0.photo_type,
        t1_0.teacher_id 
    from
        teachers t1_0 
    where
        t1_0.teacher_id=?
2026-07-01T22:04:18.499+06:00  INFO 15424 --- [eduadvisor2] [  restartedMain] .ConditionEvaluationDeltaLoggingListener : Condition evaluation unchanged
2026-07-01T22:04:50.614+06:00  INFO 15424 --- [eduadvisor2] [   File Watcher] rtingClassPathChangeChangedEventListener : Restarting due to 1 class path change (1 addition, 0 deletions, 0 modifications)
2026-07-01T22:04:50.620+06:00  INFO 15424 --- [eduadvisor2] [      Thread-34] o.s.boot.tomcat.GracefulShutdown         : Commencing graceful shutdown. Waiting for active requests to complete
2026-07-01T22:04:50.650+06:00  INFO 15424 --- [eduadvisor2] [tomcat-shutdown] o.s.boot.tomcat.GracefulShutdown         : Graceful shutdown complete
2026-07-01T22:04:50.656+06:00  INFO 15424 --- [eduadvisor2] [      Thread-34] j.LocalContainerEntityManagerFactoryBean : Closing JPA EntityManagerFactory for persistence unit 'default'
2026-07-01T22:04:50.659+06:00  INFO 15424 --- [eduadvisor2] [      Thread-34] com.zaxxer.hikari.HikariDataSource       : HikariPool-9 - Shutdown initiated...
2026-07-01T22:04:50.699+06:00  INFO 15424 --- [eduadvisor2] [      Thread-34] com.zaxxer.hikari.HikariDataSource       : HikariPool-9 - Shutdown completed.

  .   ____          _            __ _ _
 /\\ / ___'_ __ _ _(_)_ __  __ _ \ \ \ \
( ( )\___ | '_ | '_| | '_ \/ _` | \ \ \ \
 \\/  ___)| |_)| | | | | || (_| |  ) ) ) )
  '  |____| .__|_| |_|_| |_\__, | / / / /
 =========|_|==============|___/=/_/_/_/

 :: Spring Boot ::                (v4.0.6)

2026-07-01T22:04:51.068+06:00  INFO 15424 --- [eduadvisor2] [  restartedMain] c.e.eduadvisor2.Eduadvisor2Application   : Starting Eduadvisor2Application using Java 25.0.2 with PID 15424 (D:\OOp_EduAdvisor\eduadvisor2\target\classes started by Windows in D:\OOp_EduAdvisor\eduadvisor2)
2026-07-01T22:04:51.069+06:00  INFO 15424 --- [eduadvisor2] [  restartedMain] c.e.eduadvisor2.Eduadvisor2Application   : No active profile set, falling back to 1 default profile: "default"
2026-07-01T22:04:51.817+06:00  INFO 15424 --- [eduadvisor2] [  restartedMain] .s.d.r.c.RepositoryConfigurationDelegate : Bootstrapping Spring Data JPA repositories in DEFAULT mode.
2026-07-01T22:04:51.901+06:00  INFO 15424 --- [eduadvisor2] [  restartedMain] .s.d.r.c.RepositoryConfigurationDelegate : Finished Spring Data repository scanning in 79 ms. Found 13 JPA repository interfaces.
2026-07-01T22:04:52.215+06:00  INFO 15424 --- [eduadvisor2] [  restartedMain] o.s.boot.tomcat.TomcatWebServer          : Tomcat initialized with port 8081 (http)
2026-07-01T22:04:52.218+06:00  INFO 15424 --- [eduadvisor2] [  restartedMain] o.apache.catalina.core.StandardService   : Starting service [Tomcat]
2026-07-01T22:04:52.219+06:00  INFO 15424 --- [eduadvisor2] [  restartedMain] o.apache.catalina.core.StandardEngine    : Starting Servlet engine: [Apache Tomcat/11.0.21]
2026-07-01T22:04:52.281+06:00  INFO 15424 --- [eduadvisor2] [  restartedMain] b.w.c.s.WebApplicationContextInitializer : Root WebApplicationContext: initialization completed in 1206 ms
2026-07-01T22:04:52.525+06:00  INFO 15424 --- [eduadvisor2] [  restartedMain] org.hibernate.orm.jpa                    : HHH008540: Processing PersistenceUnitInfo [name: default]
2026-07-01T22:04:52.625+06:00  INFO 15424 --- [eduadvisor2] [  restartedMain] o.s.o.j.p.SpringPersistenceUnitInfo      : No LoadTimeWeaver setup: ignoring JPA class transformer
2026-07-01T22:04:52.628+06:00  INFO 15424 --- [eduadvisor2] [  restartedMain] com.zaxxer.hikari.HikariDataSource       : HikariPool-10 - Starting...
2026-07-01T22:04:52.720+06:00  INFO 15424 --- [eduadvisor2] [  restartedMain] com.zaxxer.hikari.pool.HikariPool        : HikariPool-10 - Added connection conn120: url=jdbc:h2:file:./data/studentadvicedb user=SA
2026-07-01T22:04:52.722+06:00  INFO 15424 --- [eduadvisor2] [  restartedMain] com.zaxxer.hikari.HikariDataSource       : HikariPool-10 - Start completed.
2026-07-01T22:04:52.725+06:00  INFO 15424 --- [eduadvisor2] [  restartedMain] org.hibernate.orm.connections.pooling    : HHH10001005: Database info:
	Database JDBC URL [jdbc:h2:file:./data/studentadvicedb]
	Database driver: H2 JDBC Driver
	Database dialect: H2Dialect
	Database version: 2.4.240
	Default catalog/schema: STUDENTADVICEDB/PUBLIC
	Autocommit mode: undefined/unknown
	Isolation level: READ_COMMITTED [default READ_COMMITTED]
	JDBC fetch size: 100
	Pool: DataSourceConnectionProvider
	Minimum pool size: undefined/unknown
	Maximum pool size: undefined/unknown
2026-07-01T22:04:53.131+06:00  INFO 15424 --- [eduadvisor2] [  restartedMain] org.hibernate.orm.core                   : HHH000489: No JTA platform available (set 'hibernate.transaction.jta.platform' to enable JTA platform integration)
Hibernate: 
    alter table if exists discussions 
       alter column answer set data type TEXT
Hibernate: 
    alter table if exists discussions 
       alter column answer_image_base64 set data type TEXT
Hibernate: 
    alter table if exists discussions 
       alter column question set data type TEXT
Hibernate: 
    alter table if exists discussions 
       alter column question_image_base64 set data type TEXT
Hibernate: 
    alter table if exists exam_paper_images 
       alter column image_base64 set data type TEXT
Hibernate: 
    alter table if exists lost_found_reports 
       alter column coordinator_note set data type TEXT
Hibernate: 
    alter table if exists lost_found_reports 
       alter column description set data type TEXT
Hibernate: 
    alter table if exists lost_found_reports 
       alter column image_base64 set data type TEXT
Hibernate: 
    alter table if exists schedule_events 
       add column notified boolean not null
2026-07-01T22:04:53.161+06:00  WARN 15424 --- [eduadvisor2] [  restartedMain] o.h.t.s.i.ExceptionHandlerLoggedImpl     : GenerationTarget encountered exception accepting command : Error executing DDL "
    alter table if exists schedule_events 
       add column notified boolean not null" via JDBC [NULL not allowed for column "NOTIFIED";]

org.hibernate.tool.schema.spi.CommandAcceptanceException: Error executing DDL "
    alter table if exists schedule_events 
       add column notified boolean not null" via JDBC [NULL not allowed for column "NOTIFIED";]
	at org.hibernate.tool.schema.internal.exec.GenerationTargetToDatabase.accept(GenerationTargetToDatabase.java:81) ~[hibernate-core-7.2.12.Final.jar:7.2.12.Final]
	at org.hibernate.tool.schema.internal.AbstractSchemaMigrator.applySqlString(AbstractSchemaMigrator.java:566) ~[hibernate-core-7.2.12.Final.jar:7.2.12.Final]
	at org.hibernate.tool.schema.internal.AbstractSchemaMigrator.applySqlStrings(AbstractSchemaMigrator.java:506) ~[hibernate-core-7.2.12.Final.jar:7.2.12.Final]
	at org.hibernate.tool.schema.internal.AbstractSchemaMigrator.migrateTable(AbstractSchemaMigrator.java:324) ~[hibernate-core-7.2.12.Final.jar:7.2.12.Final]
	at org.hibernate.tool.schema.internal.GroupedSchemaMigratorImpl.performTablesMigration(GroupedSchemaMigratorImpl.java:84) ~[hibernate-core-7.2.12.Final.jar:7.2.12.Final]
	at org.hibernate.tool.schema.internal.AbstractSchemaMigrator.performMigration(AbstractSchemaMigrator.java:220) ~[hibernate-core-7.2.12.Final.jar:7.2.12.Final]
	at org.hibernate.tool.schema.internal.AbstractSchemaMigrator.doMigration(AbstractSchemaMigrator.java:96) ~[hibernate-core-7.2.12.Final.jar:7.2.12.Final]
	at org.hibernate.tool.schema.spi.SchemaManagementToolCoordinator.performDatabaseAction(SchemaManagementToolCoordinator.java:269) ~[hibernate-core-7.2.12.Final.jar:7.2.12.Final]
	at org.hibernate.tool.schema.spi.SchemaManagementToolCoordinator.lambda$process$1(SchemaManagementToolCoordinator.java:101) ~[hibernate-core-7.2.12.Final.jar:7.2.12.Final]
	at java.base/java.util.HashMap.forEach(HashMap.java:1430) ~[na:na]
	at org.hibernate.tool.schema.spi.SchemaManagementToolCoordinator.process(SchemaManagementToolCoordinator.java:100) ~[hibernate-core-7.2.12.Final.jar:7.2.12.Final]
	at org.hibernate.boot.internal.SessionFactoryObserverForSchemaExport.sessionFactoryCreated(SessionFactoryObserverForSchemaExport.java:35) ~[hibernate-core-7.2.12.Final.jar:7.2.12.Final]
	at org.hibernate.internal.SessionFactoryObserverChain.sessionFactoryCreated(SessionFactoryObserverChain.java:33) ~[hibernate-core-7.2.12.Final.jar:7.2.12.Final]
	at org.hibernate.internal.SessionFactoryImpl.<init>(SessionFactoryImpl.java:323) ~[hibernate-core-7.2.12.Final.jar:7.2.12.Final]
	at org.hibernate.internal.SessionFactoryRegistry.instantiateSessionFactory(SessionFactoryRegistry.java:64) ~[hibernate-core-7.2.12.Final.jar:7.2.12.Final]
	at org.hibernate.boot.internal.SessionFactoryBuilderImpl.build(SessionFactoryBuilderImpl.java:437) ~[hibernate-core-7.2.12.Final.jar:7.2.12.Final]
	at org.hibernate.jpa.boot.internal.EntityManagerFactoryBuilderImpl.build(EntityManagerFactoryBuilderImpl.java:1456) ~[hibernate-core-7.2.12.Final.jar:7.2.12.Final]
	at org.springframework.orm.jpa.vendor.SpringHibernateJpaPersistenceProvider.createContainerEntityManagerFactory(SpringHibernateJpaPersistenceProvider.java:93) ~[spring-orm-7.0.7.jar:7.0.7]
	at org.springframework.orm.jpa.LocalContainerEntityManagerFactoryBean.createNativeEntityManagerFactory(LocalContainerEntityManagerFactoryBean.java:443) ~[spring-orm-7.0.7.jar:7.0.7]
	at org.springframework.orm.jpa.AbstractEntityManagerFactoryBean.buildNativeEntityManagerFactory(AbstractEntityManagerFactoryBean.java:436) ~[spring-orm-7.0.7.jar:7.0.7]
	at org.springframework.orm.jpa.AbstractEntityManagerFactoryBean.afterPropertiesSet(AbstractEntityManagerFactoryBean.java:411) ~[spring-orm-7.0.7.jar:7.0.7]
	at org.springframework.orm.jpa.LocalContainerEntityManagerFactoryBean.afterPropertiesSet(LocalContainerEntityManagerFactoryBean.java:419) ~[spring-orm-7.0.7.jar:7.0.7]
	at org.springframework.beans.factory.support.AbstractAutowireCapableBeanFactory.invokeInitMethods(AbstractAutowireCapableBeanFactory.java:1864) ~[spring-beans-7.0.7.jar:7.0.7]
	at org.springframework.beans.factory.support.AbstractAutowireCapableBeanFactory.initializeBean(AbstractAutowireCapableBeanFactory.java:1813) ~[spring-beans-7.0.7.jar:7.0.7]
	at org.springframework.beans.factory.support.AbstractAutowireCapableBeanFactory.doCreateBean(AbstractAutowireCapableBeanFactory.java:603) ~[spring-beans-7.0.7.jar:7.0.7]
	at org.springframework.beans.factory.support.AbstractAutowireCapableBeanFactory.createBean(AbstractAutowireCapableBeanFactory.java:525) ~[spring-beans-7.0.7.jar:7.0.7]
	at org.springframework.beans.factory.support.AbstractBeanFactory.lambda$doGetBean$0(AbstractBeanFactory.java:333) ~[spring-beans-7.0.7.jar:7.0.7]
	at org.springframework.beans.factory.support.DefaultSingletonBeanRegistry.getSingleton(DefaultSingletonBeanRegistry.java:371) ~[spring-beans-7.0.7.jar:7.0.7]
	at org.springframework.beans.factory.support.AbstractBeanFactory.doGetBean(AbstractBeanFactory.java:331) ~[spring-beans-7.0.7.jar:7.0.7]
	at org.springframework.beans.factory.support.AbstractBeanFactory.getBean(AbstractBeanFactory.java:201) ~[spring-beans-7.0.7.jar:7.0.7]
	at org.springframework.context.support.AbstractApplicationContext.finishBeanFactoryInitialization(AbstractApplicationContext.java:977) ~[spring-context-7.0.7.jar:7.0.7]
	at org.springframework.context.support.AbstractApplicationContext.refresh(AbstractApplicationContext.java:621) ~[spring-context-7.0.7.jar:7.0.7]
	at org.springframework.boot.web.server.servlet.context.ServletWebServerApplicationContext.refresh(ServletWebServerApplicationContext.java:143) ~[spring-boot-web-server-4.0.6.jar:4.0.6]
	at org.springframework.boot.SpringApplication.refresh(SpringApplication.java:756) ~[spring-boot-4.0.6.jar:4.0.6]
	at org.springframework.boot.SpringApplication.refreshContext(SpringApplication.java:445) ~[spring-boot-4.0.6.jar:4.0.6]
	at org.springframework.boot.SpringApplication.run(SpringApplication.java:321) ~[spring-boot-4.0.6.jar:4.0.6]
	at org.springframework.boot.SpringApplication.run(SpringApplication.java:1365) ~[spring-boot-4.0.6.jar:4.0.6]
	at org.springframework.boot.SpringApplication.run(SpringApplication.java:1354) ~[spring-boot-4.0.6.jar:4.0.6]
	at com.example.eduadvisor2.Eduadvisor2Application.main(Eduadvisor2Application.java:12) ~[classes/:na]
	at java.base/jdk.internal.reflect.DirectMethodHandleAccessor.invoke(DirectMethodHandleAccessor.java:104) ~[na:na]
	at java.base/java.lang.reflect.Method.invoke(Method.java:565) ~[na:na]
	at org.springframework.boot.devtools.restart.RestartLauncher.run(RestartLauncher.java:52) ~[spring-boot-devtools-4.0.6.jar:4.0.6]
Caused by: org.h2.jdbc.JdbcSQLIntegrityConstraintViolationException: NULL not allowed for column "NOTIFIED"; SQL statement:
INSERT INTO "PUBLIC"."SCHEDULE_EVENTS_COPY_3_0"("ID", "CREATED_AT", "DATE", "STUDENT_ID", "TIME", "TITLE", "TYPE") OVERRIDING SYSTEM VALUE SELECT "ID", "CREATED_AT", "DATE", "STUDENT_ID", "TIME", "TITLE", "TYPE" FROM "PUBLIC"."SCHEDULE_EVENTS" [23502-240]
	at org.h2.message.DbException.getJdbcSQLException(DbException.java:520) ~[h2-2.4.240.jar:2.4.240]
	at org.h2.message.DbException.getJdbcSQLException(DbException.java:489) ~[h2-2.4.240.jar:2.4.240]
	at org.h2.message.DbException.get(DbException.java:223) ~[h2-2.4.240.jar:2.4.240]
	at org.h2.message.DbException.get(DbException.java:199) ~[h2-2.4.240.jar:2.4.240]
	at org.h2.table.Column.validateConvertUpdateSequence(Column.java:406) ~[h2-2.4.240.jar:2.4.240]
	at org.h2.table.Table.convertInsertRow(Table.java:948) ~[h2-2.4.240.jar:2.4.240]
	at org.h2.command.dml.Insert.addRow(Insert.java:229) ~[h2-2.4.240.jar:2.4.240]
	at org.h2.command.dml.Insert.insertRows(Insert.java:203) ~[h2-2.4.240.jar:2.4.240]
	at org.h2.command.dml.Insert.update(Insert.java:135) ~[h2-2.4.240.jar:2.4.240]
	at org.h2.command.dml.DataChangeStatement.update(DataChangeStatement.java:77) ~[h2-2.4.240.jar:2.4.240]
	at org.h2.command.CommandContainer.update(CommandContainer.java:139) ~[h2-2.4.240.jar:2.4.240]
	at org.h2.command.Command.executeUpdate(Command.java:306) ~[h2-2.4.240.jar:2.4.240]
	at org.h2.command.Command.executeUpdate(Command.java:250) ~[h2-2.4.240.jar:2.4.240]
	at org.h2.command.ddl.AlterTableAlterColumn.execute(AlterTableAlterColumn.java:648) ~[h2-2.4.240.jar:2.4.240]
	at org.h2.command.ddl.AlterTableAlterColumn.cloneTableStructure(AlterTableAlterColumn.java:560) ~[h2-2.4.240.jar:2.4.240]
	at org.h2.command.ddl.AlterTableAlterColumn.copyData(AlterTableAlterColumn.java:343) ~[h2-2.4.240.jar:2.4.240]
	at org.h2.command.ddl.AlterTableAlterColumn.update(AlterTableAlterColumn.java:244) ~[h2-2.4.240.jar:2.4.240]
	at org.h2.command.CommandContainer.update(CommandContainer.java:139) ~[h2-2.4.240.jar:2.4.240]
	at org.h2.command.Command.executeUpdate(Command.java:306) ~[h2-2.4.240.jar:2.4.240]
	at org.h2.command.Command.executeUpdate(Command.java:250) ~[h2-2.4.240.jar:2.4.240]
	at org.h2.jdbc.JdbcStatement.executeInternal(JdbcStatement.java:262) ~[h2-2.4.240.jar:2.4.240]
	at org.h2.jdbc.JdbcStatement.execute(JdbcStatement.java:231) ~[h2-2.4.240.jar:2.4.240]
	at com.zaxxer.hikari.pool.ProxyStatement.execute(ProxyStatement.java:95) ~[HikariCP-7.0.2.jar:na]
	at com.zaxxer.hikari.pool.HikariProxyStatement.execute(HikariProxyStatement.java) ~[HikariCP-7.0.2.jar:na]
	at org.hibernate.tool.schema.internal.exec.GenerationTargetToDatabase.accept(GenerationTargetToDatabase.java:76) ~[hibernate-core-7.2.12.Final.jar:7.2.12.Final]
	... 41 common frames omitted

2026-07-01T22:04:53.172+06:00  INFO 15424 --- [eduadvisor2] [  restartedMain] j.LocalContainerEntityManagerFactoryBean : Initialized JPA EntityManagerFactory for persistence unit 'default'
2026-07-01T22:04:53.747+06:00  INFO 15424 --- [eduadvisor2] [  restartedMain] o.s.b.w.a.WelcomePageHandlerMapping      : Adding welcome page template: index
2026-07-01T22:04:54.178+06:00  INFO 15424 --- [eduadvisor2] [  restartedMain] o.s.b.a.e.web.EndpointLinksResolver      : Exposing 1 endpoint beneath base path '/actuator'
2026-07-01T22:04:54.268+06:00  INFO 15424 --- [eduadvisor2] [  restartedMain] o.s.boot.tomcat.TomcatWebServer          : Tomcat started on port 8081 (http) with context path '/'
2026-07-01T22:04:54.286+06:00  INFO 15424 --- [eduadvisor2] [  restartedMain] c.e.eduadvisor2.Eduadvisor2Application   : Started Eduadvisor2Application in 3.294 seconds (process running for 9485.561)
Hibernate: 
    select
        count(*) 
    from
        students s1_0
Hibernate: 
    select
        count(*) 
    from
        teachers t1_0
Hibernate: 
    select
        count(*) 
    from
        courses c1_0
Hibernate: 
    select
        count(*) 
    from
        enrollments e1_0
Hibernate: 
    select
        t1_0.id,
        t1_0.coordinator,
        t1_0.department,
        t1_0.designation,
        t1_0.email,
        t1_0.name,
        t1_0.password,
        t1_0.photo,
        t1_0.photo_type,
        t1_0.teacher_id 
    from
        teachers t1_0 
    where
        t1_0.teacher_id=?
Hibernate: 
    select
        t1_0.id,
        t1_0.coordinator,
        t1_0.department,
        t1_0.designation,
        t1_0.email,
        t1_0.name,
        t1_0.password,
        t1_0.photo,
        t1_0.photo_type,
        t1_0.teacher_id 
    from
        teachers t1_0 
    where
        t1_0.teacher_id=?
Hibernate: 
    select
        t1_0.id,
        t1_0.coordinator,
        t1_0.department,
        t1_0.designation,
        t1_0.email,
        t1_0.name,
        t1_0.password,
        t1_0.photo,
        t1_0.photo_type,
        t1_0.teacher_id 
    from
        teachers t1_0 
    where
        t1_0.teacher_id=?
2026-07-01T22:04:54.494+06:00  INFO 15424 --- [eduadvisor2] [  restartedMain] .ConditionEvaluationDeltaLoggingListener : Condition evaluation unchanged
2026-07-01T22:08:37.207+06:00  INFO 15424 --- [eduadvisor2] [   File Watcher] rtingClassPathChangeChangedEventListener : Restarting due to 65 class path changes (0 additions, 65 deletions, 0 modifications)
2026-07-01T22:08:37.214+06:00  INFO 15424 --- [eduadvisor2] [      Thread-38] o.s.boot.tomcat.GracefulShutdown         : Commencing graceful shutdown. Waiting for active requests to complete
2026-07-01T22:08:37.253+06:00  INFO 15424 --- [eduadvisor2] [tomcat-shutdown] o.s.boot.tomcat.GracefulShutdown         : Graceful shutdown complete
2026-07-01T22:08:37.261+06:00  INFO 15424 --- [eduadvisor2] [      Thread-38] j.LocalContainerEntityManagerFactoryBean : Closing JPA EntityManagerFactory for persistence unit 'default'
2026-07-01T22:08:37.264+06:00  INFO 15424 --- [eduadvisor2] [      Thread-38] com.zaxxer.hikari.HikariDataSource       : HikariPool-10 - Shutdown initiated...
2026-07-01T22:08:37.306+06:00  INFO 15424 --- [eduadvisor2] [      Thread-38] com.zaxxer.hikari.HikariDataSource       : HikariPool-10 - Shutdown completed.

  .   ____          _            __ _ _
 /\\ / ___'_ __ _ _(_)_ __  __ _ \ \ \ \
( ( )\___ | '_ | '_| | '_ \/ _` | \ \ \ \
 \\/  ___)| |_)| | | | | || (_| |  ) ) ) )
  '  |____| .__|_| |_|_| |_\__, | / / / /
 =========|_|==============|___/=/_/_/_/

 :: Spring Boot ::                (v4.0.6)

2026-07-01T22:08:37.549+06:00  INFO 15424 --- [eduadvisor2] [  restartedMain] c.e.eduadvisor2.Eduadvisor2Application   : Starting Eduadvisor2Application using Java 25.0.2 with PID 15424 (D:\OOp_EduAdvisor\eduadvisor2\target\classes started by Windows in D:\OOp_EduAdvisor\eduadvisor2)
2026-07-01T22:08:37.550+06:00  INFO 15424 --- [eduadvisor2] [  restartedMain] c.e.eduadvisor2.Eduadvisor2Application   : No active profile set, falling back to 1 default profile: "default"
2026-07-01T22:08:38.203+06:00  INFO 15424 --- [eduadvisor2] [  restartedMain] .s.d.r.c.RepositoryConfigurationDelegate : Bootstrapping Spring Data JPA repositories in DEFAULT mode.
2026-07-01T22:08:38.207+06:00  INFO 15424 --- [eduadvisor2] [  restartedMain] .s.d.r.c.RepositoryConfigurationDelegate : Finished Spring Data repository scanning in 2 ms. Found 0 JPA repository interfaces.
2026-07-01T22:08:38.380+06:00  INFO 15424 --- [eduadvisor2] [  restartedMain] o.s.boot.tomcat.TomcatWebServer          : Tomcat initialized with port 8081 (http)
2026-07-01T22:08:38.383+06:00  INFO 15424 --- [eduadvisor2] [  restartedMain] o.apache.catalina.core.StandardService   : Starting service [Tomcat]
2026-07-01T22:08:38.383+06:00  INFO 15424 --- [eduadvisor2] [  restartedMain] o.apache.catalina.core.StandardEngine    : Starting Servlet engine: [Apache Tomcat/11.0.21]
2026-07-01T22:08:38.410+06:00  INFO 15424 --- [eduadvisor2] [  restartedMain] b.w.c.s.WebApplicationContextInitializer : Root WebApplicationContext: initialization completed in 853 ms
2026-07-01T22:08:38.517+06:00  INFO 15424 --- [eduadvisor2] [  restartedMain] org.hibernate.orm.jpa                    : HHH008540: Processing PersistenceUnitInfo [name: default]
2026-07-01T22:08:38.554+06:00  INFO 15424 --- [eduadvisor2] [  restartedMain] o.s.o.j.p.SpringPersistenceUnitInfo      : No LoadTimeWeaver setup: ignoring JPA class transformer
2026-07-01T22:08:38.555+06:00  INFO 15424 --- [eduadvisor2] [  restartedMain] com.zaxxer.hikari.HikariDataSource       : HikariPool-11 - Starting...
2026-07-01T22:08:38.579+06:00  INFO 15424 --- [eduadvisor2] [  restartedMain] com.zaxxer.hikari.pool.HikariPool        : HikariPool-11 - Added connection conn130: url=jdbc:h2:file:./data/studentadvicedb user=SA
2026-07-01T22:08:38.579+06:00  INFO 15424 --- [eduadvisor2] [  restartedMain] com.zaxxer.hikari.HikariDataSource       : HikariPool-11 - Start completed.
2026-07-01T22:08:38.580+06:00  INFO 15424 --- [eduadvisor2] [  restartedMain] org.hibernate.orm.connections.pooling    : HHH10001005: Database info:
	Database JDBC URL [jdbc:h2:file:./data/studentadvicedb]
	Database driver: H2 JDBC Driver
	Database dialect: H2Dialect
	Database version: 2.4.240
	Default catalog/schema: STUDENTADVICEDB/PUBLIC
	Autocommit mode: undefined/unknown
	Isolation level: READ_COMMITTED [default READ_COMMITTED]
	JDBC fetch size: 100
	Pool: DataSourceConnectionProvider
	Minimum pool size: undefined/unknown
	Maximum pool size: undefined/unknown
2026-07-01T22:08:38.599+06:00  INFO 15424 --- [eduadvisor2] [  restartedMain] org.hibernate.orm.core                   : HHH000489: No JTA platform available (set 'hibernate.transaction.jta.platform' to enable JTA platform integration)
2026-07-01T22:08:38.600+06:00  INFO 15424 --- [eduadvisor2] [  restartedMain] j.LocalContainerEntityManagerFactoryBean : Initialized JPA EntityManagerFactory for persistence unit 'default'
2026-07-01T22:08:38.621+06:00  WARN 15424 --- [eduadvisor2] [  restartedMain] ConfigServletWebServerApplicationContext : Exception encountered during context initialization - cancelling refresh attempt: org.springframework.beans.factory.BeanCreationException: Error creating bean with name 'advisorController': Lookup method resolution failed
2026-07-01T22:08:38.621+06:00  INFO 15424 --- [eduadvisor2] [  restartedMain] j.LocalContainerEntityManagerFactoryBean : Closing JPA EntityManagerFactory for persistence unit 'default'
2026-07-01T22:08:38.622+06:00  INFO 15424 --- [eduadvisor2] [  restartedMain] com.zaxxer.hikari.HikariDataSource       : HikariPool-11 - Shutdown initiated...
2026-07-01T22:08:38.654+06:00  INFO 15424 --- [eduadvisor2] [  restartedMain] com.zaxxer.hikari.HikariDataSource       : HikariPool-11 - Shutdown completed.
2026-07-01T22:08:38.655+06:00  INFO 15424 --- [eduadvisor2] [  restartedMain] o.apache.catalina.core.StandardService   : Stopping service [Tomcat]
2026-07-01T22:08:38.671+06:00  INFO 15424 --- [eduadvisor2] [  restartedMain] .s.b.a.l.ConditionEvaluationReportLogger : 

Error starting ApplicationContext. To display the condition evaluation report re-run your application with 'debug' enabled.
2026-07-01T22:08:38.703+06:00 ERROR 15424 --- [eduadvisor2] [  restartedMain] o.s.boot.SpringApplication               : Application run failed

org.springframework.beans.factory.BeanCreationException: Error creating bean with name 'advisorController': Lookup method resolution failed
	at org.springframework.beans.factory.annotation.AutowiredAnnotationBeanPostProcessor.checkLookupMethods(AutowiredAnnotationBeanPostProcessor.java:482) ~[spring-beans-7.0.7.jar:7.0.7]
	at org.springframework.beans.factory.annotation.AutowiredAnnotationBeanPostProcessor.determineCandidateConstructors(AutowiredAnnotationBeanPostProcessor.java:352) ~[spring-beans-7.0.7.jar:7.0.7]
	at org.springframework.beans.factory.support.AbstractAutowireCapableBeanFactory.determineConstructorsFromBeanPostProcessors(AbstractAutowireCapableBeanFactory.java:1321) ~[spring-beans-7.0.7.jar:7.0.7]
	at org.springframework.beans.factory.support.AbstractAutowireCapableBeanFactory.createBeanInstance(AbstractAutowireCapableBeanFactory.java:1218) ~[spring-beans-7.0.7.jar:7.0.7]
	at org.springframework.beans.factory.support.AbstractAutowireCapableBeanFactory.doCreateBean(AbstractAutowireCapableBeanFactory.java:565) ~[spring-beans-7.0.7.jar:7.0.7]
	at org.springframework.beans.factory.support.AbstractAutowireCapableBeanFactory.createBean(AbstractAutowireCapableBeanFactory.java:525) ~[spring-beans-7.0.7.jar:7.0.7]
	at org.springframework.beans.factory.support.AbstractBeanFactory.lambda$doGetBean$0(AbstractBeanFactory.java:333) ~[spring-beans-7.0.7.jar:7.0.7]
	at org.springframework.beans.factory.support.DefaultSingletonBeanRegistry.getSingleton(DefaultSingletonBeanRegistry.java:371) ~[spring-beans-7.0.7.jar:7.0.7]
	at org.springframework.beans.factory.support.AbstractBeanFactory.doGetBean(AbstractBeanFactory.java:331) ~[spring-beans-7.0.7.jar:7.0.7]
	at org.springframework.beans.factory.support.AbstractBeanFactory.getBean(AbstractBeanFactory.java:196) ~[spring-beans-7.0.7.jar:7.0.7]
	at org.springframework.beans.factory.support.DefaultListableBeanFactory.instantiateSingleton(DefaultListableBeanFactory.java:1218) ~[spring-beans-7.0.7.jar:7.0.7]
	at org.springframework.beans.factory.support.DefaultListableBeanFactory.preInstantiateSingleton(DefaultListableBeanFactory.java:1184) ~[spring-beans-7.0.7.jar:7.0.7]
	at org.springframework.beans.factory.support.DefaultListableBeanFactory.preInstantiateSingletons(DefaultListableBeanFactory.java:1121) ~[spring-beans-7.0.7.jar:7.0.7]
	at org.springframework.context.support.AbstractApplicationContext.finishBeanFactoryInitialization(AbstractApplicationContext.java:994) ~[spring-context-7.0.7.jar:7.0.7]
	at org.springframework.context.support.AbstractApplicationContext.refresh(AbstractApplicationContext.java:621) ~[spring-context-7.0.7.jar:7.0.7]
	at org.springframework.boot.web.server.servlet.context.ServletWebServerApplicationContext.refresh(ServletWebServerApplicationContext.java:143) ~[spring-boot-web-server-4.0.6.jar:4.0.6]
	at org.springframework.boot.SpringApplication.refresh(SpringApplication.java:756) ~[spring-boot-4.0.6.jar:4.0.6]
	at org.springframework.boot.SpringApplication.refreshContext(SpringApplication.java:445) ~[spring-boot-4.0.6.jar:4.0.6]
	at org.springframework.boot.SpringApplication.run(SpringApplication.java:321) ~[spring-boot-4.0.6.jar:4.0.6]
	at org.springframework.boot.SpringApplication.run(SpringApplication.java:1365) ~[spring-boot-4.0.6.jar:4.0.6]
	at org.springframework.boot.SpringApplication.run(SpringApplication.java:1354) ~[spring-boot-4.0.6.jar:4.0.6]
	at com.example.eduadvisor2.Eduadvisor2Application.main(Eduadvisor2Application.java:12) ~[classes/:na]
	at java.base/jdk.internal.reflect.DirectMethodHandleAccessor.invoke(DirectMethodHandleAccessor.java:104) ~[na:na]
	at java.base/java.lang.reflect.Method.invoke(Method.java:565) ~[na:na]
	at org.springframework.boot.devtools.restart.RestartLauncher.run(RestartLauncher.java:52) ~[spring-boot-devtools-4.0.6.jar:4.0.6]
Caused by: java.lang.IllegalStateException: Failed to introspect Class [com.example.eduadvisor2.controller.AdvisorController] from ClassLoader [org.springframework.boot.devtools.restart.classloader.RestartClassLoader@76f7ca9d]
	at org.springframework.util.ReflectionUtils.getDeclaredMethods(ReflectionUtils.java:483) ~[spring-core-7.0.7.jar:7.0.7]
	at org.springframework.util.ReflectionUtils.doWithLocalMethods(ReflectionUtils.java:320) ~[spring-core-7.0.7.jar:7.0.7]
	at org.springframework.beans.factory.annotation.AutowiredAnnotationBeanPostProcessor.checkLookupMethods(AutowiredAnnotationBeanPostProcessor.java:460) ~[spring-beans-7.0.7.jar:7.0.7]
	... 24 common frames omitted
Caused by: java.lang.NoClassDefFoundError: com/example/eduadvisor2/model/Enrollment
	at java.base/java.lang.Class.getDeclaredMethods0(Native Method) ~[na:na]
	at java.base/java.lang.Class.privateGetDeclaredMethods(Class.java:3010) ~[na:na]
	at java.base/java.lang.Class.getDeclaredMethods(Class.java:2329) ~[na:na]
	at org.springframework.util.ReflectionUtils.getDeclaredMethods(ReflectionUtils.java:465) ~[spring-core-7.0.7.jar:7.0.7]
	... 26 common frames omitted
Caused by: java.lang.ClassNotFoundException: com.example.eduadvisor2.model.Enrollment
	at java.base/jdk.internal.loader.BuiltinClassLoader.loadClass(BuiltinClassLoader.java:580) ~[na:na]
	at java.base/java.lang.ClassLoader.loadClass(ClassLoader.java:490) ~[na:na]
	at java.base/java.lang.Class.forName0(Native Method) ~[na:na]
	at java.base/java.lang.Class.forName(Class.java:547) ~[na:na]
	at org.springframework.boot.devtools.restart.classloader.RestartClassLoader.loadClass(RestartClassLoader.java:123) ~[spring-boot-devtools-4.0.6.jar:4.0.6]
	at java.base/java.lang.ClassLoader.loadClass(ClassLoader.java:490) ~[na:na]
	... 30 common frames omitted


  .   ____          _            __ _ _
 /\\ / ___'_ __ _ _(_)_ __  __ _ \ \ \ \
( ( )\___ | '_ | '_| | '_ \/ _` | \ \ \ \
 \\/  ___)| |_)| | | | | || (_| |  ) ) ) )
  '  |____| .__|_| |_|_| |_\__, | / / / /
 =========|_|==============|___/=/_/_/_/

 :: Spring Boot ::                (v4.0.6)

2026-07-01T22:08:44.508+06:00  INFO 15424 --- [eduadvisor2] [  restartedMain] c.e.eduadvisor2.Eduadvisor2Application   : Starting Eduadvisor2Application using Java 25.0.2 with PID 15424 (D:\OOp_EduAdvisor\eduadvisor2\target\classes started by Windows in D:\OOp_EduAdvisor\eduadvisor2)
2026-07-01T22:08:44.509+06:00  INFO 15424 --- [eduadvisor2] [  restartedMain] c.e.eduadvisor2.Eduadvisor2Application   : No active profile set, falling back to 1 default profile: "default"
2026-07-01T22:08:44.795+06:00  INFO 15424 --- [eduadvisor2] [  restartedMain] .s.d.r.c.RepositoryConfigurationDelegate : Bootstrapping Spring Data JPA repositories in DEFAULT mode.
2026-07-01T22:08:44.843+06:00  INFO 15424 --- [eduadvisor2] [  restartedMain] .s.d.r.c.RepositoryConfigurationDelegate : Finished Spring Data repository scanning in 45 ms. Found 13 JPA repository interfaces.
2026-07-01T22:08:44.968+06:00  INFO 15424 --- [eduadvisor2] [  restartedMain] o.s.boot.tomcat.TomcatWebServer          : Tomcat initialized with port 8081 (http)
2026-07-01T22:08:44.970+06:00  INFO 15424 --- [eduadvisor2] [  restartedMain] o.apache.catalina.core.StandardService   : Starting service [Tomcat]
2026-07-01T22:08:44.971+06:00  INFO 15424 --- [eduadvisor2] [  restartedMain] o.apache.catalina.core.StandardEngine    : Starting Servlet engine: [Apache Tomcat/11.0.21]
2026-07-01T22:08:44.994+06:00  INFO 15424 --- [eduadvisor2] [  restartedMain] b.w.c.s.WebApplicationContextInitializer : Root WebApplicationContext: initialization completed in 483 ms
2026-07-01T22:08:45.071+06:00  INFO 15424 --- [eduadvisor2] [  restartedMain] org.hibernate.orm.jpa                    : HHH008540: Processing PersistenceUnitInfo [name: default]
2026-07-01T22:08:45.099+06:00  INFO 15424 --- [eduadvisor2] [  restartedMain] o.s.o.j.p.SpringPersistenceUnitInfo      : No LoadTimeWeaver setup: ignoring JPA class transformer
2026-07-01T22:08:45.099+06:00  INFO 15424 --- [eduadvisor2] [  restartedMain] com.zaxxer.hikari.HikariDataSource       : HikariPool-12 - Starting...
2026-07-01T22:08:45.124+06:00  INFO 15424 --- [eduadvisor2] [  restartedMain] com.zaxxer.hikari.pool.HikariPool        : HikariPool-12 - Added connection conn131: url=jdbc:h2:file:./data/studentadvicedb user=SA
2026-07-01T22:08:45.124+06:00  INFO 15424 --- [eduadvisor2] [  restartedMain] com.zaxxer.hikari.HikariDataSource       : HikariPool-12 - Start completed.
2026-07-01T22:08:45.125+06:00  INFO 15424 --- [eduadvisor2] [  restartedMain] org.hibernate.orm.connections.pooling    : HHH10001005: Database info:
	Database JDBC URL [jdbc:h2:file:./data/studentadvicedb]
	Database driver: H2 JDBC Driver
	Database dialect: H2Dialect
	Database version: 2.4.240
	Default catalog/schema: STUDENTADVICEDB/PUBLIC
	Autocommit mode: undefined/unknown
	Isolation level: READ_COMMITTED [default READ_COMMITTED]
	JDBC fetch size: 100
	Pool: DataSourceConnectionProvider
	Minimum pool size: undefined/unknown
	Maximum pool size: undefined/unknown
2026-07-01T22:08:45.317+06:00  INFO 15424 --- [eduadvisor2] [  restartedMain] org.hibernate.orm.core                   : HHH000489: No JTA platform available (set 'hibernate.transaction.jta.platform' to enable JTA platform integration)
Hibernate: 
    alter table if exists discussions 
       alter column answer set data type TEXT
Hibernate: 
    alter table if exists discussions 
       alter column answer_image_base64 set data type TEXT
Hibernate: 
    alter table if exists discussions 
       alter column question set data type TEXT
Hibernate: 
    alter table if exists discussions 
       alter column question_image_base64 set data type TEXT
Hibernate: 
    alter table if exists exam_paper_images 
       alter column image_base64 set data type TEXT
Hibernate: 
    alter table if exists lost_found_reports 
       alter column coordinator_note set data type TEXT
Hibernate: 
    alter table if exists lost_found_reports 
       alter column description set data type TEXT
Hibernate: 
    alter table if exists lost_found_reports 
       alter column image_base64 set data type TEXT
Hibernate: 
    alter table if exists schedule_events 
       add column notified boolean not null
2026-07-01T22:08:45.327+06:00  WARN 15424 --- [eduadvisor2] [  restartedMain] o.h.t.s.i.ExceptionHandlerLoggedImpl     : GenerationTarget encountered exception accepting command : Error executing DDL "
    alter table if exists schedule_events 
       add column notified boolean not null" via JDBC [NULL not allowed for column "NOTIFIED";]

org.hibernate.tool.schema.spi.CommandAcceptanceException: Error executing DDL "
    alter table if exists schedule_events 
       add column notified boolean not null" via JDBC [NULL not allowed for column "NOTIFIED";]
	at org.hibernate.tool.schema.internal.exec.GenerationTargetToDatabase.accept(GenerationTargetToDatabase.java:81) ~[hibernate-core-7.2.12.Final.jar:7.2.12.Final]
	at org.hibernate.tool.schema.internal.AbstractSchemaMigrator.applySqlString(AbstractSchemaMigrator.java:566) ~[hibernate-core-7.2.12.Final.jar:7.2.12.Final]
	at org.hibernate.tool.schema.internal.AbstractSchemaMigrator.applySqlStrings(AbstractSchemaMigrator.java:506) ~[hibernate-core-7.2.12.Final.jar:7.2.12.Final]
	at org.hibernate.tool.schema.internal.AbstractSchemaMigrator.migrateTable(AbstractSchemaMigrator.java:324) ~[hibernate-core-7.2.12.Final.jar:7.2.12.Final]
	at org.hibernate.tool.schema.internal.GroupedSchemaMigratorImpl.performTablesMigration(GroupedSchemaMigratorImpl.java:84) ~[hibernate-core-7.2.12.Final.jar:7.2.12.Final]
	at org.hibernate.tool.schema.internal.AbstractSchemaMigrator.performMigration(AbstractSchemaMigrator.java:220) ~[hibernate-core-7.2.12.Final.jar:7.2.12.Final]
	at org.hibernate.tool.schema.internal.AbstractSchemaMigrator.doMigration(AbstractSchemaMigrator.java:96) ~[hibernate-core-7.2.12.Final.jar:7.2.12.Final]
	at org.hibernate.tool.schema.spi.SchemaManagementToolCoordinator.performDatabaseAction(SchemaManagementToolCoordinator.java:269) ~[hibernate-core-7.2.12.Final.jar:7.2.12.Final]
	at org.hibernate.tool.schema.spi.SchemaManagementToolCoordinator.lambda$process$1(SchemaManagementToolCoordinator.java:101) ~[hibernate-core-7.2.12.Final.jar:7.2.12.Final]
	at java.base/java.util.HashMap.forEach(HashMap.java:1430) ~[na:na]
	at org.hibernate.tool.schema.spi.SchemaManagementToolCoordinator.process(SchemaManagementToolCoordinator.java:100) ~[hibernate-core-7.2.12.Final.jar:7.2.12.Final]
	at org.hibernate.boot.internal.SessionFactoryObserverForSchemaExport.sessionFactoryCreated(SessionFactoryObserverForSchemaExport.java:35) ~[hibernate-core-7.2.12.Final.jar:7.2.12.Final]
	at org.hibernate.internal.SessionFactoryObserverChain.sessionFactoryCreated(SessionFactoryObserverChain.java:33) ~[hibernate-core-7.2.12.Final.jar:7.2.12.Final]
	at org.hibernate.internal.SessionFactoryImpl.<init>(SessionFactoryImpl.java:323) ~[hibernate-core-7.2.12.Final.jar:7.2.12.Final]
	at org.hibernate.internal.SessionFactoryRegistry.instantiateSessionFactory(SessionFactoryRegistry.java:64) ~[hibernate-core-7.2.12.Final.jar:7.2.12.Final]
	at org.hibernate.boot.internal.SessionFactoryBuilderImpl.build(SessionFactoryBuilderImpl.java:437) ~[hibernate-core-7.2.12.Final.jar:7.2.12.Final]
	at org.hibernate.jpa.boot.internal.EntityManagerFactoryBuilderImpl.build(EntityManagerFactoryBuilderImpl.java:1456) ~[hibernate-core-7.2.12.Final.jar:7.2.12.Final]
	at org.springframework.orm.jpa.vendor.SpringHibernateJpaPersistenceProvider.createContainerEntityManagerFactory(SpringHibernateJpaPersistenceProvider.java:93) ~[spring-orm-7.0.7.jar:7.0.7]
	at org.springframework.orm.jpa.LocalContainerEntityManagerFactoryBean.createNativeEntityManagerFactory(LocalContainerEntityManagerFactoryBean.java:443) ~[spring-orm-7.0.7.jar:7.0.7]
	at org.springframework.orm.jpa.AbstractEntityManagerFactoryBean.buildNativeEntityManagerFactory(AbstractEntityManagerFactoryBean.java:436) ~[spring-orm-7.0.7.jar:7.0.7]
	at org.springframework.orm.jpa.AbstractEntityManagerFactoryBean.afterPropertiesSet(AbstractEntityManagerFactoryBean.java:411) ~[spring-orm-7.0.7.jar:7.0.7]
	at org.springframework.orm.jpa.LocalContainerEntityManagerFactoryBean.afterPropertiesSet(LocalContainerEntityManagerFactoryBean.java:419) ~[spring-orm-7.0.7.jar:7.0.7]
	at org.springframework.beans.factory.support.AbstractAutowireCapableBeanFactory.invokeInitMethods(AbstractAutowireCapableBeanFactory.java:1864) ~[spring-beans-7.0.7.jar:7.0.7]
	at org.springframework.beans.factory.support.AbstractAutowireCapableBeanFactory.initializeBean(AbstractAutowireCapableBeanFactory.java:1813) ~[spring-beans-7.0.7.jar:7.0.7]
	at org.springframework.beans.factory.support.AbstractAutowireCapableBeanFactory.doCreateBean(AbstractAutowireCapableBeanFactory.java:603) ~[spring-beans-7.0.7.jar:7.0.7]
	at org.springframework.beans.factory.support.AbstractAutowireCapableBeanFactory.createBean(AbstractAutowireCapableBeanFactory.java:525) ~[spring-beans-7.0.7.jar:7.0.7]
	at org.springframework.beans.factory.support.AbstractBeanFactory.lambda$doGetBean$0(AbstractBeanFactory.java:333) ~[spring-beans-7.0.7.jar:7.0.7]
	at org.springframework.beans.factory.support.DefaultSingletonBeanRegistry.getSingleton(DefaultSingletonBeanRegistry.java:371) ~[spring-beans-7.0.7.jar:7.0.7]
	at org.springframework.beans.factory.support.AbstractBeanFactory.doGetBean(AbstractBeanFactory.java:331) ~[spring-beans-7.0.7.jar:7.0.7]
	at org.springframework.beans.factory.support.AbstractBeanFactory.getBean(AbstractBeanFactory.java:201) ~[spring-beans-7.0.7.jar:7.0.7]
	at org.springframework.context.support.AbstractApplicationContext.finishBeanFactoryInitialization(AbstractApplicationContext.java:977) ~[spring-context-7.0.7.jar:7.0.7]
	at org.springframework.context.support.AbstractApplicationContext.refresh(AbstractApplicationContext.java:621) ~[spring-context-7.0.7.jar:7.0.7]
	at org.springframework.boot.web.server.servlet.context.ServletWebServerApplicationContext.refresh(ServletWebServerApplicationContext.java:143) ~[spring-boot-web-server-4.0.6.jar:4.0.6]
	at org.springframework.boot.SpringApplication.refresh(SpringApplication.java:756) ~[spring-boot-4.0.6.jar:4.0.6]
	at org.springframework.boot.SpringApplication.refreshContext(SpringApplication.java:445) ~[spring-boot-4.0.6.jar:4.0.6]
	at org.springframework.boot.SpringApplication.run(SpringApplication.java:321) ~[spring-boot-4.0.6.jar:4.0.6]
	at org.springframework.boot.SpringApplication.run(SpringApplication.java:1365) ~[spring-boot-4.0.6.jar:4.0.6]
	at org.springframework.boot.SpringApplication.run(SpringApplication.java:1354) ~[spring-boot-4.0.6.jar:4.0.6]
	at com.example.eduadvisor2.Eduadvisor2Application.main(Eduadvisor2Application.java:12) ~[classes/:na]
	at java.base/jdk.internal.reflect.DirectMethodHandleAccessor.invoke(DirectMethodHandleAccessor.java:104) ~[na:na]
	at java.base/java.lang.reflect.Method.invoke(Method.java:565) ~[na:na]
	at org.springframework.boot.devtools.restart.RestartLauncher.run(RestartLauncher.java:52) ~[spring-boot-devtools-4.0.6.jar:4.0.6]
Caused by: org.h2.jdbc.JdbcSQLIntegrityConstraintViolationException: NULL not allowed for column "NOTIFIED"; SQL statement:
INSERT INTO "PUBLIC"."SCHEDULE_EVENTS_COPY_3_0"("ID", "CREATED_AT", "DATE", "STUDENT_ID", "TIME", "TITLE", "TYPE") OVERRIDING SYSTEM VALUE SELECT "ID", "CREATED_AT", "DATE", "STUDENT_ID", "TIME", "TITLE", "TYPE" FROM "PUBLIC"."SCHEDULE_EVENTS" [23502-240]
	at org.h2.message.DbException.getJdbcSQLException(DbException.java:520) ~[h2-2.4.240.jar:2.4.240]
	at org.h2.message.DbException.getJdbcSQLException(DbException.java:489) ~[h2-2.4.240.jar:2.4.240]
	at org.h2.message.DbException.get(DbException.java:223) ~[h2-2.4.240.jar:2.4.240]
	at org.h2.message.DbException.get(DbException.java:199) ~[h2-2.4.240.jar:2.4.240]
	at org.h2.table.Column.validateConvertUpdateSequence(Column.java:406) ~[h2-2.4.240.jar:2.4.240]
	at org.h2.table.Table.convertInsertRow(Table.java:948) ~[h2-2.4.240.jar:2.4.240]
	at org.h2.command.dml.Insert.addRow(Insert.java:229) ~[h2-2.4.240.jar:2.4.240]
	at org.h2.command.dml.Insert.insertRows(Insert.java:203) ~[h2-2.4.240.jar:2.4.240]
	at org.h2.command.dml.Insert.update(Insert.java:135) ~[h2-2.4.240.jar:2.4.240]
	at org.h2.command.dml.DataChangeStatement.update(DataChangeStatement.java:77) ~[h2-2.4.240.jar:2.4.240]
	at org.h2.command.CommandContainer.update(CommandContainer.java:139) ~[h2-2.4.240.jar:2.4.240]
	at org.h2.command.Command.executeUpdate(Command.java:306) ~[h2-2.4.240.jar:2.4.240]
	at org.h2.command.Command.executeUpdate(Command.java:250) ~[h2-2.4.240.jar:2.4.240]
	at org.h2.command.ddl.AlterTableAlterColumn.execute(AlterTableAlterColumn.java:648) ~[h2-2.4.240.jar:2.4.240]
	at org.h2.command.ddl.AlterTableAlterColumn.cloneTableStructure(AlterTableAlterColumn.java:560) ~[h2-2.4.240.jar:2.4.240]
	at org.h2.command.ddl.AlterTableAlterColumn.copyData(AlterTableAlterColumn.java:343) ~[h2-2.4.240.jar:2.4.240]
	at org.h2.command.ddl.AlterTableAlterColumn.update(AlterTableAlterColumn.java:244) ~[h2-2.4.240.jar:2.4.240]
	at org.h2.command.CommandContainer.update(CommandContainer.java:139) ~[h2-2.4.240.jar:2.4.240]
	at org.h2.command.Command.executeUpdate(Command.java:306) ~[h2-2.4.240.jar:2.4.240]
	at org.h2.command.Command.executeUpdate(Command.java:250) ~[h2-2.4.240.jar:2.4.240]
	at org.h2.jdbc.JdbcStatement.executeInternal(JdbcStatement.java:262) ~[h2-2.4.240.jar:2.4.240]
	at org.h2.jdbc.JdbcStatement.execute(JdbcStatement.java:231) ~[h2-2.4.240.jar:2.4.240]
	at com.zaxxer.hikari.pool.ProxyStatement.execute(ProxyStatement.java:95) ~[HikariCP-7.0.2.jar:na]
	at com.zaxxer.hikari.pool.HikariProxyStatement.execute(HikariProxyStatement.java) ~[HikariCP-7.0.2.jar:na]
	at org.hibernate.tool.schema.internal.exec.GenerationTargetToDatabase.accept(GenerationTargetToDatabase.java:76) ~[hibernate-core-7.2.12.Final.jar:7.2.12.Final]
	... 41 common frames omitted

2026-07-01T22:08:45.332+06:00  INFO 15424 --- [eduadvisor2] [  restartedMain] j.LocalContainerEntityManagerFactoryBean : Initialized JPA EntityManagerFactory for persistence unit 'default'
2026-07-01T22:08:45.577+06:00  INFO 15424 --- [eduadvisor2] [  restartedMain] o.s.b.w.a.WelcomePageHandlerMapping      : Adding welcome page template: index
2026-07-01T22:08:45.797+06:00  INFO 15424 --- [eduadvisor2] [  restartedMain] o.s.b.a.e.web.EndpointLinksResolver      : Exposing 1 endpoint beneath base path '/actuator'
2026-07-01T22:08:45.820+06:00  INFO 15424 --- [eduadvisor2] [  restartedMain] o.s.boot.tomcat.TomcatWebServer          : Tomcat started on port 8081 (http) with context path '/'
2026-07-01T22:08:45.825+06:00  INFO 15424 --- [eduadvisor2] [  restartedMain] c.e.eduadvisor2.Eduadvisor2Application   : Started Eduadvisor2Application in 1.346 seconds (process running for 9717.101)
Hibernate: 
    select
        count(*) 
    from
        students s1_0
Hibernate: 
    select
        count(*) 
    from
        teachers t1_0
Hibernate: 
    select
        count(*) 
    from
        courses c1_0
Hibernate: 
    select
        count(*) 
    from
        enrollments e1_0
Hibernate: 
    select
        t1_0.id,
        t1_0.coordinator,
        t1_0.department,
        t1_0.designation,
        t1_0.email,
        t1_0.name,
        t1_0.password,
        t1_0.photo,
        t1_0.photo_type,
        t1_0.teacher_id 
    from
        teachers t1_0 
    where
        t1_0.teacher_id=?
Hibernate: 
    select
        t1_0.id,
        t1_0.coordinator,
        t1_0.department,
        t1_0.designation,
        t1_0.email,
        t1_0.name,
        t1_0.password,
        t1_0.photo,
        t1_0.photo_type,
        t1_0.teacher_id 
    from
        teachers t1_0 
    where
        t1_0.teacher_id=?
Hibernate: 
    select
        t1_0.id,
        t1_0.coordinator,
        t1_0.department,
        t1_0.designation,
        t1_0.email,
        t1_0.name,
        t1_0.password,
        t1_0.photo,
        t1_0.photo_type,
        t1_0.teacher_id 
    from
        teachers t1_0 
    where
        t1_0.teacher_id=?
2026-07-01T22:08:45.892+06:00  INFO 15424 --- [eduadvisor2] [  restartedMain] .ConditionEvaluationDeltaLoggingListener : Condition evaluation unchanged
2026-07-01T22:09:44.734+06:00  INFO 15424 --- [eduadvisor2] [nio-8081-exec-1] o.a.c.c.C.[Tomcat-1].[localhost].[/]     : Initializing Spring DispatcherServlet 'dispatcherServlet'
2026-07-01T22:09:44.734+06:00  INFO 15424 --- [eduadvisor2] [nio-8081-exec-1] o.s.web.servlet.DispatcherServlet        : Initializing Servlet 'dispatcherServlet'
2026-07-01T22:09:44.740+06:00  INFO 15424 --- [eduadvisor2] [nio-8081-exec-1] o.s.web.servlet.DispatcherServlet        : Completed initialization in 5 ms
Hibernate: 
    select
        t1_0.id,
        t1_0.coordinator,
        t1_0.department,
        t1_0.designation,
        t1_0.email,
        t1_0.name,
        t1_0.password,
        t1_0.photo,
        t1_0.photo_type,
        t1_0.teacher_id 
    from
        teachers t1_0 
    where
        t1_0.teacher_id=?
Hibernate: 
    select
        t1_0.id,
        t1_0.coordinator,
        t1_0.department,
        t1_0.designation,
        t1_0.email,
        t1_0.name,
        t1_0.password,
        t1_0.photo,
        t1_0.photo_type,
        t1_0.teacher_id 
    from
        teachers t1_0 
    where
        t1_0.teacher_id=?
Hibernate: 
    select
        c1_0.code,
        c1_0.category,
        c1_0.color,
        c1_0.credits,
        c1_0.days,
        c1_0.end_time,
        c1_0.instructor,
        c1_0.name,
        c1_0.room,
        c1_0.start_time,
        c1_0.teacher_id 
    from
        courses c1_0 
    where
        c1_0.instructor=?
Hibernate: 
    select
        e1_0.id,
        e1_0.course_id,
        e1_0.enrolled_at,
        e1_0.student_id 
    from
        enrollments e1_0 
    where
        e1_0.course_id=?
Hibernate: 
    select
        c1_0.code,
        c1_0.category,
        c1_0.color,
        c1_0.credits,
        c1_0.days,
        c1_0.end_time,
        c1_0.instructor,
        c1_0.name,
        c1_0.room,
        c1_0.start_time,
        c1_0.teacher_id 
    from
        courses c1_0 
    where
        c1_0.code=?
Hibernate: 
    select
        s1_0.id,
        s1_0.academic_year,
        s1_0.credits_completed,
        s1_0.email,
        s1_0.gpa,
        s1_0.name,
        s1_0.notif_email,
        s1_0.password,
        s1_0.program,
        s1_0.student_id 
    from
        students s1_0 
    where
        s1_0.student_id=?
Hibernate: 
    select
        s1_0.id,
        s1_0.academic_year,
        s1_0.credits_completed,
        s1_0.email,
        s1_0.gpa,
        s1_0.name,
        s1_0.notif_email,
        s1_0.password,
        s1_0.program,
        s1_0.student_id 
    from
        students s1_0 
    where
        s1_0.student_id=?
Hibernate: 
    select
        s1_0.id,
        s1_0.academic_year,
        s1_0.credits_completed,
        s1_0.email,
        s1_0.gpa,
        s1_0.name,
        s1_0.notif_email,
        s1_0.password,
        s1_0.program,
        s1_0.student_id 
    from
        students s1_0 
    where
        s1_0.student_id=?
Hibernate: 
    select
        s1_0.id,
        s1_0.academic_year,
        s1_0.credits_completed,
        s1_0.email,
        s1_0.gpa,
        s1_0.name,
        s1_0.notif_email,
        s1_0.password,
        s1_0.program,
        s1_0.student_id 
    from
        students s1_0 
    where
        s1_0.student_id=?
Hibernate: 
    select
        e1_0.id,
        e1_0.course_id,
        e1_0.enrolled_at,
        e1_0.student_id 
    from
        enrollments e1_0 
    where
        e1_0.course_id=?
Hibernate: 
    select
        c1_0.code,
        c1_0.category,
        c1_0.color,
        c1_0.credits,
        c1_0.days,
        c1_0.end_time,
        c1_0.instructor,
        c1_0.name,
        c1_0.room,
        c1_0.start_time,
        c1_0.teacher_id 
    from
        courses c1_0 
    where
        c1_0.code=?
Hibernate: 
    select
        s1_0.id,
        s1_0.academic_year,
        s1_0.credits_completed,
        s1_0.email,
        s1_0.gpa,
        s1_0.name,
        s1_0.notif_email,
        s1_0.password,
        s1_0.program,
        s1_0.student_id 
    from
        students s1_0 
    where
        s1_0.student_id=?
Hibernate: 
    select
        b1_0.id,
        b1_0.booked_at,
        b1_0.reason,
        b1_0.slot,
        b1_0.student_id,
        b1_0.teacher_name 
    from
        bookings b1_0 
    where
        b1_0.teacher_name=? 
    order by
        b1_0.booked_at desc
Hibernate: 
    select
        t1_0.id,
        t1_0.coordinator,
        t1_0.department,
        t1_0.designation,
        t1_0.email,
        t1_0.name,
        t1_0.password,
        t1_0.photo,
        t1_0.photo_type,
        t1_0.teacher_id 
    from
        teachers t1_0 
    where
        t1_0.teacher_id=?
Hibernate: 
    select
        c1_0.code,
        c1_0.category,
        c1_0.color,
        c1_0.credits,
        c1_0.days,
        c1_0.end_time,
        c1_0.instructor,
        c1_0.name,
        c1_0.room,
        c1_0.start_time,
        c1_0.teacher_id 
    from
        courses c1_0 
    where
        c1_0.instructor=?
Hibernate: 
    select
        e1_0.id,
        e1_0.course_id,
        e1_0.enrolled_at,
        e1_0.student_id 
    from
        enrollments e1_0 
    where
        e1_0.course_id=?
Hibernate: 
    select
        c1_0.code,
        c1_0.category,
        c1_0.color,
        c1_0.credits,
        c1_0.days,
        c1_0.end_time,
        c1_0.instructor,
        c1_0.name,
        c1_0.room,
        c1_0.start_time,
        c1_0.teacher_id 
    from
        courses c1_0 
    where
        c1_0.code=?
Hibernate: 
    select
        e1_0.id,
        e1_0.course_id,
        e1_0.enrolled_at,
        e1_0.student_id 
    from
        enrollments e1_0 
    where
        e1_0.course_id=?
Hibernate: 
    select
        c1_0.code,
        c1_0.category,
        c1_0.color,
        c1_0.credits,
        c1_0.days,
        c1_0.end_time,
        c1_0.instructor,
        c1_0.name,
        c1_0.room,
        c1_0.start_time,
        c1_0.teacher_id 
    from
        courses c1_0 
    where
        c1_0.code=?
Hibernate: 
    select
        as1_0.id,
        as1_0.assessment_type,
        as1_0.course_code,
        as1_0.course_name,
        as1_0.max_score,
        as1_0.notes,
        as1_0.recorded_at,
        as1_0.score,
        as1_0.student_id 
    from
        assessment_scores as1_0 
    where
        as1_0.student_id in (?, ?, ?, ?, ?)
Hibernate: 
    select
        s1_0.id,
        s1_0.academic_year,
        s1_0.credits_completed,
        s1_0.email,
        s1_0.gpa,
        s1_0.name,
        s1_0.notif_email,
        s1_0.password,
        s1_0.program,
        s1_0.student_id 
    from
        students s1_0 
    where
        s1_0.student_id=?
Hibernate: 
    select
        s1_0.id,
        s1_0.academic_year,
        s1_0.credits_completed,
        s1_0.email,
        s1_0.gpa,
        s1_0.name,
        s1_0.notif_email,
        s1_0.password,
        s1_0.program,
        s1_0.student_id 
    from
        students s1_0 
    where
        s1_0.student_id=?
Hibernate: 
    select
        lfr1_0.id,
        lfr1_0.coordinator_note,
        lfr1_0.description,
        lfr1_0.image_base64,
        lfr1_0.image_type,
        lfr1_0.location,
        lfr1_0.reported_at,
        lfr1_0.status,
        lfr1_0.student_email,
        lfr1_0.student_id,
        lfr1_0.student_name,
        lfr1_0.updated_at 
    from
        lost_found_reports lfr1_0 
    order by
        lfr1_0.reported_at desc
Hibernate: 
    select
        c1_0.code,
        c1_0.category,
        c1_0.color,
        c1_0.credits,
        c1_0.days,
        c1_0.end_time,
        c1_0.instructor,
        c1_0.name,
        c1_0.room,
        c1_0.start_time,
        c1_0.teacher_id 
    from
        courses c1_0 
    order by
        c1_0.code
Hibernate: 
    select
        t1_0.id,
        t1_0.coordinator,
        t1_0.department,
        t1_0.designation,
        t1_0.email,
        t1_0.name,
        t1_0.password,
        t1_0.photo,
        t1_0.photo_type,
        t1_0.teacher_id 
    from
        teachers t1_0 
    where
        t1_0.name=?
Hibernate: 
    select
        e1_0.id,
        e1_0.course_id,
        e1_0.enrolled_at,
        e1_0.student_id 
    from
        enrollments e1_0 
    where
        e1_0.course_id=?
Hibernate: 
    select
        t1_0.id,
        t1_0.coordinator,
        t1_0.department,
        t1_0.designation,
        t1_0.email,
        t1_0.name,
        t1_0.password,
        t1_0.photo,
        t1_0.photo_type,
        t1_0.teacher_id 
    from
        teachers t1_0 
    where
        t1_0.name=?
Hibernate: 
    select
        e1_0.id,
        e1_0.course_id,
        e1_0.enrolled_at,
        e1_0.student_id 
    from
        enrollments e1_0 
    where
        e1_0.course_id=?
Hibernate: 
    select
        c1_0.code,
        c1_0.category,
        c1_0.color,
        c1_0.credits,
        c1_0.days,
        c1_0.end_time,
        c1_0.instructor,
        c1_0.name,
        c1_0.room,
        c1_0.start_time,
        c1_0.teacher_id 
    from
        courses c1_0 
    where
        c1_0.code=?
Hibernate: 
    select
        s1_0.id,
        s1_0.academic_year,
        s1_0.credits_completed,
        s1_0.email,
        s1_0.gpa,
        s1_0.name,
        s1_0.notif_email,
        s1_0.password,
        s1_0.program,
        s1_0.student_id 
    from
        students s1_0 
    where
        s1_0.student_id=?
Hibernate: 
    select
        t1_0.id,
        t1_0.coordinator,
        t1_0.department,
        t1_0.designation,
        t1_0.email,
        t1_0.name,
        t1_0.password,
        t1_0.photo,
        t1_0.photo_type,
        t1_0.teacher_id 
    from
        teachers t1_0 
    where
        t1_0.name=?
Hibernate: 
    select
        e1_0.id,
        e1_0.course_id,
        e1_0.enrolled_at,
        e1_0.student_id 
    from
        enrollments e1_0 
    where
        e1_0.course_id=?
Hibernate: 
    select
        c1_0.code,
        c1_0.category,
        c1_0.color,
        c1_0.credits,
        c1_0.days,
        c1_0.end_time,
        c1_0.instructor,
        c1_0.name,
        c1_0.room,
        c1_0.start_time,
        c1_0.teacher_id 
    from
        courses c1_0 
    where
        c1_0.code=?
Hibernate: 
    select
        s1_0.id,
        s1_0.academic_year,
        s1_0.credits_completed,
        s1_0.email,
        s1_0.gpa,
        s1_0.name,
        s1_0.notif_email,
        s1_0.password,
        s1_0.program,
        s1_0.student_id 
    from
        students s1_0 
    where
        s1_0.student_id=?
Hibernate: 
    select
        s1_0.id,
        s1_0.academic_year,
        s1_0.credits_completed,
        s1_0.email,
        s1_0.gpa,
        s1_0.name,
        s1_0.notif_email,
        s1_0.password,
        s1_0.program,
        s1_0.student_id 
    from
        students s1_0 
    where
        s1_0.student_id=?
Hibernate: 
    select
        s1_0.id,
        s1_0.academic_year,
        s1_0.credits_completed,
        s1_0.email,
        s1_0.gpa,
        s1_0.name,
        s1_0.notif_email,
        s1_0.password,
        s1_0.program,
        s1_0.student_id 
    from
        students s1_0 
    where
        s1_0.student_id=?
Hibernate: 
    select
        s1_0.id,
        s1_0.academic_year,
        s1_0.credits_completed,
        s1_0.email,
        s1_0.gpa,
        s1_0.name,
        s1_0.notif_email,
        s1_0.password,
        s1_0.program,
        s1_0.student_id 
    from
        students s1_0 
    where
        s1_0.student_id=?
Hibernate: 
    select
        t1_0.id,
        t1_0.coordinator,
        t1_0.department,
        t1_0.designation,
        t1_0.email,
        t1_0.name,
        t1_0.password,
        t1_0.photo,
        t1_0.photo_type,
        t1_0.teacher_id 
    from
        teachers t1_0 
    where
        t1_0.name=?
Hibernate: 
    select
        e1_0.id,
        e1_0.course_id,
        e1_0.enrolled_at,
        e1_0.student_id 
    from
        enrollments e1_0 
    where
        e1_0.course_id=?
Hibernate: 
    select
        c1_0.code,
        c1_0.category,
        c1_0.color,
        c1_0.credits,
        c1_0.days,
        c1_0.end_time,
        c1_0.instructor,
        c1_0.name,
        c1_0.room,
        c1_0.start_time,
        c1_0.teacher_id 
    from
        courses c1_0 
    where
        c1_0.code=?
Hibernate: 
    select
        s1_0.id,
        s1_0.academic_year,
        s1_0.credits_completed,
        s1_0.email,
        s1_0.gpa,
        s1_0.name,
        s1_0.notif_email,
        s1_0.password,
        s1_0.program,
        s1_0.student_id 
    from
        students s1_0 
    where
        s1_0.student_id=?
Hibernate: 
    select
        s1_0.id,
        s1_0.academic_year,
        s1_0.credits_completed,
        s1_0.email,
        s1_0.gpa,
        s1_0.name,
        s1_0.notif_email,
        s1_0.password,
        s1_0.program,
        s1_0.student_id 
    from
        students s1_0 
    where
        s1_0.student_id=?
Hibernate: 
    select
        t1_0.id,
        t1_0.coordinator,
        t1_0.department,
        t1_0.designation,
        t1_0.email,
        t1_0.name,
        t1_0.password,
        t1_0.photo,
        t1_0.photo_type,
        t1_0.teacher_id 
    from
        teachers t1_0 
    where
        t1_0.name=?
Hibernate: 
    select
        e1_0.id,
        e1_0.course_id,
        e1_0.enrolled_at,
        e1_0.student_id 
    from
        enrollments e1_0 
    where
        e1_0.course_id=?
Hibernate: 
    select
        c1_0.code,
        c1_0.category,
        c1_0.color,
        c1_0.credits,
        c1_0.days,
        c1_0.end_time,
        c1_0.instructor,
        c1_0.name,
        c1_0.room,
        c1_0.start_time,
        c1_0.teacher_id 
    from
        courses c1_0 
    where
        c1_0.code=?
Hibernate: 
    select
        s1_0.id,
        s1_0.academic_year,
        s1_0.credits_completed,
        s1_0.email,
        s1_0.gpa,
        s1_0.name,
        s1_0.notif_email,
        s1_0.password,
        s1_0.program,
        s1_0.student_id 
    from
        students s1_0 
    where
        s1_0.student_id=?
Hibernate: 
    select
        s1_0.id,
        s1_0.academic_year,
        s1_0.credits_completed,
        s1_0.email,
        s1_0.gpa,
        s1_0.name,
        s1_0.notif_email,
        s1_0.password,
        s1_0.program,
        s1_0.student_id 
    from
        students s1_0 
    where
        s1_0.student_id=?
Hibernate: 
    select
        t1_0.id,
        t1_0.coordinator,
        t1_0.department,
        t1_0.designation,
        t1_0.email,
        t1_0.name,
        t1_0.password,
        t1_0.photo,
        t1_0.photo_type,
        t1_0.teacher_id 
    from
        teachers t1_0 
    where
        t1_0.name=?
Hibernate: 
    select
        e1_0.id,
        e1_0.course_id,
        e1_0.enrolled_at,
        e1_0.student_id 
    from
        enrollments e1_0 
    where
        e1_0.course_id=?
Hibernate: 
    select
        c1_0.code,
        c1_0.category,
        c1_0.color,
        c1_0.credits,
        c1_0.days,
        c1_0.end_time,
        c1_0.instructor,
        c1_0.name,
        c1_0.room,
        c1_0.start_time,
        c1_0.teacher_id 
    from
        courses c1_0 
    where
        c1_0.code=?
Hibernate: 
    select
        s1_0.id,
        s1_0.academic_year,
        s1_0.credits_completed,
        s1_0.email,
        s1_0.gpa,
        s1_0.name,
        s1_0.notif_email,
        s1_0.password,
        s1_0.program,
        s1_0.student_id 
    from
        students s1_0 
    where
        s1_0.student_id=?
Hibernate: 
    select
        s1_0.id,
        s1_0.academic_year,
        s1_0.credits_completed,
        s1_0.email,
        s1_0.gpa,
        s1_0.name,
        s1_0.notif_email,
        s1_0.password,
        s1_0.program,
        s1_0.student_id 
    from
        students s1_0 
    where
        s1_0.student_id=?
Hibernate: 
    select
        t1_0.id,
        t1_0.coordinator,
        t1_0.department,
        t1_0.designation,
        t1_0.email,
        t1_0.name,
        t1_0.password,
        t1_0.photo,
        t1_0.photo_type,
        t1_0.teacher_id 
    from
        teachers t1_0 
    where
        t1_0.name=?
Hibernate: 
    select
        e1_0.id,
        e1_0.course_id,
        e1_0.enrolled_at,
        e1_0.student_id 
    from
        enrollments e1_0 
    where
        e1_0.course_id=?
Hibernate: 
    select
        c1_0.code,
        c1_0.category,
        c1_0.color,
        c1_0.credits,
        c1_0.days,
        c1_0.end_time,
        c1_0.instructor,
        c1_0.name,
        c1_0.room,
        c1_0.start_time,
        c1_0.teacher_id 
    from
        courses c1_0 
    where
        c1_0.code=?
Hibernate: 
    select
        s1_0.id,
        s1_0.academic_year,
        s1_0.credits_completed,
        s1_0.email,
        s1_0.gpa,
        s1_0.name,
        s1_0.notif_email,
        s1_0.password,
        s1_0.program,
        s1_0.student_id 
    from
        students s1_0 
    where
        s1_0.student_id=?
Hibernate: 
    select
        t1_0.id,
        t1_0.coordinator,
        t1_0.department,
        t1_0.designation,
        t1_0.email,
        t1_0.name,
        t1_0.password,
        t1_0.photo,
        t1_0.photo_type,
        t1_0.teacher_id 
    from
        teachers t1_0 
    where
        t1_0.name=?
Hibernate: 
    select
        e1_0.id,
        e1_0.course_id,
        e1_0.enrolled_at,
        e1_0.student_id 
    from
        enrollments e1_0 
    where
        e1_0.course_id=?
Hibernate: 
    select
        c1_0.code,
        c1_0.category,
        c1_0.color,
        c1_0.credits,
        c1_0.days,
        c1_0.end_time,
        c1_0.instructor,
        c1_0.name,
        c1_0.room,
        c1_0.start_time,
        c1_0.teacher_id 
    from
        courses c1_0 
    where
        c1_0.code=?
Hibernate: 
    select
        s1_0.id,
        s1_0.academic_year,
        s1_0.credits_completed,
        s1_0.email,
        s1_0.gpa,
        s1_0.name,
        s1_0.notif_email,
        s1_0.password,
        s1_0.program,
        s1_0.student_id 
    from
        students s1_0 
    where
        s1_0.student_id=?
Hibernate: 
    select
        s1_0.id,
        s1_0.academic_year,
        s1_0.credits_completed,
        s1_0.email,
        s1_0.gpa,
        s1_0.name,
        s1_0.notif_email,
        s1_0.password,
        s1_0.program,
        s1_0.student_id 
    from
        students s1_0 
    where
        s1_0.student_id=?
Hibernate: 
    select
        t1_0.id,
        t1_0.coordinator,
        t1_0.department,
        t1_0.designation,
        t1_0.email,
        t1_0.name,
        t1_0.password,
        t1_0.photo,
        t1_0.photo_type,
        t1_0.teacher_id 
    from
        teachers t1_0 
    where
        t1_0.name=?
Hibernate: 
    select
        e1_0.id,
        e1_0.course_id,
        e1_0.enrolled_at,
        e1_0.student_id 
    from
        enrollments e1_0 
    where
        e1_0.course_id=?
Hibernate: 
    select
        c1_0.code,
        c1_0.category,
        c1_0.color,
        c1_0.credits,
        c1_0.days,
        c1_0.end_time,
        c1_0.instructor,
        c1_0.name,
        c1_0.room,
        c1_0.start_time,
        c1_0.teacher_id 
    from
        courses c1_0 
    where
        c1_0.code=?
Hibernate: 
    select
        s1_0.id,
        s1_0.academic_year,
        s1_0.credits_completed,
        s1_0.email,
        s1_0.gpa,
        s1_0.name,
        s1_0.notif_email,
        s1_0.password,
        s1_0.program,
        s1_0.student_id 
    from
        students s1_0 
    where
        s1_0.student_id=?
Hibernate: 
    select
        t1_0.id,
        t1_0.coordinator,
        t1_0.department,
        t1_0.designation,
        t1_0.email,
        t1_0.name,
        t1_0.password,
        t1_0.photo,
        t1_0.photo_type,
        t1_0.teacher_id 
    from
        teachers t1_0 
    where
        t1_0.name=?
Hibernate: 
    select
        e1_0.id,
        e1_0.course_id,
        e1_0.enrolled_at,
        e1_0.student_id 
    from
        enrollments e1_0 
    where
        e1_0.course_id=?
Hibernate: 
    select
        c1_0.code,
        c1_0.category,
        c1_0.color,
        c1_0.credits,
        c1_0.days,
        c1_0.end_time,
        c1_0.instructor,
        c1_0.name,
        c1_0.room,
        c1_0.start_time,
        c1_0.teacher_id 
    from
        courses c1_0 
    where
        c1_0.code=?
Hibernate: 
    select
        s1_0.id,
        s1_0.academic_year,
        s1_0.credits_completed,
        s1_0.email,
        s1_0.gpa,
        s1_0.name,
        s1_0.notif_email,
        s1_0.password,
        s1_0.program,
        s1_0.student_id 
    from
        students s1_0 
    where
        s1_0.student_id=?
Hibernate: 
    select
        t1_0.id,
        t1_0.coordinator,
        t1_0.department,
        t1_0.designation,
        t1_0.email,
        t1_0.name,
        t1_0.password,
        t1_0.photo,
        t1_0.photo_type,
        t1_0.teacher_id 
    from
        teachers t1_0 
    where
        t1_0.name=?
Hibernate: 
    select
        e1_0.id,
        e1_0.course_id,
        e1_0.enrolled_at,
        e1_0.student_id 
    from
        enrollments e1_0 
    where
        e1_0.course_id=?
Hibernate: 
    select
        c1_0.code,
        c1_0.category,
        c1_0.color,
        c1_0.credits,
        c1_0.days,
        c1_0.end_time,
        c1_0.instructor,
        c1_0.name,
        c1_0.room,
        c1_0.start_time,
        c1_0.teacher_id 
    from
        courses c1_0 
    where
        c1_0.code=?
Hibernate: 
    select
        s1_0.id,
        s1_0.academic_year,
        s1_0.credits_completed,
        s1_0.email,
        s1_0.gpa,
        s1_0.name,
        s1_0.notif_email,
        s1_0.password,
        s1_0.program,
        s1_0.student_id 
    from
        students s1_0 
    where
        s1_0.student_id=?
Hibernate: 
    select
        t1_0.id,
        t1_0.coordinator,
        t1_0.department,
        t1_0.designation,
        t1_0.email,
        t1_0.name,
        t1_0.password,
        t1_0.photo,
        t1_0.photo_type,
        t1_0.teacher_id 
    from
        teachers t1_0 
    where
        t1_0.name=?
Hibernate: 
    select
        e1_0.id,
        e1_0.course_id,
        e1_0.enrolled_at,
        e1_0.student_id 
    from
        enrollments e1_0 
    where
        e1_0.course_id=?
Hibernate: 
    select
        c1_0.code,
        c1_0.category,
        c1_0.color,
        c1_0.credits,
        c1_0.days,
        c1_0.end_time,
        c1_0.instructor,
        c1_0.name,
        c1_0.room,
        c1_0.start_time,
        c1_0.teacher_id 
    from
        courses c1_0 
    where
        c1_0.code=?
Hibernate: 
    select
        s1_0.id,
        s1_0.academic_year,
        s1_0.credits_completed,
        s1_0.email,
        s1_0.gpa,
        s1_0.name,
        s1_0.notif_email,
        s1_0.password,
        s1_0.program,
        s1_0.student_id 
    from
        students s1_0 
    where
        s1_0.student_id=?
Hibernate: 
    select
        t1_0.id,
        t1_0.coordinator,
        t1_0.department,
        t1_0.designation,
        t1_0.email,
        t1_0.name,
        t1_0.password,
        t1_0.photo,
        t1_0.photo_type,
        t1_0.teacher_id 
    from
        teachers t1_0 
    where
        t1_0.name=?
Hibernate: 
    select
        e1_0.id,
        e1_0.course_id,
        e1_0.enrolled_at,
        e1_0.student_id 
    from
        enrollments e1_0 
    where
        e1_0.course_id=?
Hibernate: 
    select
        c1_0.code,
        c1_0.category,
        c1_0.color,
        c1_0.credits,
        c1_0.days,
        c1_0.end_time,
        c1_0.instructor,
        c1_0.name,
        c1_0.room,
        c1_0.start_time,
        c1_0.teacher_id 
    from
        courses c1_0 
    where
        c1_0.code=?
Hibernate: 
    select
        s1_0.id,
        s1_0.academic_year,
        s1_0.credits_completed,
        s1_0.email,
        s1_0.gpa,
        s1_0.name,
        s1_0.notif_email,
        s1_0.password,
        s1_0.program,
        s1_0.student_id 
    from
        students s1_0 
    where
        s1_0.student_id=?
Hibernate: 
    select
        s1_0.id,
        s1_0.academic_year,
        s1_0.credits_completed,
        s1_0.email,
        s1_0.gpa,
        s1_0.name,
        s1_0.notif_email,
        s1_0.password,
        s1_0.program,
        s1_0.student_id 
    from
        students s1_0 
    where
        s1_0.student_id=?
Hibernate: 
    select
        t1_0.id,
        t1_0.coordinator,
        t1_0.department,
        t1_0.designation,
        t1_0.email,
        t1_0.name,
        t1_0.password,
        t1_0.photo,
        t1_0.photo_type,
        t1_0.teacher_id 
    from
        teachers t1_0 
    where
        t1_0.name=?
Hibernate: 
    select
        e1_0.id,
        e1_0.course_id,
        e1_0.enrolled_at,
        e1_0.student_id 
    from
        enrollments e1_0 
    where
        e1_0.course_id=?
Hibernate: 
    select
        c1_0.code,
        c1_0.category,
        c1_0.color,
        c1_0.credits,
        c1_0.days,
        c1_0.end_time,
        c1_0.instructor,
        c1_0.name,
        c1_0.room,
        c1_0.start_time,
        c1_0.teacher_id 
    from
        courses c1_0 
    where
        c1_0.code=?
Hibernate: 
    select
        s1_0.id,
        s1_0.academic_year,
        s1_0.credits_completed,
        s1_0.email,
        s1_0.gpa,
        s1_0.name,
        s1_0.notif_email,
        s1_0.password,
        s1_0.program,
        s1_0.student_id 
    from
        students s1_0 
    where
        s1_0.student_id=?
Hibernate: 
    select
        t1_0.id,
        t1_0.coordinator,
        t1_0.department,
        t1_0.designation,
        t1_0.email,
        t1_0.name,
        t1_0.password,
        t1_0.photo,
        t1_0.photo_type,
        t1_0.teacher_id 
    from
        teachers t1_0 
    where
        t1_0.name=?
Hibernate: 
    select
        e1_0.id,
        e1_0.course_id,
        e1_0.enrolled_at,
        e1_0.student_id 
    from
        enrollments e1_0 
    where
        e1_0.course_id=?
Hibernate: 
    select
        c1_0.code,
        c1_0.category,
        c1_0.color,
        c1_0.credits,
        c1_0.days,
        c1_0.end_time,
        c1_0.instructor,
        c1_0.name,
        c1_0.room,
        c1_0.start_time,
        c1_0.teacher_id 
    from
        courses c1_0 
    where
        c1_0.code=?
Hibernate: 
    select
        s1_0.id,
        s1_0.academic_year,
        s1_0.credits_completed,
        s1_0.email,
        s1_0.gpa,
        s1_0.name,
        s1_0.notif_email,
        s1_0.password,
        s1_0.program,
        s1_0.student_id 
    from
        students s1_0 
    where
        s1_0.student_id=?
Hibernate: 
    select
        s1_0.id,
        s1_0.academic_year,
        s1_0.credits_completed,
        s1_0.email,
        s1_0.gpa,
        s1_0.name,
        s1_0.notif_email,
        s1_0.password,
        s1_0.program,
        s1_0.student_id 
    from
        students s1_0 
    where
        s1_0.student_id=?
Hibernate: 
    select
        s1_0.id,
        s1_0.academic_year,
        s1_0.credits_completed,
        s1_0.email,
        s1_0.gpa,
        s1_0.name,
        s1_0.notif_email,
        s1_0.password,
        s1_0.program,
        s1_0.student_id 
    from
        students s1_0 
    where
        s1_0.student_id=?
Hibernate: 
    select
        t1_0.id,
        t1_0.coordinator,
        t1_0.department,
        t1_0.designation,
        t1_0.email,
        t1_0.name,
        t1_0.password,
        t1_0.photo,
        t1_0.photo_type,
        t1_0.teacher_id 
    from
        teachers t1_0 
    where
        t1_0.name=?
Hibernate: 
    select
        e1_0.id,
        e1_0.course_id,
        e1_0.enrolled_at,
        e1_0.student_id 
    from
        enrollments e1_0 
    where
        e1_0.course_id=?
Hibernate: 
    select
        c1_0.code,
        c1_0.category,
        c1_0.color,
        c1_0.credits,
        c1_0.days,
        c1_0.end_time,
        c1_0.instructor,
        c1_0.name,
        c1_0.room,
        c1_0.start_time,
        c1_0.teacher_id 
    from
        courses c1_0 
    where
        c1_0.code=?
Hibernate: 
    select
        s1_0.id,
        s1_0.academic_year,
        s1_0.credits_completed,
        s1_0.email,
        s1_0.gpa,
        s1_0.name,
        s1_0.notif_email,
        s1_0.password,
        s1_0.program,
        s1_0.student_id 
    from
        students s1_0 
    where
        s1_0.student_id=?
Hibernate: 
    select
        t1_0.id,
        t1_0.coordinator,
        t1_0.department,
        t1_0.designation,
        t1_0.email,
        t1_0.name,
        t1_0.password,
        t1_0.photo,
        t1_0.photo_type,
        t1_0.teacher_id 
    from
        teachers t1_0 
    where
        t1_0.name=?
Hibernate: 
    select
        e1_0.id,
        e1_0.course_id,
        e1_0.enrolled_at,
        e1_0.student_id 
    from
        enrollments e1_0 
    where
        e1_0.course_id=?
Hibernate: 
    select
        c1_0.code,
        c1_0.category,
        c1_0.color,
        c1_0.credits,
        c1_0.days,
        c1_0.end_time,
        c1_0.instructor,
        c1_0.name,
        c1_0.room,
        c1_0.start_time,
        c1_0.teacher_id 
    from
        courses c1_0 
    where
        c1_0.code=?
Hibernate: 
    select
        s1_0.id,
        s1_0.academic_year,
        s1_0.credits_completed,
        s1_0.email,
        s1_0.gpa,
        s1_0.name,
        s1_0.notif_email,
        s1_0.password,
        s1_0.program,
        s1_0.student_id 
    from
        students s1_0 
    where
        s1_0.student_id=?
Hibernate: 
    select
        t1_0.id,
        t1_0.coordinator,
        t1_0.department,
        t1_0.designation,
        t1_0.email,
        t1_0.name,
        t1_0.password,
        t1_0.photo,
        t1_0.photo_type,
        t1_0.teacher_id 
    from
        teachers t1_0 
    where
        t1_0.name=?
Hibernate: 
    select
        e1_0.id,
        e1_0.course_id,
        e1_0.enrolled_at,
        e1_0.student_id 
    from
        enrollments e1_0 
    where
        e1_0.course_id=?
Hibernate: 
    select
        t1_0.id,
        t1_0.coordinator,
        t1_0.department,
        t1_0.designation,
        t1_0.email,
        t1_0.name,
        t1_0.password,
        t1_0.photo,
        t1_0.photo_type,
        t1_0.teacher_id 
    from
        teachers t1_0 
    where
        t1_0.name=?
Hibernate: 
    select
        e1_0.id,
        e1_0.course_id,
        e1_0.enrolled_at,
        e1_0.student_id 
    from
        enrollments e1_0 
    where
        e1_0.course_id=?
Hibernate: 
    select
        c1_0.code,
        c1_0.category,
        c1_0.color,
        c1_0.credits,
        c1_0.days,
        c1_0.end_time,
        c1_0.instructor,
        c1_0.name,
        c1_0.room,
        c1_0.start_time,
        c1_0.teacher_id 
    from
        courses c1_0 
    where
        c1_0.code=?
Hibernate: 
    select
        s1_0.id,
        s1_0.academic_year,
        s1_0.credits_completed,
        s1_0.email,
        s1_0.gpa,
        s1_0.name,
        s1_0.notif_email,
        s1_0.password,
        s1_0.program,
        s1_0.student_id 
    from
        students s1_0 
    where
        s1_0.student_id=?
Hibernate: 
    select
        t1_0.id,
        t1_0.coordinator,
        t1_0.department,
        t1_0.designation,
        t1_0.email,
        t1_0.name,
        t1_0.password,
        t1_0.photo,
        t1_0.photo_type,
        t1_0.teacher_id 
    from
        teachers t1_0 
    where
        t1_0.name=?
Hibernate: 
    select
        e1_0.id,
        e1_0.course_id,
        e1_0.enrolled_at,
        e1_0.student_id 
    from
        enrollments e1_0 
    where
        e1_0.course_id=?
Hibernate: 
    select
        c1_0.code,
        c1_0.category,
        c1_0.color,
        c1_0.credits,
        c1_0.days,
        c1_0.end_time,
        c1_0.instructor,
        c1_0.name,
        c1_0.room,
        c1_0.start_time,
        c1_0.teacher_id 
    from
        courses c1_0 
    where
        c1_0.code=?
Hibernate: 
    select
        s1_0.id,
        s1_0.academic_year,
        s1_0.credits_completed,
        s1_0.email,
        s1_0.gpa,
        s1_0.name,
        s1_0.notif_email,
        s1_0.password,
        s1_0.program,
        s1_0.student_id 
    from
        students s1_0 
    where
        s1_0.student_id=?
Hibernate: 
    select
        b1_0.id,
        b1_0.booked_at,
        b1_0.reason,
        b1_0.slot,
        b1_0.student_id,
        b1_0.teacher_name 
    from
        bookings b1_0 
    order by
        b1_0.booked_at desc
Hibernate: 
    select
        s1_0.id,
        s1_0.academic_year,
        s1_0.credits_completed,
        s1_0.email,
        s1_0.gpa,
        s1_0.name,
        s1_0.notif_email,
        s1_0.password,
        s1_0.program,
        s1_0.student_id 
    from
        students s1_0 
    order by
        s1_0.name
Hibernate: 
    select
        e1_0.id,
        e1_0.course_id,
        e1_0.enrolled_at,
        e1_0.student_id 
    from
        enrollments e1_0 
    where
        e1_0.student_id=?
Hibernate: 
    select
        c1_0.code,
        c1_0.category,
        c1_0.color,
        c1_0.credits,
        c1_0.days,
        c1_0.end_time,
        c1_0.instructor,
        c1_0.name,
        c1_0.room,
        c1_0.start_time,
        c1_0.teacher_id 
    from
        courses c1_0 
    where
        c1_0.code=?
Hibernate: 
    select
        c1_0.code,
        c1_0.category,
        c1_0.color,
        c1_0.credits,
        c1_0.days,
        c1_0.end_time,
        c1_0.instructor,
        c1_0.name,
        c1_0.room,
        c1_0.start_time,
        c1_0.teacher_id 
    from
        courses c1_0 
    where
        c1_0.code=?
Hibernate: 
    select
        c1_0.code,
        c1_0.category,
        c1_0.color,
        c1_0.credits,
        c1_0.days,
        c1_0.end_time,
        c1_0.instructor,
        c1_0.name,
        c1_0.room,
        c1_0.start_time,
        c1_0.teacher_id 
    from
        courses c1_0 
    where
        c1_0.code=?
Hibernate: 
    select
        c1_0.code,
        c1_0.category,
        c1_0.color,
        c1_0.credits,
        c1_0.days,
        c1_0.end_time,
        c1_0.instructor,
        c1_0.name,
        c1_0.room,
        c1_0.start_time,
        c1_0.teacher_id 
    from
        courses c1_0 
    where
        c1_0.code=?
Hibernate: 
    select
        c1_0.code,
        c1_0.category,
        c1_0.color,
        c1_0.credits,
        c1_0.days,
        c1_0.end_time,
        c1_0.instructor,
        c1_0.name,
        c1_0.room,
        c1_0.start_time,
        c1_0.teacher_id 
    from
        courses c1_0 
    where
        c1_0.code=?
Hibernate: 
    select
        e1_0.id,
        e1_0.course_id,
        e1_0.enrolled_at,
        e1_0.student_id 
    from
        enrollments e1_0 
    where
        e1_0.student_id=?
Hibernate: 
    select
        c1_0.code,
        c1_0.category,
        c1_0.color,
        c1_0.credits,
        c1_0.days,
        c1_0.end_time,
        c1_0.instructor,
        c1_0.name,
        c1_0.room,
        c1_0.start_time,
        c1_0.teacher_id 
    from
        courses c1_0 
    where
        c1_0.code=?
Hibernate: 
    select
        c1_0.code,
        c1_0.category,
        c1_0.color,
        c1_0.credits,
        c1_0.days,
        c1_0.end_time,
        c1_0.instructor,
        c1_0.name,
        c1_0.room,
        c1_0.start_time,
        c1_0.teacher_id 
    from
        courses c1_0 
    where
        c1_0.code=?
Hibernate: 
    select
        c1_0.code,
        c1_0.category,
        c1_0.color,
        c1_0.credits,
        c1_0.days,
        c1_0.end_time,
        c1_0.instructor,
        c1_0.name,
        c1_0.room,
        c1_0.start_time,
        c1_0.teacher_id 
    from
        courses c1_0 
    where
        c1_0.code=?
Hibernate: 
    select
        e1_0.id,
        e1_0.course_id,
        e1_0.enrolled_at,
        e1_0.student_id 
    from
        enrollments e1_0 
    where
        e1_0.student_id=?
Hibernate: 
    select
        c1_0.code,
        c1_0.category,
        c1_0.color,
        c1_0.credits,
        c1_0.days,
        c1_0.end_time,
        c1_0.instructor,
        c1_0.name,
        c1_0.room,
        c1_0.start_time,
        c1_0.teacher_id 
    from
        courses c1_0 
    where
        c1_0.code=?
Hibernate: 
    select
        c1_0.code,
        c1_0.category,
        c1_0.color,
        c1_0.credits,
        c1_0.days,
        c1_0.end_time,
        c1_0.instructor,
        c1_0.name,
        c1_0.room,
        c1_0.start_time,
        c1_0.teacher_id 
    from
        courses c1_0 
    where
        c1_0.code=?
Hibernate: 
    select
        c1_0.code,
        c1_0.category,
        c1_0.color,
        c1_0.credits,
        c1_0.days,
        c1_0.end_time,
        c1_0.instructor,
        c1_0.name,
        c1_0.room,
        c1_0.start_time,
        c1_0.teacher_id 
    from
        courses c1_0 
    where
        c1_0.code=?
Hibernate: 
    select
        c1_0.code,
        c1_0.category,
        c1_0.color,
        c1_0.credits,
        c1_0.days,
        c1_0.end_time,
        c1_0.instructor,
        c1_0.name,
        c1_0.room,
        c1_0.start_time,
        c1_0.teacher_id 
    from
        courses c1_0 
    where
        c1_0.code=?
Hibernate: 
    select
        c1_0.code,
        c1_0.category,
        c1_0.color,
        c1_0.credits,
        c1_0.days,
        c1_0.end_time,
        c1_0.instructor,
        c1_0.name,
        c1_0.room,
        c1_0.start_time,
        c1_0.teacher_id 
    from
        courses c1_0 
    where
        c1_0.code=?
Hibernate: 
    select
        e1_0.id,
        e1_0.course_id,
        e1_0.enrolled_at,
        e1_0.student_id 
    from
        enrollments e1_0 
    where
        e1_0.student_id=?
Hibernate: 
    select
        c1_0.code,
        c1_0.category,
        c1_0.color,
        c1_0.credits,
        c1_0.days,
        c1_0.end_time,
        c1_0.instructor,
        c1_0.name,
        c1_0.room,
        c1_0.start_time,
        c1_0.teacher_id 
    from
        courses c1_0 
    where
        c1_0.code=?
Hibernate: 
    select
        c1_0.code,
        c1_0.category,
        c1_0.color,
        c1_0.credits,
        c1_0.days,
        c1_0.end_time,
        c1_0.instructor,
        c1_0.name,
        c1_0.room,
        c1_0.start_time,
        c1_0.teacher_id 
    from
        courses c1_0 
    where
        c1_0.code=?
Hibernate: 
    select
        c1_0.code,
        c1_0.category,
        c1_0.color,
        c1_0.credits,
        c1_0.days,
        c1_0.end_time,
        c1_0.instructor,
        c1_0.name,
        c1_0.room,
        c1_0.start_time,
        c1_0.teacher_id 
    from
        courses c1_0 
    where
        c1_0.code=?
Hibernate: 
    select
        c1_0.code,
        c1_0.category,
        c1_0.color,
        c1_0.credits,
        c1_0.days,
        c1_0.end_time,
        c1_0.instructor,
        c1_0.name,
        c1_0.room,
        c1_0.start_time,
        c1_0.teacher_id 
    from
        courses c1_0 
    where
        c1_0.code=?
Hibernate: 
    select
        c1_0.code,
        c1_0.category,
        c1_0.color,
        c1_0.credits,
        c1_0.days,
        c1_0.end_time,
        c1_0.instructor,
        c1_0.name,
        c1_0.room,
        c1_0.start_time,
        c1_0.teacher_id 
    from
        courses c1_0 
    where
        c1_0.code=?
Hibernate: 
    select
        e1_0.id,
        e1_0.course_id,
        e1_0.enrolled_at,
        e1_0.student_id 
    from
        enrollments e1_0 
    where
        e1_0.student_id=?
Hibernate: 
    select
        c1_0.code,
        c1_0.category,
        c1_0.color,
        c1_0.credits,
        c1_0.days,
        c1_0.end_time,
        c1_0.instructor,
        c1_0.name,
        c1_0.room,
        c1_0.start_time,
        c1_0.teacher_id 
    from
        courses c1_0 
    where
        c1_0.code=?
Hibernate: 
    select
        c1_0.code,
        c1_0.category,
        c1_0.color,
        c1_0.credits,
        c1_0.days,
        c1_0.end_time,
        c1_0.instructor,
        c1_0.name,
        c1_0.room,
        c1_0.start_time,
        c1_0.teacher_id 
    from
        courses c1_0 
    where
        c1_0.code=?
Hibernate: 
    select
        c1_0.code,
        c1_0.category,
        c1_0.color,
        c1_0.credits,
        c1_0.days,
        c1_0.end_time,
        c1_0.instructor,
        c1_0.name,
        c1_0.room,
        c1_0.start_time,
        c1_0.teacher_id 
    from
        courses c1_0 
    where
        c1_0.code=?
Hibernate: 
    select
        c1_0.code,
        c1_0.category,
        c1_0.color,
        c1_0.credits,
        c1_0.days,
        c1_0.end_time,
        c1_0.instructor,
        c1_0.name,
        c1_0.room,
        c1_0.start_time,
        c1_0.teacher_id 
    from
        courses c1_0 
    where
        c1_0.code=?
Hibernate: 
    select
        c1_0.code,
        c1_0.category,
        c1_0.color,
        c1_0.credits,
        c1_0.days,
        c1_0.end_time,
        c1_0.instructor,
        c1_0.name,
        c1_0.room,
        c1_0.start_time,
        c1_0.teacher_id 
    from
        courses c1_0 
    where
        c1_0.code=?
Hibernate: 
    select
        e1_0.id,
        e1_0.course_id,
        e1_0.enrolled_at,
        e1_0.student_id 
    from
        enrollments e1_0 
    where
        e1_0.student_id=?
Hibernate: 
    select
        c1_0.code,
        c1_0.category,
        c1_0.color,
        c1_0.credits,
        c1_0.days,
        c1_0.end_time,
        c1_0.instructor,
        c1_0.name,
        c1_0.room,
        c1_0.start_time,
        c1_0.teacher_id 
    from
        courses c1_0 
    where
        c1_0.code=?
Hibernate: 
    select
        c1_0.code,
        c1_0.category,
        c1_0.color,
        c1_0.credits,
        c1_0.days,
        c1_0.end_time,
        c1_0.instructor,
        c1_0.name,
        c1_0.room,
        c1_0.start_time,
        c1_0.teacher_id 
    from
        courses c1_0 
    where
        c1_0.code=?
Hibernate: 
    select
        c1_0.code,
        c1_0.category,
        c1_0.color,
        c1_0.credits,
        c1_0.days,
        c1_0.end_time,
        c1_0.instructor,
        c1_0.name,
        c1_0.room,
        c1_0.start_time,
        c1_0.teacher_id 
    from
        courses c1_0 
    where
        c1_0.code=?
Hibernate: 
    select
        c1_0.code,
        c1_0.category,
        c1_0.color,
        c1_0.credits,
        c1_0.days,
        c1_0.end_time,
        c1_0.instructor,
        c1_0.name,
        c1_0.room,
        c1_0.start_time,
        c1_0.teacher_id 
    from
        courses c1_0 
    where
        c1_0.code=?
Hibernate: 
    select
        c1_0.code,
        c1_0.category,
        c1_0.color,
        c1_0.credits,
        c1_0.days,
        c1_0.end_time,
        c1_0.instructor,
        c1_0.name,
        c1_0.room,
        c1_0.start_time,
        c1_0.teacher_id 
    from
        courses c1_0 
    where
        c1_0.code=?
Hibernate: 
    select
        s1_0.id,
        s1_0.academic_year,
        s1_0.credits_completed,
        s1_0.email,
        s1_0.gpa,
        s1_0.name,
        s1_0.notif_email,
        s1_0.password,
        s1_0.program,
        s1_0.student_id 
    from
        students s1_0 
    where
        s1_0.student_id=?
Hibernate: 
    select
        e1_0.id,
        e1_0.course_id,
        e1_0.enrolled_at,
        e1_0.student_id 
    from
        enrollments e1_0 
    where
        e1_0.student_id=?
Hibernate: 
    select
        c1_0.code,
        c1_0.category,
        c1_0.color,
        c1_0.credits,
        c1_0.days,
        c1_0.end_time,
        c1_0.instructor,
        c1_0.name,
        c1_0.room,
        c1_0.start_time,
        c1_0.teacher_id 
    from
        courses c1_0 
    where
        c1_0.code=?
Hibernate: 
    select
        c1_0.code,
        c1_0.category,
        c1_0.color,
        c1_0.credits,
        c1_0.days,
        c1_0.end_time,
        c1_0.instructor,
        c1_0.name,
        c1_0.room,
        c1_0.start_time,
        c1_0.teacher_id 
    from
        courses c1_0 
    where
        c1_0.code=?
Hibernate: 
    select
        c1_0.code,
        c1_0.category,
        c1_0.color,
        c1_0.credits,
        c1_0.days,
        c1_0.end_time,
        c1_0.instructor,
        c1_0.name,
        c1_0.room,
        c1_0.start_time,
        c1_0.teacher_id 
    from
        courses c1_0 
    where
        c1_0.code=?
Hibernate: 
    select
        c1_0.code,
        c1_0.category,
        c1_0.color,
        c1_0.credits,
        c1_0.days,
        c1_0.end_time,
        c1_0.instructor,
        c1_0.name,
        c1_0.room,
        c1_0.start_time,
        c1_0.teacher_id 
    from
        courses c1_0 
    where
        c1_0.code=?
Hibernate: 
    select
        c1_0.code,
        c1_0.category,
        c1_0.color,
        c1_0.credits,
        c1_0.days,
        c1_0.end_time,
        c1_0.instructor,
        c1_0.name,
        c1_0.room,
        c1_0.start_time,
        c1_0.teacher_id 
    from
        courses c1_0 
    where
        c1_0.code=?
Hibernate: 
    select
        as1_0.id,
        as1_0.assessment_type,
        as1_0.course_code,
        as1_0.course_name,
        as1_0.max_score,
        as1_0.notes,
        as1_0.recorded_at,
        as1_0.score,
        as1_0.student_id 
    from
        assessment_scores as1_0 
    where
        as1_0.student_id=? 
    order by
        as1_0.recorded_at desc
Hibernate: 
    select
        ep1_0.id,
        ep1_0.student_email,
        ep1_0.student_id,
        ep1_0.student_name,
        ep1_0.submitted_at,
        ep1_0.teacher_id,
        ep1_0.teacher_name,
        ep1_0.title,
        ep1_0.type 
    from
        exam_papers ep1_0 
    where
        ep1_0.student_id=? 
    order by
        ep1_0.submitted_at desc
Hibernate: 
    select
        s1_0.id,
        s1_0.academic_year,
        s1_0.credits_completed,
        s1_0.email,
        s1_0.gpa,
        s1_0.name,
        s1_0.notif_email,
        s1_0.password,
        s1_0.program,
        s1_0.student_id 
    from
        students s1_0 
    where
        s1_0.student_id=?
Hibernate: 
    select
        s1_0.id,
        s1_0.academic_year,
        s1_0.credits_completed,
        s1_0.email,
        s1_0.gpa,
        s1_0.name,
        s1_0.notif_email,
        s1_0.password,
        s1_0.program,
        s1_0.student_id 
    from
        students s1_0 
    where
        s1_0.student_id=?
Hibernate: 
    select
        fs1_0.id,
        fs1_0.approved_at,
        fs1_0.coordinator_id,
        fs1_0.coordinator_name,
        fs1_0.status,
        fs1_0.student_id,
        fs1_0.student_name,
        fs1_0.submitted_at 
    from
        fee_statuses fs1_0 
    where
        fs1_0.student_id=?
Hibernate: 
    select
        e1_0.id,
        e1_0.course_id,
        e1_0.enrolled_at,
        e1_0.student_id 
    from
        enrollments e1_0 
    where
        e1_0.student_id=?
Hibernate: 
    select
        c1_0.code,
        c1_0.category,
        c1_0.color,
        c1_0.credits,
        c1_0.days,
        c1_0.end_time,
        c1_0.instructor,
        c1_0.name,
        c1_0.room,
        c1_0.start_time,
        c1_0.teacher_id 
    from
        courses c1_0 
    where
        c1_0.code=?
Hibernate: 
    select
        c1_0.code,
        c1_0.category,
        c1_0.color,
        c1_0.credits,
        c1_0.days,
        c1_0.end_time,
        c1_0.instructor,
        c1_0.name,
        c1_0.room,
        c1_0.start_time,
        c1_0.teacher_id 
    from
        courses c1_0 
    where
        c1_0.code=?
Hibernate: 
    select
        c1_0.code,
        c1_0.category,
        c1_0.color,
        c1_0.credits,
        c1_0.days,
        c1_0.end_time,
        c1_0.instructor,
        c1_0.name,
        c1_0.room,
        c1_0.start_time,
        c1_0.teacher_id 
    from
        courses c1_0 
    where
        c1_0.code=?
Hibernate: 
    select
        c1_0.code,
        c1_0.category,
        c1_0.color,
        c1_0.credits,
        c1_0.days,
        c1_0.end_time,
        c1_0.instructor,
        c1_0.name,
        c1_0.room,
        c1_0.start_time,
        c1_0.teacher_id 
    from
        courses c1_0
Hibernate: 
    select
        t1_0.id,
        t1_0.coordinator,
        t1_0.department,
        t1_0.designation,
        t1_0.email,
        t1_0.name,
        t1_0.password,
        t1_0.photo,
        t1_0.photo_type,
        t1_0.teacher_id 
    from
        teachers t1_0
Hibernate: 
    select
        lfr1_0.id,
        lfr1_0.coordinator_note,
        lfr1_0.description,
        lfr1_0.image_base64,
        lfr1_0.image_type,
        lfr1_0.location,
        lfr1_0.reported_at,
        lfr1_0.status,
        lfr1_0.student_email,
        lfr1_0.student_id,
        lfr1_0.student_name,
        lfr1_0.updated_at 
    from
        lost_found_reports lfr1_0 
    order by
        lfr1_0.reported_at desc
Hibernate: 
    select
        c1_0.code,
        c1_0.category,
        c1_0.color,
        c1_0.credits,
        c1_0.days,
        c1_0.end_time,
        c1_0.instructor,
        c1_0.name,
        c1_0.room,
        c1_0.start_time,
        c1_0.teacher_id 
    from
        courses c1_0 
    order by
        c1_0.code
Hibernate: 
    select
        t1_0.id,
        t1_0.coordinator,
        t1_0.department,
        t1_0.designation,
        t1_0.email,
        t1_0.name,
        t1_0.password,
        t1_0.photo,
        t1_0.photo_type,
        t1_0.teacher_id 
    from
        teachers t1_0 
    where
        t1_0.name=?
Hibernate: 
    select
        e1_0.id,
        e1_0.course_id,
        e1_0.enrolled_at,
        e1_0.student_id 
    from
        enrollments e1_0 
    where
        e1_0.course_id=?
Hibernate: 
    select
        t1_0.id,
        t1_0.coordinator,
        t1_0.department,
        t1_0.designation,
        t1_0.email,
        t1_0.name,
        t1_0.password,
        t1_0.photo,
        t1_0.photo_type,
        t1_0.teacher_id 
    from
        teachers t1_0 
    where
        t1_0.name=?
Hibernate: 
    select
        e1_0.id,
        e1_0.course_id,
        e1_0.enrolled_at,
        e1_0.student_id 
    from
        enrollments e1_0 
    where
        e1_0.course_id=?
Hibernate: 
    select
        c1_0.code,
        c1_0.category,
        c1_0.color,
        c1_0.credits,
        c1_0.days,
        c1_0.end_time,
        c1_0.instructor,
        c1_0.name,
        c1_0.room,
        c1_0.start_time,
        c1_0.teacher_id 
    from
        courses c1_0 
    where
        c1_0.code=?
Hibernate: 
    select
        s1_0.id,
        s1_0.academic_year,
        s1_0.credits_completed,
        s1_0.email,
        s1_0.gpa,
        s1_0.name,
        s1_0.notif_email,
        s1_0.password,
        s1_0.program,
        s1_0.student_id 
    from
        students s1_0 
    where
        s1_0.student_id=?
Hibernate: 
    select
        t1_0.id,
        t1_0.coordinator,
        t1_0.department,
        t1_0.designation,
        t1_0.email,
        t1_0.name,
        t1_0.password,
        t1_0.photo,
        t1_0.photo_type,
        t1_0.teacher_id 
    from
        teachers t1_0 
    where
        t1_0.name=?
Hibernate: 
    select
        e1_0.id,
        e1_0.course_id,
        e1_0.enrolled_at,
        e1_0.student_id 
    from
        enrollments e1_0 
    where
        e1_0.course_id=?
Hibernate: 
    select
        c1_0.code,
        c1_0.category,
        c1_0.color,
        c1_0.credits,
        c1_0.days,
        c1_0.end_time,
        c1_0.instructor,
        c1_0.name,
        c1_0.room,
        c1_0.start_time,
        c1_0.teacher_id 
    from
        courses c1_0 
    where
        c1_0.code=?
Hibernate: 
    select
        s1_0.id,
        s1_0.academic_year,
        s1_0.credits_completed,
        s1_0.email,
        s1_0.gpa,
        s1_0.name,
        s1_0.notif_email,
        s1_0.password,
        s1_0.program,
        s1_0.student_id 
    from
        students s1_0 
    where
        s1_0.student_id=?
Hibernate: 
    select
        s1_0.id,
        s1_0.academic_year,
        s1_0.credits_completed,
        s1_0.email,
        s1_0.gpa,
        s1_0.name,
        s1_0.notif_email,
        s1_0.password,
        s1_0.program,
        s1_0.student_id 
    from
        students s1_0 
    where
        s1_0.student_id=?
Hibernate: 
    select
        s1_0.id,
        s1_0.academic_year,
        s1_0.credits_completed,
        s1_0.email,
        s1_0.gpa,
        s1_0.name,
        s1_0.notif_email,
        s1_0.password,
        s1_0.program,
        s1_0.student_id 
    from
        students s1_0 
    where
        s1_0.student_id=?
Hibernate: 
    select
        s1_0.id,
        s1_0.academic_year,
        s1_0.credits_completed,
        s1_0.email,
        s1_0.gpa,
        s1_0.name,
        s1_0.notif_email,
        s1_0.password,
        s1_0.program,
        s1_0.student_id 
    from
        students s1_0 
    where
        s1_0.student_id=?
Hibernate: 
    select
        t1_0.id,
        t1_0.coordinator,
        t1_0.department,
        t1_0.designation,
        t1_0.email,
        t1_0.name,
        t1_0.password,
        t1_0.photo,
        t1_0.photo_type,
        t1_0.teacher_id 
    from
        teachers t1_0 
    where
        t1_0.name=?
Hibernate: 
    select
        e1_0.id,
        e1_0.course_id,
        e1_0.enrolled_at,
        e1_0.student_id 
    from
        enrollments e1_0 
    where
        e1_0.course_id=?
Hibernate: 
    select
        c1_0.code,
        c1_0.category,
        c1_0.color,
        c1_0.credits,
        c1_0.days,
        c1_0.end_time,
        c1_0.instructor,
        c1_0.name,
        c1_0.room,
        c1_0.start_time,
        c1_0.teacher_id 
    from
        courses c1_0 
    where
        c1_0.code=?
Hibernate: 
    select
        s1_0.id,
        s1_0.academic_year,
        s1_0.credits_completed,
        s1_0.email,
        s1_0.gpa,
        s1_0.name,
        s1_0.notif_email,
        s1_0.password,
        s1_0.program,
        s1_0.student_id 
    from
        students s1_0 
    where
        s1_0.student_id=?
Hibernate: 
    select
        s1_0.id,
        s1_0.academic_year,
        s1_0.credits_completed,
        s1_0.email,
        s1_0.gpa,
        s1_0.name,
        s1_0.notif_email,
        s1_0.password,
        s1_0.program,
        s1_0.student_id 
    from
        students s1_0 
    where
        s1_0.student_id=?
Hibernate: 
    select
        t1_0.id,
        t1_0.coordinator,
        t1_0.department,
        t1_0.designation,
        t1_0.email,
        t1_0.name,
        t1_0.password,
        t1_0.photo,
        t1_0.photo_type,
        t1_0.teacher_id 
    from
        teachers t1_0 
    where
        t1_0.name=?
Hibernate: 
    select
        e1_0.id,
        e1_0.course_id,
        e1_0.enrolled_at,
        e1_0.student_id 
    from
        enrollments e1_0 
    where
        e1_0.course_id=?
Hibernate: 
    select
        c1_0.code,
        c1_0.category,
        c1_0.color,
        c1_0.credits,
        c1_0.days,
        c1_0.end_time,
        c1_0.instructor,
        c1_0.name,
        c1_0.room,
        c1_0.start_time,
        c1_0.teacher_id 
    from
        courses c1_0 
    where
        c1_0.code=?
Hibernate: 
    select
        s1_0.id,
        s1_0.academic_year,
        s1_0.credits_completed,
        s1_0.email,
        s1_0.gpa,
        s1_0.name,
        s1_0.notif_email,
        s1_0.password,
        s1_0.program,
        s1_0.student_id 
    from
        students s1_0 
    where
        s1_0.student_id=?
Hibernate: 
    select
        s1_0.id,
        s1_0.academic_year,
        s1_0.credits_completed,
        s1_0.email,
        s1_0.gpa,
        s1_0.name,
        s1_0.notif_email,
        s1_0.password,
        s1_0.program,
        s1_0.student_id 
    from
        students s1_0 
    where
        s1_0.student_id=?
Hibernate: 
    select
        t1_0.id,
        t1_0.coordinator,
        t1_0.department,
        t1_0.designation,
        t1_0.email,
        t1_0.name,
        t1_0.password,
        t1_0.photo,
        t1_0.photo_type,
        t1_0.teacher_id 
    from
        teachers t1_0 
    where
        t1_0.name=?
Hibernate: 
    select
        e1_0.id,
        e1_0.course_id,
        e1_0.enrolled_at,
        e1_0.student_id 
    from
        enrollments e1_0 
    where
        e1_0.course_id=?
Hibernate: 
    select
        c1_0.code,
        c1_0.category,
        c1_0.color,
        c1_0.credits,
        c1_0.days,
        c1_0.end_time,
        c1_0.instructor,
        c1_0.name,
        c1_0.room,
        c1_0.start_time,
        c1_0.teacher_id 
    from
        courses c1_0 
    where
        c1_0.code=?
Hibernate: 
    select
        s1_0.id,
        s1_0.academic_year,
        s1_0.credits_completed,
        s1_0.email,
        s1_0.gpa,
        s1_0.name,
        s1_0.notif_email,
        s1_0.password,
        s1_0.program,
        s1_0.student_id 
    from
        students s1_0 
    where
        s1_0.student_id=?
Hibernate: 
    select
        s1_0.id,
        s1_0.academic_year,
        s1_0.credits_completed,
        s1_0.email,
        s1_0.gpa,
        s1_0.name,
        s1_0.notif_email,
        s1_0.password,
        s1_0.program,
        s1_0.student_id 
    from
        students s1_0 
    where
        s1_0.student_id=?
Hibernate: 
    select
        t1_0.id,
        t1_0.coordinator,
        t1_0.department,
        t1_0.designation,
        t1_0.email,
        t1_0.name,
        t1_0.password,
        t1_0.photo,
        t1_0.photo_type,
        t1_0.teacher_id 
    from
        teachers t1_0 
    where
        t1_0.name=?
Hibernate: 
    select
        e1_0.id,
        e1_0.course_id,
        e1_0.enrolled_at,
        e1_0.student_id 
    from
        enrollments e1_0 
    where
        e1_0.course_id=?
Hibernate: 
    select
        c1_0.code,
        c1_0.category,
        c1_0.color,
        c1_0.credits,
        c1_0.days,
        c1_0.end_time,
        c1_0.instructor,
        c1_0.name,
        c1_0.room,
        c1_0.start_time,
        c1_0.teacher_id 
    from
        courses c1_0 
    where
        c1_0.code=?
Hibernate: 
    select
        s1_0.id,
        s1_0.academic_year,
        s1_0.credits_completed,
        s1_0.email,
        s1_0.gpa,
        s1_0.name,
        s1_0.notif_email,
        s1_0.password,
        s1_0.program,
        s1_0.student_id 
    from
        students s1_0 
    where
        s1_0.student_id=?
Hibernate: 
    select
        t1_0.id,
        t1_0.coordinator,
        t1_0.department,
        t1_0.designation,
        t1_0.email,
        t1_0.name,
        t1_0.password,
        t1_0.photo,
        t1_0.photo_type,
        t1_0.teacher_id 
    from
        teachers t1_0 
    where
        t1_0.name=?
Hibernate: 
    select
        e1_0.id,
        e1_0.course_id,
        e1_0.enrolled_at,
        e1_0.student_id 
    from
        enrollments e1_0 
    where
        e1_0.course_id=?
Hibernate: 
    select
        c1_0.code,
        c1_0.category,
        c1_0.color,
        c1_0.credits,
        c1_0.days,
        c1_0.end_time,
        c1_0.instructor,
        c1_0.name,
        c1_0.room,
        c1_0.start_time,
        c1_0.teacher_id 
    from
        courses c1_0 
    where
        c1_0.code=?
Hibernate: 
    select
        s1_0.id,
        s1_0.academic_year,
        s1_0.credits_completed,
        s1_0.email,
        s1_0.gpa,
        s1_0.name,
        s1_0.notif_email,
        s1_0.password,
        s1_0.program,
        s1_0.student_id 
    from
        students s1_0 
    where
        s1_0.student_id=?
Hibernate: 
    select
        s1_0.id,
        s1_0.academic_year,
        s1_0.credits_completed,
        s1_0.email,
        s1_0.gpa,
        s1_0.name,
        s1_0.notif_email,
        s1_0.password,
        s1_0.program,
        s1_0.student_id 
    from
        students s1_0 
    where
        s1_0.student_id=?
Hibernate: 
    select
        t1_0.id,
        t1_0.coordinator,
        t1_0.department,
        t1_0.designation,
        t1_0.email,
        t1_0.name,
        t1_0.password,
        t1_0.photo,
        t1_0.photo_type,
        t1_0.teacher_id 
    from
        teachers t1_0 
    where
        t1_0.name=?
Hibernate: 
    select
        e1_0.id,
        e1_0.course_id,
        e1_0.enrolled_at,
        e1_0.student_id 
    from
        enrollments e1_0 
    where
        e1_0.course_id=?
Hibernate: 
    select
        c1_0.code,
        c1_0.category,
        c1_0.color,
        c1_0.credits,
        c1_0.days,
        c1_0.end_time,
        c1_0.instructor,
        c1_0.name,
        c1_0.room,
        c1_0.start_time,
        c1_0.teacher_id 
    from
        courses c1_0 
    where
        c1_0.code=?
Hibernate: 
    select
        s1_0.id,
        s1_0.academic_year,
        s1_0.credits_completed,
        s1_0.email,
        s1_0.gpa,
        s1_0.name,
        s1_0.notif_email,
        s1_0.password,
        s1_0.program,
        s1_0.student_id 
    from
        students s1_0 
    where
        s1_0.student_id=?
Hibernate: 
    select
        t1_0.id,
        t1_0.coordinator,
        t1_0.department,
        t1_0.designation,
        t1_0.email,
        t1_0.name,
        t1_0.password,
        t1_0.photo,
        t1_0.photo_type,
        t1_0.teacher_id 
    from
        teachers t1_0 
    where
        t1_0.name=?
Hibernate: 
    select
        e1_0.id,
        e1_0.course_id,
        e1_0.enrolled_at,
        e1_0.student_id 
    from
        enrollments e1_0 
    where
        e1_0.course_id=?
Hibernate: 
    select
        c1_0.code,
        c1_0.category,
        c1_0.color,
        c1_0.credits,
        c1_0.days,
        c1_0.end_time,
        c1_0.instructor,
        c1_0.name,
        c1_0.room,
        c1_0.start_time,
        c1_0.teacher_id 
    from
        courses c1_0 
    where
        c1_0.code=?
Hibernate: 
    select
        s1_0.id,
        s1_0.academic_year,
        s1_0.credits_completed,
        s1_0.email,
        s1_0.gpa,
        s1_0.name,
        s1_0.notif_email,
        s1_0.password,
        s1_0.program,
        s1_0.student_id 
    from
        students s1_0 
    where
        s1_0.student_id=?
Hibernate: 
    select
        t1_0.id,
        t1_0.coordinator,
        t1_0.department,
        t1_0.designation,
        t1_0.email,
        t1_0.name,
        t1_0.password,
        t1_0.photo,
        t1_0.photo_type,
        t1_0.teacher_id 
    from
        teachers t1_0 
    where
        t1_0.name=?
Hibernate: 
    select
        e1_0.id,
        e1_0.course_id,
        e1_0.enrolled_at,
        e1_0.student_id 
    from
        enrollments e1_0 
    where
        e1_0.course_id=?
Hibernate: 
    select
        c1_0.code,
        c1_0.category,
        c1_0.color,
        c1_0.credits,
        c1_0.days,
        c1_0.end_time,
        c1_0.instructor,
        c1_0.name,
        c1_0.room,
        c1_0.start_time,
        c1_0.teacher_id 
    from
        courses c1_0 
    where
        c1_0.code=?
Hibernate: 
    select
        s1_0.id,
        s1_0.academic_year,
        s1_0.credits_completed,
        s1_0.email,
        s1_0.gpa,
        s1_0.name,
        s1_0.notif_email,
        s1_0.password,
        s1_0.program,
        s1_0.student_id 
    from
        students s1_0 
    where
        s1_0.student_id=?
Hibernate: 
    select
        t1_0.id,
        t1_0.coordinator,
        t1_0.department,
        t1_0.designation,
        t1_0.email,
        t1_0.name,
        t1_0.password,
        t1_0.photo,
        t1_0.photo_type,
        t1_0.teacher_id 
    from
        teachers t1_0 
    where
        t1_0.name=?
Hibernate: 
    select
        e1_0.id,
        e1_0.course_id,
        e1_0.enrolled_at,
        e1_0.student_id 
    from
        enrollments e1_0 
    where
        e1_0.course_id=?
Hibernate: 
    select
        c1_0.code,
        c1_0.category,
        c1_0.color,
        c1_0.credits,
        c1_0.days,
        c1_0.end_time,
        c1_0.instructor,
        c1_0.name,
        c1_0.room,
        c1_0.start_time,
        c1_0.teacher_id 
    from
        courses c1_0 
    where
        c1_0.code=?
Hibernate: 
    select
        s1_0.id,
        s1_0.academic_year,
        s1_0.credits_completed,
        s1_0.email,
        s1_0.gpa,
        s1_0.name,
        s1_0.notif_email,
        s1_0.password,
        s1_0.program,
        s1_0.student_id 
    from
        students s1_0 
    where
        s1_0.student_id=?
Hibernate: 
    select
        t1_0.id,
        t1_0.coordinator,
        t1_0.department,
        t1_0.designation,
        t1_0.email,
        t1_0.name,
        t1_0.password,
        t1_0.photo,
        t1_0.photo_type,
        t1_0.teacher_id 
    from
        teachers t1_0 
    where
        t1_0.name=?
Hibernate: 
    select
        e1_0.id,
        e1_0.course_id,
        e1_0.enrolled_at,
        e1_0.student_id 
    from
        enrollments e1_0 
    where
        e1_0.course_id=?
Hibernate: 
    select
        c1_0.code,
        c1_0.category,
        c1_0.color,
        c1_0.credits,
        c1_0.days,
        c1_0.end_time,
        c1_0.instructor,
        c1_0.name,
        c1_0.room,
        c1_0.start_time,
        c1_0.teacher_id 
    from
        courses c1_0 
    where
        c1_0.code=?
Hibernate: 
    select
        s1_0.id,
        s1_0.academic_year,
        s1_0.credits_completed,
        s1_0.email,
        s1_0.gpa,
        s1_0.name,
        s1_0.notif_email,
        s1_0.password,
        s1_0.program,
        s1_0.student_id 
    from
        students s1_0 
    where
        s1_0.student_id=?
Hibernate: 
    select
        s1_0.id,
        s1_0.academic_year,
        s1_0.credits_completed,
        s1_0.email,
        s1_0.gpa,
        s1_0.name,
        s1_0.notif_email,
        s1_0.password,
        s1_0.program,
        s1_0.student_id 
    from
        students s1_0 
    where
        s1_0.student_id=?
Hibernate: 
    select
        t1_0.id,
        t1_0.coordinator,
        t1_0.department,
        t1_0.designation,
        t1_0.email,
        t1_0.name,
        t1_0.password,
        t1_0.photo,
        t1_0.photo_type,
        t1_0.teacher_id 
    from
        teachers t1_0 
    where
        t1_0.name=?
Hibernate: 
    select
        e1_0.id,
        e1_0.course_id,
        e1_0.enrolled_at,
        e1_0.student_id 
    from
        enrollments e1_0 
    where
        e1_0.course_id=?
Hibernate: 
    select
        c1_0.code,
        c1_0.category,
        c1_0.color,
        c1_0.credits,
        c1_0.days,
        c1_0.end_time,
        c1_0.instructor,
        c1_0.name,
        c1_0.room,
        c1_0.start_time,
        c1_0.teacher_id 
    from
        courses c1_0 
    where
        c1_0.code=?
Hibernate: 
    select
        s1_0.id,
        s1_0.academic_year,
        s1_0.credits_completed,
        s1_0.email,
        s1_0.gpa,
        s1_0.name,
        s1_0.notif_email,
        s1_0.password,
        s1_0.program,
        s1_0.student_id 
    from
        students s1_0 
    where
        s1_0.student_id=?
Hibernate: 
    select
        t1_0.id,
        t1_0.coordinator,
        t1_0.department,
        t1_0.designation,
        t1_0.email,
        t1_0.name,
        t1_0.password,
        t1_0.photo,
        t1_0.photo_type,
        t1_0.teacher_id 
    from
        teachers t1_0 
    where
        t1_0.name=?
Hibernate: 
    select
        e1_0.id,
        e1_0.course_id,
        e1_0.enrolled_at,
        e1_0.student_id 
    from
        enrollments e1_0 
    where
        e1_0.course_id=?
Hibernate: 
    select
        c1_0.code,
        c1_0.category,
        c1_0.color,
        c1_0.credits,
        c1_0.days,
        c1_0.end_time,
        c1_0.instructor,
        c1_0.name,
        c1_0.room,
        c1_0.start_time,
        c1_0.teacher_id 
    from
        courses c1_0 
    where
        c1_0.code=?
Hibernate: 
    select
        s1_0.id,
        s1_0.academic_year,
        s1_0.credits_completed,
        s1_0.email,
        s1_0.gpa,
        s1_0.name,
        s1_0.notif_email,
        s1_0.password,
        s1_0.program,
        s1_0.student_id 
    from
        students s1_0 
    where
        s1_0.student_id=?
Hibernate: 
    select
        s1_0.id,
        s1_0.academic_year,
        s1_0.credits_completed,
        s1_0.email,
        s1_0.gpa,
        s1_0.name,
        s1_0.notif_email,
        s1_0.password,
        s1_0.program,
        s1_0.student_id 
    from
        students s1_0 
    where
        s1_0.student_id=?
Hibernate: 
    select
        s1_0.id,
        s1_0.academic_year,
        s1_0.credits_completed,
        s1_0.email,
        s1_0.gpa,
        s1_0.name,
        s1_0.notif_email,
        s1_0.password,
        s1_0.program,
        s1_0.student_id 
    from
        students s1_0 
    where
        s1_0.student_id=?
Hibernate: 
    select
        t1_0.id,
        t1_0.coordinator,
        t1_0.department,
        t1_0.designation,
        t1_0.email,
        t1_0.name,
        t1_0.password,
        t1_0.photo,
        t1_0.photo_type,
        t1_0.teacher_id 
    from
        teachers t1_0 
    where
        t1_0.name=?
Hibernate: 
    select
        e1_0.id,
        e1_0.course_id,
        e1_0.enrolled_at,
        e1_0.student_id 
    from
        enrollments e1_0 
    where
        e1_0.course_id=?
Hibernate: 
    select
        c1_0.code,
        c1_0.category,
        c1_0.color,
        c1_0.credits,
        c1_0.days,
        c1_0.end_time,
        c1_0.instructor,
        c1_0.name,
        c1_0.room,
        c1_0.start_time,
        c1_0.teacher_id 
    from
        courses c1_0 
    where
        c1_0.code=?
Hibernate: 
    select
        s1_0.id,
        s1_0.academic_year,
        s1_0.credits_completed,
        s1_0.email,
        s1_0.gpa,
        s1_0.name,
        s1_0.notif_email,
        s1_0.password,
        s1_0.program,
        s1_0.student_id 
    from
        students s1_0 
    where
        s1_0.student_id=?
Hibernate: 
    select
        t1_0.id,
        t1_0.coordinator,
        t1_0.department,
        t1_0.designation,
        t1_0.email,
        t1_0.name,
        t1_0.password,
        t1_0.photo,
        t1_0.photo_type,
        t1_0.teacher_id 
    from
        teachers t1_0 
    where
        t1_0.name=?
Hibernate: 
    select
        e1_0.id,
        e1_0.course_id,
        e1_0.enrolled_at,
        e1_0.student_id 
    from
        enrollments e1_0 
    where
        e1_0.course_id=?
Hibernate: 
    select
        c1_0.code,
        c1_0.category,
        c1_0.color,
        c1_0.credits,
        c1_0.days,
        c1_0.end_time,
        c1_0.instructor,
        c1_0.name,
        c1_0.room,
        c1_0.start_time,
        c1_0.teacher_id 
    from
        courses c1_0 
    where
        c1_0.code=?
Hibernate: 
    select
        s1_0.id,
        s1_0.academic_year,
        s1_0.credits_completed,
        s1_0.email,
        s1_0.gpa,
        s1_0.name,
        s1_0.notif_email,
        s1_0.password,
        s1_0.program,
        s1_0.student_id 
    from
        students s1_0 
    where
        s1_0.student_id=?
Hibernate: 
    select
        t1_0.id,
        t1_0.coordinator,
        t1_0.department,
        t1_0.designation,
        t1_0.email,
        t1_0.name,
        t1_0.password,
        t1_0.photo,
        t1_0.photo_type,
        t1_0.teacher_id 
    from
        teachers t1_0 
    where
        t1_0.name=?
Hibernate: 
    select
        e1_0.id,
        e1_0.course_id,
        e1_0.enrolled_at,
        e1_0.student_id 
    from
        enrollments e1_0 
    where
        e1_0.course_id=?
Hibernate: 
    select
        t1_0.id,
        t1_0.coordinator,
        t1_0.department,
        t1_0.designation,
        t1_0.email,
        t1_0.name,
        t1_0.password,
        t1_0.photo,
        t1_0.photo_type,
        t1_0.teacher_id 
    from
        teachers t1_0 
    where
        t1_0.name=?
Hibernate: 
    select
        e1_0.id,
        e1_0.course_id,
        e1_0.enrolled_at,
        e1_0.student_id 
    from
        enrollments e1_0 
    where
        e1_0.course_id=?
Hibernate: 
    select
        c1_0.code,
        c1_0.category,
        c1_0.color,
        c1_0.credits,
        c1_0.days,
        c1_0.end_time,
        c1_0.instructor,
        c1_0.name,
        c1_0.room,
        c1_0.start_time,
        c1_0.teacher_id 
    from
        courses c1_0 
    where
        c1_0.code=?
Hibernate: 
    select
        s1_0.id,
        s1_0.academic_year,
        s1_0.credits_completed,
        s1_0.email,
        s1_0.gpa,
        s1_0.name,
        s1_0.notif_email,
        s1_0.password,
        s1_0.program,
        s1_0.student_id 
    from
        students s1_0 
    where
        s1_0.student_id=?
Hibernate: 
    select
        t1_0.id,
        t1_0.coordinator,
        t1_0.department,
        t1_0.designation,
        t1_0.email,
        t1_0.name,
        t1_0.password,
        t1_0.photo,
        t1_0.photo_type,
        t1_0.teacher_id 
    from
        teachers t1_0 
    where
        t1_0.name=?
Hibernate: 
    select
        e1_0.id,
        e1_0.course_id,
        e1_0.enrolled_at,
        e1_0.student_id 
    from
        enrollments e1_0 
    where
        e1_0.course_id=?
Hibernate: 
    select
        c1_0.code,
        c1_0.category,
        c1_0.color,
        c1_0.credits,
        c1_0.days,
        c1_0.end_time,
        c1_0.instructor,
        c1_0.name,
        c1_0.room,
        c1_0.start_time,
        c1_0.teacher_id 
    from
        courses c1_0 
    where
        c1_0.code=?
Hibernate: 
    select
        s1_0.id,
        s1_0.academic_year,
        s1_0.credits_completed,
        s1_0.email,
        s1_0.gpa,
        s1_0.name,
        s1_0.notif_email,
        s1_0.password,
        s1_0.program,
        s1_0.student_id 
    from
        students s1_0 
    where
        s1_0.student_id=?
Hibernate: 
    select
        b1_0.id,
        b1_0.booked_at,
        b1_0.reason,
        b1_0.slot,
        b1_0.student_id,
        b1_0.teacher_name 
    from
        bookings b1_0 
    order by
        b1_0.booked_at desc
Hibernate: 
    select
        s1_0.id,
        s1_0.academic_year,
        s1_0.credits_completed,
        s1_0.email,
        s1_0.gpa,
        s1_0.name,
        s1_0.notif_email,
        s1_0.password,
        s1_0.program,
        s1_0.student_id 
    from
        students s1_0 
    order by
        s1_0.name
Hibernate: 
    select
        e1_0.id,
        e1_0.course_id,
        e1_0.enrolled_at,
        e1_0.student_id 
    from
        enrollments e1_0 
    where
        e1_0.student_id=?
Hibernate: 
    select
        c1_0.code,
        c1_0.category,
        c1_0.color,
        c1_0.credits,
        c1_0.days,
        c1_0.end_time,
        c1_0.instructor,
        c1_0.name,
        c1_0.room,
        c1_0.start_time,
        c1_0.teacher_id 
    from
        courses c1_0 
    where
        c1_0.code=?
Hibernate: 
    select
        c1_0.code,
        c1_0.category,
        c1_0.color,
        c1_0.credits,
        c1_0.days,
        c1_0.end_time,
        c1_0.instructor,
        c1_0.name,
        c1_0.room,
        c1_0.start_time,
        c1_0.teacher_id 
    from
        courses c1_0 
    where
        c1_0.code=?
Hibernate: 
    select
        c1_0.code,
        c1_0.category,
        c1_0.color,
        c1_0.credits,
        c1_0.days,
        c1_0.end_time,
        c1_0.instructor,
        c1_0.name,
        c1_0.room,
        c1_0.start_time,
        c1_0.teacher_id 
    from
        courses c1_0 
    where
        c1_0.code=?
Hibernate: 
    select
        c1_0.code,
        c1_0.category,
        c1_0.color,
        c1_0.credits,
        c1_0.days,
        c1_0.end_time,
        c1_0.instructor,
        c1_0.name,
        c1_0.room,
        c1_0.start_time,
        c1_0.teacher_id 
    from
        courses c1_0 
    where
        c1_0.code=?
Hibernate: 
    select
        c1_0.code,
        c1_0.category,
        c1_0.color,
        c1_0.credits,
        c1_0.days,
        c1_0.end_time,
        c1_0.instructor,
        c1_0.name,
        c1_0.room,
        c1_0.start_time,
        c1_0.teacher_id 
    from
        courses c1_0 
    where
        c1_0.code=?
Hibernate: 
    select
        e1_0.id,
        e1_0.course_id,
        e1_0.enrolled_at,
        e1_0.student_id 
    from
        enrollments e1_0 
    where
        e1_0.student_id=?
Hibernate: 
    select
        c1_0.code,
        c1_0.category,
        c1_0.color,
        c1_0.credits,
        c1_0.days,
        c1_0.end_time,
        c1_0.instructor,
        c1_0.name,
        c1_0.room,
        c1_0.start_time,
        c1_0.teacher_id 
    from
        courses c1_0 
    where
        c1_0.code=?
Hibernate: 
    select
        c1_0.code,
        c1_0.category,
        c1_0.color,
        c1_0.credits,
        c1_0.days,
        c1_0.end_time,
        c1_0.instructor,
        c1_0.name,
        c1_0.room,
        c1_0.start_time,
        c1_0.teacher_id 
    from
        courses c1_0 
    where
        c1_0.code=?
Hibernate: 
    select
        c1_0.code,
        c1_0.category,
        c1_0.color,
        c1_0.credits,
        c1_0.days,
        c1_0.end_time,
        c1_0.instructor,
        c1_0.name,
        c1_0.room,
        c1_0.start_time,
        c1_0.teacher_id 
    from
        courses c1_0 
    where
        c1_0.code=?
Hibernate: 
    select
        e1_0.id,
        e1_0.course_id,
        e1_0.enrolled_at,
        e1_0.student_id 
    from
        enrollments e1_0 
    where
        e1_0.student_id=?
Hibernate: 
    select
        c1_0.code,
        c1_0.category,
        c1_0.color,
        c1_0.credits,
        c1_0.days,
        c1_0.end_time,
        c1_0.instructor,
        c1_0.name,
        c1_0.room,
        c1_0.start_time,
        c1_0.teacher_id 
    from
        courses c1_0 
    where
        c1_0.code=?
Hibernate: 
    select
        c1_0.code,
        c1_0.category,
        c1_0.color,
        c1_0.credits,
        c1_0.days,
        c1_0.end_time,
        c1_0.instructor,
        c1_0.name,
        c1_0.room,
        c1_0.start_time,
        c1_0.teacher_id 
    from
        courses c1_0 
    where
        c1_0.code=?
Hibernate: 
    select
        c1_0.code,
        c1_0.category,
        c1_0.color,
        c1_0.credits,
        c1_0.days,
        c1_0.end_time,
        c1_0.instructor,
        c1_0.name,
        c1_0.room,
        c1_0.start_time,
        c1_0.teacher_id 
    from
        courses c1_0 
    where
        c1_0.code=?
Hibernate: 
    select
        c1_0.code,
        c1_0.category,
        c1_0.color,
        c1_0.credits,
        c1_0.days,
        c1_0.end_time,
        c1_0.instructor,
        c1_0.name,
        c1_0.room,
        c1_0.start_time,
        c1_0.teacher_id 
    from
        courses c1_0 
    where
        c1_0.code=?
Hibernate: 
    select
        c1_0.code,
        c1_0.category,
        c1_0.color,
        c1_0.credits,
        c1_0.days,
        c1_0.end_time,
        c1_0.instructor,
        c1_0.name,
        c1_0.room,
        c1_0.start_time,
        c1_0.teacher_id 
    from
        courses c1_0 
    where
        c1_0.code=?
Hibernate: 
    select
        e1_0.id,
        e1_0.course_id,
        e1_0.enrolled_at,
        e1_0.student_id 
    from
        enrollments e1_0 
    where
        e1_0.student_id=?
Hibernate: 
    select
        c1_0.code,
        c1_0.category,
        c1_0.color,
        c1_0.credits,
        c1_0.days,
        c1_0.end_time,
        c1_0.instructor,
        c1_0.name,
        c1_0.room,
        c1_0.start_time,
        c1_0.teacher_id 
    from
        courses c1_0 
    where
        c1_0.code=?
Hibernate: 
    select
        c1_0.code,
        c1_0.category,
        c1_0.color,
        c1_0.credits,
        c1_0.days,
        c1_0.end_time,
        c1_0.instructor,
        c1_0.name,
        c1_0.room,
        c1_0.start_time,
        c1_0.teacher_id 
    from
        courses c1_0 
    where
        c1_0.code=?
Hibernate: 
    select
        c1_0.code,
        c1_0.category,
        c1_0.color,
        c1_0.credits,
        c1_0.days,
        c1_0.end_time,
        c1_0.instructor,
        c1_0.name,
        c1_0.room,
        c1_0.start_time,
        c1_0.teacher_id 
    from
        courses c1_0 
    where
        c1_0.code=?
Hibernate: 
    select
        c1_0.code,
        c1_0.category,
        c1_0.color,
        c1_0.credits,
        c1_0.days,
        c1_0.end_time,
        c1_0.instructor,
        c1_0.name,
        c1_0.room,
        c1_0.start_time,
        c1_0.teacher_id 
    from
        courses c1_0 
    where
        c1_0.code=?
Hibernate: 
    select
        c1_0.code,
        c1_0.category,
        c1_0.color,
        c1_0.credits,
        c1_0.days,
        c1_0.end_time,
        c1_0.instructor,
        c1_0.name,
        c1_0.room,
        c1_0.start_time,
        c1_0.teacher_id 
    from
        courses c1_0 
    where
        c1_0.code=?
Hibernate: 
    select
        e1_0.id,
        e1_0.course_id,
        e1_0.enrolled_at,
        e1_0.student_id 
    from
        enrollments e1_0 
    where
        e1_0.student_id=?
Hibernate: 
    select
        c1_0.code,
        c1_0.category,
        c1_0.color,
        c1_0.credits,
        c1_0.days,
        c1_0.end_time,
        c1_0.instructor,
        c1_0.name,
        c1_0.room,
        c1_0.start_time,
        c1_0.teacher_id 
    from
        courses c1_0 
    where
        c1_0.code=?
Hibernate: 
    select
        c1_0.code,
        c1_0.category,
        c1_0.color,
        c1_0.credits,
        c1_0.days,
        c1_0.end_time,
        c1_0.instructor,
        c1_0.name,
        c1_0.room,
        c1_0.start_time,
        c1_0.teacher_id 
    from
        courses c1_0 
    where
        c1_0.code=?
Hibernate: 
    select
        c1_0.code,
        c1_0.category,
        c1_0.color,
        c1_0.credits,
        c1_0.days,
        c1_0.end_time,
        c1_0.instructor,
        c1_0.name,
        c1_0.room,
        c1_0.start_time,
        c1_0.teacher_id 
    from
        courses c1_0 
    where
        c1_0.code=?
Hibernate: 
    select
        c1_0.code,
        c1_0.category,
        c1_0.color,
        c1_0.credits,
        c1_0.days,
        c1_0.end_time,
        c1_0.instructor,
        c1_0.name,
        c1_0.room,
        c1_0.start_time,
        c1_0.teacher_id 
    from
        courses c1_0 
    where
        c1_0.code=?
Hibernate: 
    select
        c1_0.code,
        c1_0.category,
        c1_0.color,
        c1_0.credits,
        c1_0.days,
        c1_0.end_time,
        c1_0.instructor,
        c1_0.name,
        c1_0.room,
        c1_0.start_time,
        c1_0.teacher_id 
    from
        courses c1_0 
    where
        c1_0.code=?
Hibernate: 
    select
        e1_0.id,
        e1_0.course_id,
        e1_0.enrolled_at,
        e1_0.student_id 
    from
        enrollments e1_0 
    where
        e1_0.student_id=?
Hibernate: 
    select
        c1_0.code,
        c1_0.category,
        c1_0.color,
        c1_0.credits,
        c1_0.days,
        c1_0.end_time,
        c1_0.instructor,
        c1_0.name,
        c1_0.room,
        c1_0.start_time,
        c1_0.teacher_id 
    from
        courses c1_0 
    where
        c1_0.code=?
Hibernate: 
    select
        c1_0.code,
        c1_0.category,
        c1_0.color,
        c1_0.credits,
        c1_0.days,
        c1_0.end_time,
        c1_0.instructor,
        c1_0.name,
        c1_0.room,
        c1_0.start_time,
        c1_0.teacher_id 
    from
        courses c1_0 
    where
        c1_0.code=?
Hibernate: 
    select
        c1_0.code,
        c1_0.category,
        c1_0.color,
        c1_0.credits,
        c1_0.days,
        c1_0.end_time,
        c1_0.instructor,
        c1_0.name,
        c1_0.room,
        c1_0.start_time,
        c1_0.teacher_id 
    from
        courses c1_0 
    where
        c1_0.code=?
Hibernate: 
    select
        c1_0.code,
        c1_0.category,
        c1_0.color,
        c1_0.credits,
        c1_0.days,
        c1_0.end_time,
        c1_0.instructor,
        c1_0.name,
        c1_0.room,
        c1_0.start_time,
        c1_0.teacher_id 
    from
        courses c1_0 
    where
        c1_0.code=?
Hibernate: 
    select
        c1_0.code,
        c1_0.category,
        c1_0.color,
        c1_0.credits,
        c1_0.days,
        c1_0.end_time,
        c1_0.instructor,
        c1_0.name,
        c1_0.room,
        c1_0.start_time,
        c1_0.teacher_id 
    from
        courses c1_0 
    where
        c1_0.code=?
2026-07-01T22:41:07.537+06:00  INFO 15424 --- [eduadvisor2] [   File Watcher] rtingClassPathChangeChangedEventListener : Restarting due to 11 class path changes (0 additions, 0 deletions, 11 modifications)
2026-07-01T22:41:07.557+06:00  INFO 15424 --- [eduadvisor2] [      Thread-42] o.s.boot.tomcat.GracefulShutdown         : Commencing graceful shutdown. Waiting for active requests to complete
2026-07-01T22:41:07.603+06:00  INFO 15424 --- [eduadvisor2] [tomcat-shutdown] o.s.boot.tomcat.GracefulShutdown         : Graceful shutdown complete
2026-07-01T22:41:07.613+06:00  INFO 15424 --- [eduadvisor2] [      Thread-42] j.LocalContainerEntityManagerFactoryBean : Closing JPA EntityManagerFactory for persistence unit 'default'
2026-07-01T22:41:07.619+06:00  INFO 15424 --- [eduadvisor2] [      Thread-42] com.zaxxer.hikari.HikariDataSource       : HikariPool-12 - Shutdown initiated...
2026-07-01T22:41:07.643+06:00  INFO 15424 --- [eduadvisor2] [      Thread-42] com.zaxxer.hikari.HikariDataSource       : HikariPool-12 - Shutdown completed.

  .   ____          _            __ _ _
 /\\ / ___'_ __ _ _(_)_ __  __ _ \ \ \ \
( ( )\___ | '_ | '_| | '_ \/ _` | \ \ \ \
 \\/  ___)| |_)| | | | | || (_| |  ) ) ) )
  '  |____| .__|_| |_|_| |_\__, | / / / /
 =========|_|==============|___/=/_/_/_/

 :: Spring Boot ::                (v4.0.6)

2026-07-01T22:41:07.900+06:00  INFO 15424 --- [eduadvisor2] [  restartedMain] c.e.eduadvisor2.Eduadvisor2Application   : Starting Eduadvisor2Application using Java 25.0.2 with PID 15424 (D:\OOp_EduAdvisor\eduadvisor2\target\classes started by Windows in D:\OOp_EduAdvisor\eduadvisor2)
2026-07-01T22:41:07.901+06:00  INFO 15424 --- [eduadvisor2] [  restartedMain] c.e.eduadvisor2.Eduadvisor2Application   : No active profile set, falling back to 1 default profile: "default"
2026-07-01T22:41:08.396+06:00  INFO 15424 --- [eduadvisor2] [  restartedMain] .s.d.r.c.RepositoryConfigurationDelegate : Bootstrapping Spring Data JPA repositories in DEFAULT mode.
2026-07-01T22:41:08.430+06:00  INFO 15424 --- [eduadvisor2] [  restartedMain] .s.d.r.c.RepositoryConfigurationDelegate : Finished Spring Data repository scanning in 32 ms. Found 13 JPA repository interfaces.
2026-07-01T22:41:08.630+06:00  INFO 15424 --- [eduadvisor2] [  restartedMain] o.s.boot.tomcat.TomcatWebServer          : Tomcat initialized with port 8081 (http)
2026-07-01T22:41:08.633+06:00  INFO 15424 --- [eduadvisor2] [  restartedMain] o.apache.catalina.core.StandardService   : Starting service [Tomcat]
2026-07-01T22:41:08.633+06:00  INFO 15424 --- [eduadvisor2] [  restartedMain] o.apache.catalina.core.StandardEngine    : Starting Servlet engine: [Apache Tomcat/11.0.21]
2026-07-01T22:41:08.659+06:00  INFO 15424 --- [eduadvisor2] [  restartedMain] b.w.c.s.WebApplicationContextInitializer : Root WebApplicationContext: initialization completed in 752 ms
2026-07-01T22:41:08.755+06:00  INFO 15424 --- [eduadvisor2] [  restartedMain] org.hibernate.orm.jpa                    : HHH008540: Processing PersistenceUnitInfo [name: default]
2026-07-01T22:41:08.789+06:00  INFO 15424 --- [eduadvisor2] [  restartedMain] o.s.o.j.p.SpringPersistenceUnitInfo      : No LoadTimeWeaver setup: ignoring JPA class transformer
2026-07-01T22:41:08.791+06:00  INFO 15424 --- [eduadvisor2] [  restartedMain] com.zaxxer.hikari.HikariDataSource       : HikariPool-13 - Starting...
2026-07-01T22:41:08.817+06:00  INFO 15424 --- [eduadvisor2] [  restartedMain] com.zaxxer.hikari.pool.HikariPool        : HikariPool-13 - Added connection conn151: url=jdbc:h2:file:./data/studentadvicedb user=SA
2026-07-01T22:41:08.818+06:00  INFO 15424 --- [eduadvisor2] [  restartedMain] com.zaxxer.hikari.HikariDataSource       : HikariPool-13 - Start completed.
2026-07-01T22:41:08.818+06:00  INFO 15424 --- [eduadvisor2] [  restartedMain] org.hibernate.orm.connections.pooling    : HHH10001005: Database info:
	Database JDBC URL [jdbc:h2:file:./data/studentadvicedb]
	Database driver: H2 JDBC Driver
	Database dialect: H2Dialect
	Database version: 2.4.240
	Default catalog/schema: STUDENTADVICEDB/PUBLIC
	Autocommit mode: undefined/unknown
	Isolation level: READ_COMMITTED [default READ_COMMITTED]
	JDBC fetch size: 100
	Pool: DataSourceConnectionProvider
	Minimum pool size: undefined/unknown
	Maximum pool size: undefined/unknown
2026-07-01T22:41:08.995+06:00  INFO 15424 --- [eduadvisor2] [  restartedMain] org.hibernate.orm.core                   : HHH000489: No JTA platform available (set 'hibernate.transaction.jta.platform' to enable JTA platform integration)
Hibernate: 
    alter table if exists discussions 
       alter column answer set data type TEXT
Hibernate: 
    alter table if exists discussions 
       alter column answer_image_base64 set data type TEXT
Hibernate: 
    alter table if exists discussions 
       alter column question set data type TEXT
Hibernate: 
    alter table if exists discussions 
       alter column question_image_base64 set data type TEXT
Hibernate: 
    alter table if exists exam_paper_images 
       alter column image_base64 set data type TEXT
Hibernate: 
    alter table if exists lost_found_reports 
       alter column coordinator_note set data type TEXT
Hibernate: 
    alter table if exists lost_found_reports 
       alter column description set data type TEXT
Hibernate: 
    alter table if exists lost_found_reports 
       alter column image_base64 set data type TEXT
Hibernate: 
    alter table if exists schedule_events 
       add column notified boolean not null
2026-07-01T22:41:09.022+06:00  WARN 15424 --- [eduadvisor2] [  restartedMain] o.h.t.s.i.ExceptionHandlerLoggedImpl     : GenerationTarget encountered exception accepting command : Error executing DDL "
    alter table if exists schedule_events 
       add column notified boolean not null" via JDBC [NULL not allowed for column "NOTIFIED";]

org.hibernate.tool.schema.spi.CommandAcceptanceException: Error executing DDL "
    alter table if exists schedule_events 
       add column notified boolean not null" via JDBC [NULL not allowed for column "NOTIFIED";]
	at org.hibernate.tool.schema.internal.exec.GenerationTargetToDatabase.accept(GenerationTargetToDatabase.java:81) ~[hibernate-core-7.2.12.Final.jar:7.2.12.Final]
	at org.hibernate.tool.schema.internal.AbstractSchemaMigrator.applySqlString(AbstractSchemaMigrator.java:566) ~[hibernate-core-7.2.12.Final.jar:7.2.12.Final]
	at org.hibernate.tool.schema.internal.AbstractSchemaMigrator.applySqlStrings(AbstractSchemaMigrator.java:506) ~[hibernate-core-7.2.12.Final.jar:7.2.12.Final]
	at org.hibernate.tool.schema.internal.AbstractSchemaMigrator.migrateTable(AbstractSchemaMigrator.java:324) ~[hibernate-core-7.2.12.Final.jar:7.2.12.Final]
	at org.hibernate.tool.schema.internal.GroupedSchemaMigratorImpl.performTablesMigration(GroupedSchemaMigratorImpl.java:84) ~[hibernate-core-7.2.12.Final.jar:7.2.12.Final]
	at org.hibernate.tool.schema.internal.AbstractSchemaMigrator.performMigration(AbstractSchemaMigrator.java:220) ~[hibernate-core-7.2.12.Final.jar:7.2.12.Final]
	at org.hibernate.tool.schema.internal.AbstractSchemaMigrator.doMigration(AbstractSchemaMigrator.java:96) ~[hibernate-core-7.2.12.Final.jar:7.2.12.Final]
	at org.hibernate.tool.schema.spi.SchemaManagementToolCoordinator.performDatabaseAction(SchemaManagementToolCoordinator.java:269) ~[hibernate-core-7.2.12.Final.jar:7.2.12.Final]
	at org.hibernate.tool.schema.spi.SchemaManagementToolCoordinator.lambda$process$1(SchemaManagementToolCoordinator.java:101) ~[hibernate-core-7.2.12.Final.jar:7.2.12.Final]
	at java.base/java.util.HashMap.forEach(HashMap.java:1430) ~[na:na]
	at org.hibernate.tool.schema.spi.SchemaManagementToolCoordinator.process(SchemaManagementToolCoordinator.java:100) ~[hibernate-core-7.2.12.Final.jar:7.2.12.Final]
	at org.hibernate.boot.internal.SessionFactoryObserverForSchemaExport.sessionFactoryCreated(SessionFactoryObserverForSchemaExport.java:35) ~[hibernate-core-7.2.12.Final.jar:7.2.12.Final]
	at org.hibernate.internal.SessionFactoryObserverChain.sessionFactoryCreated(SessionFactoryObserverChain.java:33) ~[hibernate-core-7.2.12.Final.jar:7.2.12.Final]
	at org.hibernate.internal.SessionFactoryImpl.<init>(SessionFactoryImpl.java:323) ~[hibernate-core-7.2.12.Final.jar:7.2.12.Final]
	at org.hibernate.internal.SessionFactoryRegistry.instantiateSessionFactory(SessionFactoryRegistry.java:64) ~[hibernate-core-7.2.12.Final.jar:7.2.12.Final]
	at org.hibernate.boot.internal.SessionFactoryBuilderImpl.build(SessionFactoryBuilderImpl.java:437) ~[hibernate-core-7.2.12.Final.jar:7.2.12.Final]
	at org.hibernate.jpa.boot.internal.EntityManagerFactoryBuilderImpl.build(EntityManagerFactoryBuilderImpl.java:1456) ~[hibernate-core-7.2.12.Final.jar:7.2.12.Final]
	at org.springframework.orm.jpa.vendor.SpringHibernateJpaPersistenceProvider.createContainerEntityManagerFactory(SpringHibernateJpaPersistenceProvider.java:93) ~[spring-orm-7.0.7.jar:7.0.7]
	at org.springframework.orm.jpa.LocalContainerEntityManagerFactoryBean.createNativeEntityManagerFactory(LocalContainerEntityManagerFactoryBean.java:443) ~[spring-orm-7.0.7.jar:7.0.7]
	at org.springframework.orm.jpa.AbstractEntityManagerFactoryBean.buildNativeEntityManagerFactory(AbstractEntityManagerFactoryBean.java:436) ~[spring-orm-7.0.7.jar:7.0.7]
	at org.springframework.orm.jpa.AbstractEntityManagerFactoryBean.afterPropertiesSet(AbstractEntityManagerFactoryBean.java:411) ~[spring-orm-7.0.7.jar:7.0.7]
	at org.springframework.orm.jpa.LocalContainerEntityManagerFactoryBean.afterPropertiesSet(LocalContainerEntityManagerFactoryBean.java:419) ~[spring-orm-7.0.7.jar:7.0.7]
	at org.springframework.beans.factory.support.AbstractAutowireCapableBeanFactory.invokeInitMethods(AbstractAutowireCapableBeanFactory.java:1864) ~[spring-beans-7.0.7.jar:7.0.7]
	at org.springframework.beans.factory.support.AbstractAutowireCapableBeanFactory.initializeBean(AbstractAutowireCapableBeanFactory.java:1813) ~[spring-beans-7.0.7.jar:7.0.7]
	at org.springframework.beans.factory.support.AbstractAutowireCapableBeanFactory.doCreateBean(AbstractAutowireCapableBeanFactory.java:603) ~[spring-beans-7.0.7.jar:7.0.7]
	at org.springframework.beans.factory.support.AbstractAutowireCapableBeanFactory.createBean(AbstractAutowireCapableBeanFactory.java:525) ~[spring-beans-7.0.7.jar:7.0.7]
	at org.springframework.beans.factory.support.AbstractBeanFactory.lambda$doGetBean$0(AbstractBeanFactory.java:333) ~[spring-beans-7.0.7.jar:7.0.7]
	at org.springframework.beans.factory.support.DefaultSingletonBeanRegistry.getSingleton(DefaultSingletonBeanRegistry.java:371) ~[spring-beans-7.0.7.jar:7.0.7]
	at org.springframework.beans.factory.support.AbstractBeanFactory.doGetBean(AbstractBeanFactory.java:331) ~[spring-beans-7.0.7.jar:7.0.7]
	at org.springframework.beans.factory.support.AbstractBeanFactory.getBean(AbstractBeanFactory.java:201) ~[spring-beans-7.0.7.jar:7.0.7]
	at org.springframework.context.support.AbstractApplicationContext.finishBeanFactoryInitialization(AbstractApplicationContext.java:977) ~[spring-context-7.0.7.jar:7.0.7]
	at org.springframework.context.support.AbstractApplicationContext.refresh(AbstractApplicationContext.java:621) ~[spring-context-7.0.7.jar:7.0.7]
	at org.springframework.boot.web.server.servlet.context.ServletWebServerApplicationContext.refresh(ServletWebServerApplicationContext.java:143) ~[spring-boot-web-server-4.0.6.jar:4.0.6]
	at org.springframework.boot.SpringApplication.refresh(SpringApplication.java:756) ~[spring-boot-4.0.6.jar:4.0.6]
	at org.springframework.boot.SpringApplication.refreshContext(SpringApplication.java:445) ~[spring-boot-4.0.6.jar:4.0.6]
	at org.springframework.boot.SpringApplication.run(SpringApplication.java:321) ~[spring-boot-4.0.6.jar:4.0.6]
	at org.springframework.boot.SpringApplication.run(SpringApplication.java:1365) ~[spring-boot-4.0.6.jar:4.0.6]
	at org.springframework.boot.SpringApplication.run(SpringApplication.java:1354) ~[spring-boot-4.0.6.jar:4.0.6]
	at com.example.eduadvisor2.Eduadvisor2Application.main(Eduadvisor2Application.java:12) ~[classes/:na]
	at java.base/jdk.internal.reflect.DirectMethodHandleAccessor.invoke(DirectMethodHandleAccessor.java:104) ~[na:na]
	at java.base/java.lang.reflect.Method.invoke(Method.java:565) ~[na:na]
	at org.springframework.boot.devtools.restart.RestartLauncher.run(RestartLauncher.java:52) ~[spring-boot-devtools-4.0.6.jar:4.0.6]
Caused by: org.h2.jdbc.JdbcSQLIntegrityConstraintViolationException: NULL not allowed for column "NOTIFIED"; SQL statement:
INSERT INTO "PUBLIC"."SCHEDULE_EVENTS_COPY_3_0"("ID", "CREATED_AT", "DATE", "STUDENT_ID", "TIME", "TITLE", "TYPE") OVERRIDING SYSTEM VALUE SELECT "ID", "CREATED_AT", "DATE", "STUDENT_ID", "TIME", "TITLE", "TYPE" FROM "PUBLIC"."SCHEDULE_EVENTS" [23502-240]
	at org.h2.message.DbException.getJdbcSQLException(DbException.java:520) ~[h2-2.4.240.jar:2.4.240]
	at org.h2.message.DbException.getJdbcSQLException(DbException.java:489) ~[h2-2.4.240.jar:2.4.240]
	at org.h2.message.DbException.get(DbException.java:223) ~[h2-2.4.240.jar:2.4.240]
	at org.h2.message.DbException.get(DbException.java:199) ~[h2-2.4.240.jar:2.4.240]
	at org.h2.table.Column.validateConvertUpdateSequence(Column.java:406) ~[h2-2.4.240.jar:2.4.240]
	at org.h2.table.Table.convertInsertRow(Table.java:948) ~[h2-2.4.240.jar:2.4.240]
	at org.h2.command.dml.Insert.addRow(Insert.java:229) ~[h2-2.4.240.jar:2.4.240]
	at org.h2.command.dml.Insert.insertRows(Insert.java:203) ~[h2-2.4.240.jar:2.4.240]
	at org.h2.command.dml.Insert.update(Insert.java:135) ~[h2-2.4.240.jar:2.4.240]
	at org.h2.command.dml.DataChangeStatement.update(DataChangeStatement.java:77) ~[h2-2.4.240.jar:2.4.240]
	at org.h2.command.CommandContainer.update(CommandContainer.java:139) ~[h2-2.4.240.jar:2.4.240]
	at org.h2.command.Command.executeUpdate(Command.java:306) ~[h2-2.4.240.jar:2.4.240]
	at org.h2.command.Command.executeUpdate(Command.java:250) ~[h2-2.4.240.jar:2.4.240]
	at org.h2.command.ddl.AlterTableAlterColumn.execute(AlterTableAlterColumn.java:648) ~[h2-2.4.240.jar:2.4.240]
	at org.h2.command.ddl.AlterTableAlterColumn.cloneTableStructure(AlterTableAlterColumn.java:560) ~[h2-2.4.240.jar:2.4.240]
	at org.h2.command.ddl.AlterTableAlterColumn.copyData(AlterTableAlterColumn.java:343) ~[h2-2.4.240.jar:2.4.240]
	at org.h2.command.ddl.AlterTableAlterColumn.update(AlterTableAlterColumn.java:244) ~[h2-2.4.240.jar:2.4.240]
	at org.h2.command.CommandContainer.update(CommandContainer.java:139) ~[h2-2.4.240.jar:2.4.240]
	at org.h2.command.Command.executeUpdate(Command.java:306) ~[h2-2.4.240.jar:2.4.240]
	at org.h2.command.Command.executeUpdate(Command.java:250) ~[h2-2.4.240.jar:2.4.240]
	at org.h2.jdbc.JdbcStatement.executeInternal(JdbcStatement.java:262) ~[h2-2.4.240.jar:2.4.240]
	at org.h2.jdbc.JdbcStatement.execute(JdbcStatement.java:231) ~[h2-2.4.240.jar:2.4.240]
	at com.zaxxer.hikari.pool.ProxyStatement.execute(ProxyStatement.java:95) ~[HikariCP-7.0.2.jar:na]
	at com.zaxxer.hikari.pool.HikariProxyStatement.execute(HikariProxyStatement.java) ~[HikariCP-7.0.2.jar:na]
	at org.hibernate.tool.schema.internal.exec.GenerationTargetToDatabase.accept(GenerationTargetToDatabase.java:76) ~[hibernate-core-7.2.12.Final.jar:7.2.12.Final]
	... 41 common frames omitted

2026-07-01T22:41:09.029+06:00  INFO 15424 --- [eduadvisor2] [  restartedMain] j.LocalContainerEntityManagerFactoryBean : Initialized JPA EntityManagerFactory for persistence unit 'default'
2026-07-01T22:41:09.271+06:00  INFO 15424 --- [eduadvisor2] [  restartedMain] o.s.b.w.a.WelcomePageHandlerMapping      : Adding welcome page template: index
2026-07-01T22:41:09.408+06:00  INFO 15424 --- [eduadvisor2] [  restartedMain] o.s.b.a.e.web.EndpointLinksResolver      : Exposing 1 endpoint beneath base path '/actuator'
2026-07-01T22:41:09.429+06:00  INFO 15424 --- [eduadvisor2] [  restartedMain] o.s.boot.tomcat.TomcatWebServer          : Tomcat started on port 8081 (http) with context path '/'
2026-07-01T22:41:09.432+06:00  INFO 15424 --- [eduadvisor2] [  restartedMain] c.e.eduadvisor2.Eduadvisor2Application   : Started Eduadvisor2Application in 1.567 seconds (process running for 11660.708)
Hibernate: 
    select
        count(*) 
    from
        students s1_0
Hibernate: 
    select
        count(*) 
    from
        teachers t1_0
Hibernate: 
    select
        count(*) 
    from
        courses c1_0
Hibernate: 
    select
        count(*) 
    from
        enrollments e1_0
Hibernate: 
    select
        t1_0.id,
        t1_0.coordinator,
        t1_0.department,
        t1_0.designation,
        t1_0.email,
        t1_0.name,
        t1_0.password,
        t1_0.photo,
        t1_0.photo_type,
        t1_0.teacher_id 
    from
        teachers t1_0 
    where
        t1_0.teacher_id=?
Hibernate: 
    select
        t1_0.id,
        t1_0.coordinator,
        t1_0.department,
        t1_0.designation,
        t1_0.email,
        t1_0.name,
        t1_0.password,
        t1_0.photo,
        t1_0.photo_type,
        t1_0.teacher_id 
    from
        teachers t1_0 
    where
        t1_0.teacher_id=?
Hibernate: 
    select
        t1_0.id,
        t1_0.coordinator,
        t1_0.department,
        t1_0.designation,
        t1_0.email,
        t1_0.name,
        t1_0.password,
        t1_0.photo,
        t1_0.photo_type,
        t1_0.teacher_id 
    from
        teachers t1_0 
    where
        t1_0.teacher_id=?
2026-07-01T22:41:09.474+06:00  INFO 15424 --- [eduadvisor2] [  restartedMain] .ConditionEvaluationDeltaLoggingListener : Condition evaluation unchanged
2026-07-01T22:41:16.968+06:00  INFO 15424 --- [eduadvisor2] [   File Watcher] rtingClassPathChangeChangedEventListener : Restarting due to 1 class path change (0 additions, 0 deletions, 1 modification)
2026-07-01T22:41:16.971+06:00  INFO 15424 --- [eduadvisor2] [      Thread-49] o.s.boot.tomcat.GracefulShutdown         : Commencing graceful shutdown. Waiting for active requests to complete
2026-07-01T22:41:16.975+06:00  INFO 15424 --- [eduadvisor2] [tomcat-shutdown] o.s.boot.tomcat.GracefulShutdown         : Graceful shutdown complete
2026-07-01T22:41:16.978+06:00  INFO 15424 --- [eduadvisor2] [      Thread-49] j.LocalContainerEntityManagerFactoryBean : Closing JPA EntityManagerFactory for persistence unit 'default'
2026-07-01T22:41:16.978+06:00  INFO 15424 --- [eduadvisor2] [      Thread-49] com.zaxxer.hikari.HikariDataSource       : HikariPool-13 - Shutdown initiated...
2026-07-01T22:41:17.011+06:00  INFO 15424 --- [eduadvisor2] [      Thread-49] com.zaxxer.hikari.HikariDataSource       : HikariPool-13 - Shutdown completed.

  .   ____          _            __ _ _
 /\\ / ___'_ __ _ _(_)_ __  __ _ \ \ \ \
( ( )\___ | '_ | '_| | '_ \/ _` | \ \ \ \
 \\/  ___)| |_)| | | | | || (_| |  ) ) ) )
  '  |____| .__|_| |_|_| |_\__, | / / / /
 =========|_|==============|___/=/_/_/_/

 :: Spring Boot ::                (v4.0.6)

2026-07-01T22:41:17.102+06:00  INFO 15424 --- [eduadvisor2] [  restartedMain] c.e.eduadvisor2.Eduadvisor2Application   : Starting Eduadvisor2Application using Java 25.0.2 with PID 15424 (D:\OOp_EduAdvisor\eduadvisor2\target\classes started by Windows in D:\OOp_EduAdvisor\eduadvisor2)
2026-07-01T22:41:17.102+06:00  INFO 15424 --- [eduadvisor2] [  restartedMain] c.e.eduadvisor2.Eduadvisor2Application   : No active profile set, falling back to 1 default profile: "default"
2026-07-01T22:41:17.268+06:00  INFO 15424 --- [eduadvisor2] [  restartedMain] .s.d.r.c.RepositoryConfigurationDelegate : Bootstrapping Spring Data JPA repositories in DEFAULT mode.
2026-07-01T22:41:17.291+06:00  INFO 15424 --- [eduadvisor2] [  restartedMain] .s.d.r.c.RepositoryConfigurationDelegate : Finished Spring Data repository scanning in 22 ms. Found 13 JPA repository interfaces.
2026-07-01T22:41:17.370+06:00  INFO 15424 --- [eduadvisor2] [  restartedMain] o.s.boot.tomcat.TomcatWebServer          : Tomcat initialized with port 8081 (http)
2026-07-01T22:41:17.371+06:00  INFO 15424 --- [eduadvisor2] [  restartedMain] o.apache.catalina.core.StandardService   : Starting service [Tomcat]
2026-07-01T22:41:17.371+06:00  INFO 15424 --- [eduadvisor2] [  restartedMain] o.apache.catalina.core.StandardEngine    : Starting Servlet engine: [Apache Tomcat/11.0.21]
2026-07-01T22:41:17.386+06:00  INFO 15424 --- [eduadvisor2] [  restartedMain] b.w.c.s.WebApplicationContextInitializer : Root WebApplicationContext: initialization completed in 282 ms
2026-07-01T22:41:17.452+06:00  INFO 15424 --- [eduadvisor2] [  restartedMain] org.hibernate.orm.jpa                    : HHH008540: Processing PersistenceUnitInfo [name: default]
2026-07-01T22:41:17.481+06:00  INFO 15424 --- [eduadvisor2] [  restartedMain] o.s.o.j.p.SpringPersistenceUnitInfo      : No LoadTimeWeaver setup: ignoring JPA class transformer
2026-07-01T22:41:17.482+06:00  INFO 15424 --- [eduadvisor2] [  restartedMain] com.zaxxer.hikari.HikariDataSource       : HikariPool-14 - Starting...
2026-07-01T22:41:17.504+06:00  INFO 15424 --- [eduadvisor2] [  restartedMain] com.zaxxer.hikari.pool.HikariPool        : HikariPool-14 - Added connection conn161: url=jdbc:h2:file:./data/studentadvicedb user=SA
2026-07-01T22:41:17.505+06:00  INFO 15424 --- [eduadvisor2] [  restartedMain] com.zaxxer.hikari.HikariDataSource       : HikariPool-14 - Start completed.
2026-07-01T22:41:17.505+06:00  INFO 15424 --- [eduadvisor2] [  restartedMain] org.hibernate.orm.connections.pooling    : HHH10001005: Database info:
	Database JDBC URL [jdbc:h2:file:./data/studentadvicedb]
	Database driver: H2 JDBC Driver
	Database dialect: H2Dialect
	Database version: 2.4.240
	Default catalog/schema: STUDENTADVICEDB/PUBLIC
	Autocommit mode: undefined/unknown
	Isolation level: READ_COMMITTED [default READ_COMMITTED]
	JDBC fetch size: 100
	Pool: DataSourceConnectionProvider
	Minimum pool size: undefined/unknown
	Maximum pool size: undefined/unknown
2026-07-01T22:41:17.654+06:00  INFO 15424 --- [eduadvisor2] [  restartedMain] org.hibernate.orm.core                   : HHH000489: No JTA platform available (set 'hibernate.transaction.jta.platform' to enable JTA platform integration)
Hibernate: 
    alter table if exists discussions 
       alter column answer set data type TEXT
Hibernate: 
    alter table if exists discussions 
       alter column answer_image_base64 set data type TEXT
Hibernate: 
    alter table if exists discussions 
       alter column question set data type TEXT
Hibernate: 
    alter table if exists discussions 
       alter column question_image_base64 set data type TEXT
Hibernate: 
    alter table if exists exam_paper_images 
       alter column image_base64 set data type TEXT
Hibernate: 
    alter table if exists lost_found_reports 
       alter column coordinator_note set data type TEXT
Hibernate: 
    alter table if exists lost_found_reports 
       alter column description set data type TEXT
Hibernate: 
    alter table if exists lost_found_reports 
       alter column image_base64 set data type TEXT
Hibernate: 
    alter table if exists schedule_events 
       add column notified boolean not null
2026-07-01T22:41:17.662+06:00  WARN 15424 --- [eduadvisor2] [  restartedMain] o.h.t.s.i.ExceptionHandlerLoggedImpl     : GenerationTarget encountered exception accepting command : Error executing DDL "
    alter table if exists schedule_events 
       add column notified boolean not null" via JDBC [NULL not allowed for column "NOTIFIED";]

org.hibernate.tool.schema.spi.CommandAcceptanceException: Error executing DDL "
    alter table if exists schedule_events 
       add column notified boolean not null" via JDBC [NULL not allowed for column "NOTIFIED";]
	at org.hibernate.tool.schema.internal.exec.GenerationTargetToDatabase.accept(GenerationTargetToDatabase.java:81) ~[hibernate-core-7.2.12.Final.jar:7.2.12.Final]
	at org.hibernate.tool.schema.internal.AbstractSchemaMigrator.applySqlString(AbstractSchemaMigrator.java:566) ~[hibernate-core-7.2.12.Final.jar:7.2.12.Final]
	at org.hibernate.tool.schema.internal.AbstractSchemaMigrator.applySqlStrings(AbstractSchemaMigrator.java:506) ~[hibernate-core-7.2.12.Final.jar:7.2.12.Final]
	at org.hibernate.tool.schema.internal.AbstractSchemaMigrator.migrateTable(AbstractSchemaMigrator.java:324) ~[hibernate-core-7.2.12.Final.jar:7.2.12.Final]
	at org.hibernate.tool.schema.internal.GroupedSchemaMigratorImpl.performTablesMigration(GroupedSchemaMigratorImpl.java:84) ~[hibernate-core-7.2.12.Final.jar:7.2.12.Final]
	at org.hibernate.tool.schema.internal.AbstractSchemaMigrator.performMigration(AbstractSchemaMigrator.java:220) ~[hibernate-core-7.2.12.Final.jar:7.2.12.Final]
	at org.hibernate.tool.schema.internal.AbstractSchemaMigrator.doMigration(AbstractSchemaMigrator.java:96) ~[hibernate-core-7.2.12.Final.jar:7.2.12.Final]
	at org.hibernate.tool.schema.spi.SchemaManagementToolCoordinator.performDatabaseAction(SchemaManagementToolCoordinator.java:269) ~[hibernate-core-7.2.12.Final.jar:7.2.12.Final]
	at org.hibernate.tool.schema.spi.SchemaManagementToolCoordinator.lambda$process$1(SchemaManagementToolCoordinator.java:101) ~[hibernate-core-7.2.12.Final.jar:7.2.12.Final]
	at java.base/java.util.HashMap.forEach(HashMap.java:1430) ~[na:na]
	at org.hibernate.tool.schema.spi.SchemaManagementToolCoordinator.process(SchemaManagementToolCoordinator.java:100) ~[hibernate-core-7.2.12.Final.jar:7.2.12.Final]
	at org.hibernate.boot.internal.SessionFactoryObserverForSchemaExport.sessionFactoryCreated(SessionFactoryObserverForSchemaExport.java:35) ~[hibernate-core-7.2.12.Final.jar:7.2.12.Final]
	at org.hibernate.internal.SessionFactoryObserverChain.sessionFactoryCreated(SessionFactoryObserverChain.java:33) ~[hibernate-core-7.2.12.Final.jar:7.2.12.Final]
	at org.hibernate.internal.SessionFactoryImpl.<init>(SessionFactoryImpl.java:323) ~[hibernate-core-7.2.12.Final.jar:7.2.12.Final]
	at org.hibernate.internal.SessionFactoryRegistry.instantiateSessionFactory(SessionFactoryRegistry.java:64) ~[hibernate-core-7.2.12.Final.jar:7.2.12.Final]
	at org.hibernate.boot.internal.SessionFactoryBuilderImpl.build(SessionFactoryBuilderImpl.java:437) ~[hibernate-core-7.2.12.Final.jar:7.2.12.Final]
	at org.hibernate.jpa.boot.internal.EntityManagerFactoryBuilderImpl.build(EntityManagerFactoryBuilderImpl.java:1456) ~[hibernate-core-7.2.12.Final.jar:7.2.12.Final]
	at org.springframework.orm.jpa.vendor.SpringHibernateJpaPersistenceProvider.createContainerEntityManagerFactory(SpringHibernateJpaPersistenceProvider.java:93) ~[spring-orm-7.0.7.jar:7.0.7]
	at org.springframework.orm.jpa.LocalContainerEntityManagerFactoryBean.createNativeEntityManagerFactory(LocalContainerEntityManagerFactoryBean.java:443) ~[spring-orm-7.0.7.jar:7.0.7]
	at org.springframework.orm.jpa.AbstractEntityManagerFactoryBean.buildNativeEntityManagerFactory(AbstractEntityManagerFactoryBean.java:436) ~[spring-orm-7.0.7.jar:7.0.7]
	at org.springframework.orm.jpa.AbstractEntityManagerFactoryBean.afterPropertiesSet(AbstractEntityManagerFactoryBean.java:411) ~[spring-orm-7.0.7.jar:7.0.7]
	at org.springframework.orm.jpa.LocalContainerEntityManagerFactoryBean.afterPropertiesSet(LocalContainerEntityManagerFactoryBean.java:419) ~[spring-orm-7.0.7.jar:7.0.7]
	at org.springframework.beans.factory.support.AbstractAutowireCapableBeanFactory.invokeInitMethods(AbstractAutowireCapableBeanFactory.java:1864) ~[spring-beans-7.0.7.jar:7.0.7]
	at org.springframework.beans.factory.support.AbstractAutowireCapableBeanFactory.initializeBean(AbstractAutowireCapableBeanFactory.java:1813) ~[spring-beans-7.0.7.jar:7.0.7]
	at org.springframework.beans.factory.support.AbstractAutowireCapableBeanFactory.doCreateBean(AbstractAutowireCapableBeanFactory.java:603) ~[spring-beans-7.0.7.jar:7.0.7]
	at org.springframework.beans.factory.support.AbstractAutowireCapableBeanFactory.createBean(AbstractAutowireCapableBeanFactory.java:525) ~[spring-beans-7.0.7.jar:7.0.7]
	at org.springframework.beans.factory.support.AbstractBeanFactory.lambda$doGetBean$0(AbstractBeanFactory.java:333) ~[spring-beans-7.0.7.jar:7.0.7]
	at org.springframework.beans.factory.support.DefaultSingletonBeanRegistry.getSingleton(DefaultSingletonBeanRegistry.java:371) ~[spring-beans-7.0.7.jar:7.0.7]
	at org.springframework.beans.factory.support.AbstractBeanFactory.doGetBean(AbstractBeanFactory.java:331) ~[spring-beans-7.0.7.jar:7.0.7]
	at org.springframework.beans.factory.support.AbstractBeanFactory.getBean(AbstractBeanFactory.java:201) ~[spring-beans-7.0.7.jar:7.0.7]
	at org.springframework.context.support.AbstractApplicationContext.finishBeanFactoryInitialization(AbstractApplicationContext.java:977) ~[spring-context-7.0.7.jar:7.0.7]
	at org.springframework.context.support.AbstractApplicationContext.refresh(AbstractApplicationContext.java:621) ~[spring-context-7.0.7.jar:7.0.7]
	at org.springframework.boot.web.server.servlet.context.ServletWebServerApplicationContext.refresh(ServletWebServerApplicationContext.java:143) ~[spring-boot-web-server-4.0.6.jar:4.0.6]
	at org.springframework.boot.SpringApplication.refresh(SpringApplication.java:756) ~[spring-boot-4.0.6.jar:4.0.6]
	at org.springframework.boot.SpringApplication.refreshContext(SpringApplication.java:445) ~[spring-boot-4.0.6.jar:4.0.6]
	at org.springframework.boot.SpringApplication.run(SpringApplication.java:321) ~[spring-boot-4.0.6.jar:4.0.6]
	at org.springframework.boot.SpringApplication.run(SpringApplication.java:1365) ~[spring-boot-4.0.6.jar:4.0.6]
	at org.springframework.boot.SpringApplication.run(SpringApplication.java:1354) ~[spring-boot-4.0.6.jar:4.0.6]
	at com.example.eduadvisor2.Eduadvisor2Application.main(Eduadvisor2Application.java:12) ~[classes/:na]
	at java.base/jdk.internal.reflect.DirectMethodHandleAccessor.invoke(DirectMethodHandleAccessor.java:104) ~[na:na]
	at java.base/java.lang.reflect.Method.invoke(Method.java:565) ~[na:na]
	at org.springframework.boot.devtools.restart.RestartLauncher.run(RestartLauncher.java:52) ~[spring-boot-devtools-4.0.6.jar:4.0.6]
Caused by: org.h2.jdbc.JdbcSQLIntegrityConstraintViolationException: NULL not allowed for column "NOTIFIED"; SQL statement:
INSERT INTO "PUBLIC"."SCHEDULE_EVENTS_COPY_3_0"("ID", "CREATED_AT", "DATE", "STUDENT_ID", "TIME", "TITLE", "TYPE") OVERRIDING SYSTEM VALUE SELECT "ID", "CREATED_AT", "DATE", "STUDENT_ID", "TIME", "TITLE", "TYPE" FROM "PUBLIC"."SCHEDULE_EVENTS" [23502-240]
	at org.h2.message.DbException.getJdbcSQLException(DbException.java:520) ~[h2-2.4.240.jar:2.4.240]
	at org.h2.message.DbException.getJdbcSQLException(DbException.java:489) ~[h2-2.4.240.jar:2.4.240]
	at org.h2.message.DbException.get(DbException.java:223) ~[h2-2.4.240.jar:2.4.240]
	at org.h2.message.DbException.get(DbException.java:199) ~[h2-2.4.240.jar:2.4.240]
	at org.h2.table.Column.validateConvertUpdateSequence(Column.java:406) ~[h2-2.4.240.jar:2.4.240]
	at org.h2.table.Table.convertInsertRow(Table.java:948) ~[h2-2.4.240.jar:2.4.240]
	at org.h2.command.dml.Insert.addRow(Insert.java:229) ~[h2-2.4.240.jar:2.4.240]
	at org.h2.command.dml.Insert.insertRows(Insert.java:203) ~[h2-2.4.240.jar:2.4.240]
	at org.h2.command.dml.Insert.update(Insert.java:135) ~[h2-2.4.240.jar:2.4.240]
	at org.h2.command.dml.DataChangeStatement.update(DataChangeStatement.java:77) ~[h2-2.4.240.jar:2.4.240]
	at org.h2.command.CommandContainer.update(CommandContainer.java:139) ~[h2-2.4.240.jar:2.4.240]
	at org.h2.command.Command.executeUpdate(Command.java:306) ~[h2-2.4.240.jar:2.4.240]
	at org.h2.command.Command.executeUpdate(Command.java:250) ~[h2-2.4.240.jar:2.4.240]
	at org.h2.command.ddl.AlterTableAlterColumn.execute(AlterTableAlterColumn.java:648) ~[h2-2.4.240.jar:2.4.240]
	at org.h2.command.ddl.AlterTableAlterColumn.cloneTableStructure(AlterTableAlterColumn.java:560) ~[h2-2.4.240.jar:2.4.240]
	at org.h2.command.ddl.AlterTableAlterColumn.copyData(AlterTableAlterColumn.java:343) ~[h2-2.4.240.jar:2.4.240]
	at org.h2.command.ddl.AlterTableAlterColumn.update(AlterTableAlterColumn.java:244) ~[h2-2.4.240.jar:2.4.240]
	at org.h2.command.CommandContainer.update(CommandContainer.java:139) ~[h2-2.4.240.jar:2.4.240]
	at org.h2.command.Command.executeUpdate(Command.java:306) ~[h2-2.4.240.jar:2.4.240]
	at org.h2.command.Command.executeUpdate(Command.java:250) ~[h2-2.4.240.jar:2.4.240]
	at org.h2.jdbc.JdbcStatement.executeInternal(JdbcStatement.java:262) ~[h2-2.4.240.jar:2.4.240]
	at org.h2.jdbc.JdbcStatement.execute(JdbcStatement.java:231) ~[h2-2.4.240.jar:2.4.240]
	at com.zaxxer.hikari.pool.ProxyStatement.execute(ProxyStatement.java:95) ~[HikariCP-7.0.2.jar:na]
	at com.zaxxer.hikari.pool.HikariProxyStatement.execute(HikariProxyStatement.java) ~[HikariCP-7.0.2.jar:na]
	at org.hibernate.tool.schema.internal.exec.GenerationTargetToDatabase.accept(GenerationTargetToDatabase.java:76) ~[hibernate-core-7.2.12.Final.jar:7.2.12.Final]
	... 41 common frames omitted

2026-07-01T22:41:17.665+06:00  INFO 15424 --- [eduadvisor2] [  restartedMain] j.LocalContainerEntityManagerFactoryBean : Initialized JPA EntityManagerFactory for persistence unit 'default'
2026-07-01T22:41:17.835+06:00  INFO 15424 --- [eduadvisor2] [  restartedMain] o.s.b.w.a.WelcomePageHandlerMapping      : Adding welcome page template: index
2026-07-01T22:41:17.919+06:00  INFO 15424 --- [eduadvisor2] [  restartedMain] o.s.b.a.e.web.EndpointLinksResolver      : Exposing 1 endpoint beneath base path '/actuator'
2026-07-01T22:41:17.935+06:00  INFO 15424 --- [eduadvisor2] [  restartedMain] o.s.boot.tomcat.TomcatWebServer          : Tomcat started on port 8081 (http) with context path '/'
2026-07-01T22:41:17.939+06:00  INFO 15424 --- [eduadvisor2] [  restartedMain] c.e.eduadvisor2.Eduadvisor2Application   : Started Eduadvisor2Application in 0.853 seconds (process running for 11669.214)
Hibernate: 
    select
        count(*) 
    from
        students s1_0
Hibernate: 
    select
        count(*) 
    from
        teachers t1_0
Hibernate: 
    select
        count(*) 
    from
        courses c1_0
Hibernate: 
    select
        count(*) 
    from
        enrollments e1_0
Hibernate: 
    select
        t1_0.id,
        t1_0.coordinator,
        t1_0.department,
        t1_0.designation,
        t1_0.email,
        t1_0.name,
        t1_0.password,
        t1_0.photo,
        t1_0.photo_type,
        t1_0.teacher_id 
    from
        teachers t1_0 
    where
        t1_0.teacher_id=?
Hibernate: 
    select
        t1_0.id,
        t1_0.coordinator,
        t1_0.department,
        t1_0.designation,
        t1_0.email,
        t1_0.name,
        t1_0.password,
        t1_0.photo,
        t1_0.photo_type,
        t1_0.teacher_id 
    from
        teachers t1_0 
    where
        t1_0.teacher_id=?
Hibernate: 
    select
        t1_0.id,
        t1_0.coordinator,
        t1_0.department,
        t1_0.designation,
        t1_0.email,
        t1_0.name,
        t1_0.password,
        t1_0.photo,
        t1_0.photo_type,
        t1_0.teacher_id 
    from
        teachers t1_0 
    where
        t1_0.teacher_id=?
2026-07-01T22:41:17.978+06:00  INFO 15424 --- [eduadvisor2] [  restartedMain] .ConditionEvaluationDeltaLoggingListener : Condition evaluation unchanged
2026-07-01T22:41:28.651+06:00  INFO 15424 --- [eduadvisor2] [   File Watcher] rtingClassPathChangeChangedEventListener : Restarting due to 1 class path change (0 additions, 0 deletions, 1 modification)
2026-07-01T22:41:28.655+06:00  INFO 15424 --- [eduadvisor2] [      Thread-53] o.s.boot.tomcat.GracefulShutdown         : Commencing graceful shutdown. Waiting for active requests to complete
2026-07-01T22:41:28.668+06:00  INFO 15424 --- [eduadvisor2] [tomcat-shutdown] o.s.boot.tomcat.GracefulShutdown         : Graceful shutdown complete
2026-07-01T22:41:28.671+06:00  INFO 15424 --- [eduadvisor2] [      Thread-53] j.LocalContainerEntityManagerFactoryBean : Closing JPA EntityManagerFactory for persistence unit 'default'
2026-07-01T22:41:28.672+06:00  INFO 15424 --- [eduadvisor2] [      Thread-53] com.zaxxer.hikari.HikariDataSource       : HikariPool-14 - Shutdown initiated...
2026-07-01T22:41:28.701+06:00  INFO 15424 --- [eduadvisor2] [      Thread-53] com.zaxxer.hikari.HikariDataSource       : HikariPool-14 - Shutdown completed.

  .   ____          _            __ _ _
 /\\ / ___'_ __ _ _(_)_ __  __ _ \ \ \ \
( ( )\___ | '_ | '_| | '_ \/ _` | \ \ \ \
 \\/  ___)| |_)| | | | | || (_| |  ) ) ) )
  '  |____| .__|_| |_|_| |_\__, | / / / /
 =========|_|==============|___/=/_/_/_/

 :: Spring Boot ::                (v4.0.6)

2026-07-01T22:41:28.804+06:00  INFO 15424 --- [eduadvisor2] [  restartedMain] c.e.eduadvisor2.Eduadvisor2Application   : Starting Eduadvisor2Application using Java 25.0.2 with PID 15424 (D:\OOp_EduAdvisor\eduadvisor2\target\classes started by Windows in D:\OOp_EduAdvisor\eduadvisor2)
2026-07-01T22:41:28.804+06:00  INFO 15424 --- [eduadvisor2] [  restartedMain] c.e.eduadvisor2.Eduadvisor2Application   : No active profile set, falling back to 1 default profile: "default"
2026-07-01T22:41:28.993+06:00  INFO 15424 --- [eduadvisor2] [  restartedMain] .s.d.r.c.RepositoryConfigurationDelegate : Bootstrapping Spring Data JPA repositories in DEFAULT mode.
2026-07-01T22:41:29.019+06:00  INFO 15424 --- [eduadvisor2] [  restartedMain] .s.d.r.c.RepositoryConfigurationDelegate : Finished Spring Data repository scanning in 24 ms. Found 13 JPA repository interfaces.
2026-07-01T22:41:29.122+06:00  INFO 15424 --- [eduadvisor2] [  restartedMain] o.s.boot.tomcat.TomcatWebServer          : Tomcat initialized with port 8081 (http)
2026-07-01T22:41:29.124+06:00  INFO 15424 --- [eduadvisor2] [  restartedMain] o.apache.catalina.core.StandardService   : Starting service [Tomcat]
2026-07-01T22:41:29.124+06:00  INFO 15424 --- [eduadvisor2] [  restartedMain] o.apache.catalina.core.StandardEngine    : Starting Servlet engine: [Apache Tomcat/11.0.21]
2026-07-01T22:41:29.139+06:00  INFO 15424 --- [eduadvisor2] [  restartedMain] b.w.c.s.WebApplicationContextInitializer : Root WebApplicationContext: initialization completed in 332 ms
2026-07-01T22:41:29.192+06:00  INFO 15424 --- [eduadvisor2] [  restartedMain] org.hibernate.orm.jpa                    : HHH008540: Processing PersistenceUnitInfo [name: default]
2026-07-01T22:41:29.218+06:00  INFO 15424 --- [eduadvisor2] [  restartedMain] o.s.o.j.p.SpringPersistenceUnitInfo      : No LoadTimeWeaver setup: ignoring JPA class transformer
2026-07-01T22:41:29.218+06:00  INFO 15424 --- [eduadvisor2] [  restartedMain] com.zaxxer.hikari.HikariDataSource       : HikariPool-15 - Starting...
2026-07-01T22:41:29.238+06:00  INFO 15424 --- [eduadvisor2] [  restartedMain] com.zaxxer.hikari.pool.HikariPool        : HikariPool-15 - Added connection conn171: url=jdbc:h2:file:./data/studentadvicedb user=SA
2026-07-01T22:41:29.238+06:00  INFO 15424 --- [eduadvisor2] [  restartedMain] com.zaxxer.hikari.HikariDataSource       : HikariPool-15 - Start completed.
2026-07-01T22:41:29.239+06:00  INFO 15424 --- [eduadvisor2] [  restartedMain] org.hibernate.orm.connections.pooling    : HHH10001005: Database info:
	Database JDBC URL [jdbc:h2:file:./data/studentadvicedb]
	Database driver: H2 JDBC Driver
	Database dialect: H2Dialect
	Database version: 2.4.240
	Default catalog/schema: STUDENTADVICEDB/PUBLIC
	Autocommit mode: undefined/unknown
	Isolation level: READ_COMMITTED [default READ_COMMITTED]
	JDBC fetch size: 100
	Pool: DataSourceConnectionProvider
	Minimum pool size: undefined/unknown
	Maximum pool size: undefined/unknown
2026-07-01T22:41:29.377+06:00  INFO 15424 --- [eduadvisor2] [  restartedMain] org.hibernate.orm.core                   : HHH000489: No JTA platform available (set 'hibernate.transaction.jta.platform' to enable JTA platform integration)
Hibernate: 
    alter table if exists discussions 
       alter column answer set data type TEXT
Hibernate: 
    alter table if exists discussions 
       alter column answer_image_base64 set data type TEXT
Hibernate: 
    alter table if exists discussions 
       alter column question set data type TEXT
Hibernate: 
    alter table if exists discussions 
       alter column question_image_base64 set data type TEXT
Hibernate: 
    alter table if exists exam_paper_images 
       alter column image_base64 set data type TEXT
Hibernate: 
    alter table if exists lost_found_reports 
       alter column coordinator_note set data type TEXT
Hibernate: 
    alter table if exists lost_found_reports 
       alter column description set data type TEXT
Hibernate: 
    alter table if exists lost_found_reports 
       alter column image_base64 set data type TEXT
Hibernate: 
    alter table if exists schedule_events 
       add column notified boolean not null
2026-07-01T22:41:29.398+06:00  WARN 15424 --- [eduadvisor2] [  restartedMain] o.h.t.s.i.ExceptionHandlerLoggedImpl     : GenerationTarget encountered exception accepting command : Error executing DDL "
    alter table if exists schedule_events 
       add column notified boolean not null" via JDBC [NULL not allowed for column "NOTIFIED";]

org.hibernate.tool.schema.spi.CommandAcceptanceException: Error executing DDL "
    alter table if exists schedule_events 
       add column notified boolean not null" via JDBC [NULL not allowed for column "NOTIFIED";]
	at org.hibernate.tool.schema.internal.exec.GenerationTargetToDatabase.accept(GenerationTargetToDatabase.java:81) ~[hibernate-core-7.2.12.Final.jar:7.2.12.Final]
	at org.hibernate.tool.schema.internal.AbstractSchemaMigrator.applySqlString(AbstractSchemaMigrator.java:566) ~[hibernate-core-7.2.12.Final.jar:7.2.12.Final]
	at org.hibernate.tool.schema.internal.AbstractSchemaMigrator.applySqlStrings(AbstractSchemaMigrator.java:506) ~[hibernate-core-7.2.12.Final.jar:7.2.12.Final]
	at org.hibernate.tool.schema.internal.AbstractSchemaMigrator.migrateTable(AbstractSchemaMigrator.java:324) ~[hibernate-core-7.2.12.Final.jar:7.2.12.Final]
	at org.hibernate.tool.schema.internal.GroupedSchemaMigratorImpl.performTablesMigration(GroupedSchemaMigratorImpl.java:84) ~[hibernate-core-7.2.12.Final.jar:7.2.12.Final]
	at org.hibernate.tool.schema.internal.AbstractSchemaMigrator.performMigration(AbstractSchemaMigrator.java:220) ~[hibernate-core-7.2.12.Final.jar:7.2.12.Final]
	at org.hibernate.tool.schema.internal.AbstractSchemaMigrator.doMigration(AbstractSchemaMigrator.java:96) ~[hibernate-core-7.2.12.Final.jar:7.2.12.Final]
	at org.hibernate.tool.schema.spi.SchemaManagementToolCoordinator.performDatabaseAction(SchemaManagementToolCoordinator.java:269) ~[hibernate-core-7.2.12.Final.jar:7.2.12.Final]
	at org.hibernate.tool.schema.spi.SchemaManagementToolCoordinator.lambda$process$1(SchemaManagementToolCoordinator.java:101) ~[hibernate-core-7.2.12.Final.jar:7.2.12.Final]
	at java.base/java.util.HashMap.forEach(HashMap.java:1430) ~[na:na]
	at org.hibernate.tool.schema.spi.SchemaManagementToolCoordinator.process(SchemaManagementToolCoordinator.java:100) ~[hibernate-core-7.2.12.Final.jar:7.2.12.Final]
	at org.hibernate.boot.internal.SessionFactoryObserverForSchemaExport.sessionFactoryCreated(SessionFactoryObserverForSchemaExport.java:35) ~[hibernate-core-7.2.12.Final.jar:7.2.12.Final]
	at org.hibernate.internal.SessionFactoryObserverChain.sessionFactoryCreated(SessionFactoryObserverChain.java:33) ~[hibernate-core-7.2.12.Final.jar:7.2.12.Final]
	at org.hibernate.internal.SessionFactoryImpl.<init>(SessionFactoryImpl.java:323) ~[hibernate-core-7.2.12.Final.jar:7.2.12.Final]
	at org.hibernate.internal.SessionFactoryRegistry.instantiateSessionFactory(SessionFactoryRegistry.java:64) ~[hibernate-core-7.2.12.Final.jar:7.2.12.Final]
	at org.hibernate.boot.internal.SessionFactoryBuilderImpl.build(SessionFactoryBuilderImpl.java:437) ~[hibernate-core-7.2.12.Final.jar:7.2.12.Final]
	at org.hibernate.jpa.boot.internal.EntityManagerFactoryBuilderImpl.build(EntityManagerFactoryBuilderImpl.java:1456) ~[hibernate-core-7.2.12.Final.jar:7.2.12.Final]
	at org.springframework.orm.jpa.vendor.SpringHibernateJpaPersistenceProvider.createContainerEntityManagerFactory(SpringHibernateJpaPersistenceProvider.java:93) ~[spring-orm-7.0.7.jar:7.0.7]
	at org.springframework.orm.jpa.LocalContainerEntityManagerFactoryBean.createNativeEntityManagerFactory(LocalContainerEntityManagerFactoryBean.java:443) ~[spring-orm-7.0.7.jar:7.0.7]
	at org.springframework.orm.jpa.AbstractEntityManagerFactoryBean.buildNativeEntityManagerFactory(AbstractEntityManagerFactoryBean.java:436) ~[spring-orm-7.0.7.jar:7.0.7]
	at org.springframework.orm.jpa.AbstractEntityManagerFactoryBean.afterPropertiesSet(AbstractEntityManagerFactoryBean.java:411) ~[spring-orm-7.0.7.jar:7.0.7]
	at org.springframework.orm.jpa.LocalContainerEntityManagerFactoryBean.afterPropertiesSet(LocalContainerEntityManagerFactoryBean.java:419) ~[spring-orm-7.0.7.jar:7.0.7]
	at org.springframework.beans.factory.support.AbstractAutowireCapableBeanFactory.invokeInitMethods(AbstractAutowireCapableBeanFactory.java:1864) ~[spring-beans-7.0.7.jar:7.0.7]
	at org.springframework.beans.factory.support.AbstractAutowireCapableBeanFactory.initializeBean(AbstractAutowireCapableBeanFactory.java:1813) ~[spring-beans-7.0.7.jar:7.0.7]
	at org.springframework.beans.factory.support.AbstractAutowireCapableBeanFactory.doCreateBean(AbstractAutowireCapableBeanFactory.java:603) ~[spring-beans-7.0.7.jar:7.0.7]
	at org.springframework.beans.factory.support.AbstractAutowireCapableBeanFactory.createBean(AbstractAutowireCapableBeanFactory.java:525) ~[spring-beans-7.0.7.jar:7.0.7]
	at org.springframework.beans.factory.support.AbstractBeanFactory.lambda$doGetBean$0(AbstractBeanFactory.java:333) ~[spring-beans-7.0.7.jar:7.0.7]
	at org.springframework.beans.factory.support.DefaultSingletonBeanRegistry.getSingleton(DefaultSingletonBeanRegistry.java:371) ~[spring-beans-7.0.7.jar:7.0.7]
	at org.springframework.beans.factory.support.AbstractBeanFactory.doGetBean(AbstractBeanFactory.java:331) ~[spring-beans-7.0.7.jar:7.0.7]
	at org.springframework.beans.factory.support.AbstractBeanFactory.getBean(AbstractBeanFactory.java:201) ~[spring-beans-7.0.7.jar:7.0.7]
	at org.springframework.context.support.AbstractApplicationContext.finishBeanFactoryInitialization(AbstractApplicationContext.java:977) ~[spring-context-7.0.7.jar:7.0.7]
	at org.springframework.context.support.AbstractApplicationContext.refresh(AbstractApplicationContext.java:621) ~[spring-context-7.0.7.jar:7.0.7]
	at org.springframework.boot.web.server.servlet.context.ServletWebServerApplicationContext.refresh(ServletWebServerApplicationContext.java:143) ~[spring-boot-web-server-4.0.6.jar:4.0.6]
	at org.springframework.boot.SpringApplication.refresh(SpringApplication.java:756) ~[spring-boot-4.0.6.jar:4.0.6]
	at org.springframework.boot.SpringApplication.refreshContext(SpringApplication.java:445) ~[spring-boot-4.0.6.jar:4.0.6]
	at org.springframework.boot.SpringApplication.run(SpringApplication.java:321) ~[spring-boot-4.0.6.jar:4.0.6]
	at org.springframework.boot.SpringApplication.run(SpringApplication.java:1365) ~[spring-boot-4.0.6.jar:4.0.6]
	at org.springframework.boot.SpringApplication.run(SpringApplication.java:1354) ~[spring-boot-4.0.6.jar:4.0.6]
	at com.example.eduadvisor2.Eduadvisor2Application.main(Eduadvisor2Application.java:12) ~[classes/:na]
	at java.base/jdk.internal.reflect.DirectMethodHandleAccessor.invoke(DirectMethodHandleAccessor.java:104) ~[na:na]
	at java.base/java.lang.reflect.Method.invoke(Method.java:565) ~[na:na]
	at org.springframework.boot.devtools.restart.RestartLauncher.run(RestartLauncher.java:52) ~[spring-boot-devtools-4.0.6.jar:4.0.6]
Caused by: org.h2.jdbc.JdbcSQLIntegrityConstraintViolationException: NULL not allowed for column "NOTIFIED"; SQL statement:
INSERT INTO "PUBLIC"."SCHEDULE_EVENTS_COPY_3_0"("ID", "CREATED_AT", "DATE", "STUDENT_ID", "TIME", "TITLE", "TYPE") OVERRIDING SYSTEM VALUE SELECT "ID", "CREATED_AT", "DATE", "STUDENT_ID", "TIME", "TITLE", "TYPE" FROM "PUBLIC"."SCHEDULE_EVENTS" [23502-240]
	at org.h2.message.DbException.getJdbcSQLException(DbException.java:520) ~[h2-2.4.240.jar:2.4.240]
	at org.h2.message.DbException.getJdbcSQLException(DbException.java:489) ~[h2-2.4.240.jar:2.4.240]
	at org.h2.message.DbException.get(DbException.java:223) ~[h2-2.4.240.jar:2.4.240]
	at org.h2.message.DbException.get(DbException.java:199) ~[h2-2.4.240.jar:2.4.240]
	at org.h2.table.Column.validateConvertUpdateSequence(Column.java:406) ~[h2-2.4.240.jar:2.4.240]
	at org.h2.table.Table.convertInsertRow(Table.java:948) ~[h2-2.4.240.jar:2.4.240]
	at org.h2.command.dml.Insert.addRow(Insert.java:229) ~[h2-2.4.240.jar:2.4.240]
	at org.h2.command.dml.Insert.insertRows(Insert.java:203) ~[h2-2.4.240.jar:2.4.240]
	at org.h2.command.dml.Insert.update(Insert.java:135) ~[h2-2.4.240.jar:2.4.240]
	at org.h2.command.dml.DataChangeStatement.update(DataChangeStatement.java:77) ~[h2-2.4.240.jar:2.4.240]
	at org.h2.command.CommandContainer.update(CommandContainer.java:139) ~[h2-2.4.240.jar:2.4.240]
	at org.h2.command.Command.executeUpdate(Command.java:306) ~[h2-2.4.240.jar:2.4.240]
	at org.h2.command.Command.executeUpdate(Command.java:250) ~[h2-2.4.240.jar:2.4.240]
	at org.h2.command.ddl.AlterTableAlterColumn.execute(AlterTableAlterColumn.java:648) ~[h2-2.4.240.jar:2.4.240]
	at org.h2.command.ddl.AlterTableAlterColumn.cloneTableStructure(AlterTableAlterColumn.java:560) ~[h2-2.4.240.jar:2.4.240]
	at org.h2.command.ddl.AlterTableAlterColumn.copyData(AlterTableAlterColumn.java:343) ~[h2-2.4.240.jar:2.4.240]
	at org.h2.command.ddl.AlterTableAlterColumn.update(AlterTableAlterColumn.java:244) ~[h2-2.4.240.jar:2.4.240]
	at org.h2.command.CommandContainer.update(CommandContainer.java:139) ~[h2-2.4.240.jar:2.4.240]
	at org.h2.command.Command.executeUpdate(Command.java:306) ~[h2-2.4.240.jar:2.4.240]
	at org.h2.command.Command.executeUpdate(Command.java:250) ~[h2-2.4.240.jar:2.4.240]
	at org.h2.jdbc.JdbcStatement.executeInternal(JdbcStatement.java:262) ~[h2-2.4.240.jar:2.4.240]
	at org.h2.jdbc.JdbcStatement.execute(JdbcStatement.java:231) ~[h2-2.4.240.jar:2.4.240]
	at com.zaxxer.hikari.pool.ProxyStatement.execute(ProxyStatement.java:95) ~[HikariCP-7.0.2.jar:na]
	at com.zaxxer.hikari.pool.HikariProxyStatement.execute(HikariProxyStatement.java) ~[HikariCP-7.0.2.jar:na]
	at org.hibernate.tool.schema.internal.exec.GenerationTargetToDatabase.accept(GenerationTargetToDatabase.java:76) ~[hibernate-core-7.2.12.Final.jar:7.2.12.Final]
	... 41 common frames omitted

2026-07-01T22:41:29.402+06:00  INFO 15424 --- [eduadvisor2] [  restartedMain] j.LocalContainerEntityManagerFactoryBean : Initialized JPA EntityManagerFactory for persistence unit 'default'
2026-07-01T22:41:29.617+06:00  INFO 15424 --- [eduadvisor2] [  restartedMain] o.s.b.w.a.WelcomePageHandlerMapping      : Adding welcome page template: index
2026-07-01T22:41:29.701+06:00  INFO 15424 --- [eduadvisor2] [  restartedMain] o.s.b.a.e.web.EndpointLinksResolver      : Exposing 1 endpoint beneath base path '/actuator'
2026-07-01T22:41:29.715+06:00  INFO 15424 --- [eduadvisor2] [  restartedMain] o.s.boot.tomcat.TomcatWebServer          : Tomcat started on port 8081 (http) with context path '/'
2026-07-01T22:41:29.719+06:00  INFO 15424 --- [eduadvisor2] [  restartedMain] c.e.eduadvisor2.Eduadvisor2Application   : Started Eduadvisor2Application in 0.934 seconds (process running for 11680.993)
Hibernate: 
    select
        count(*) 
    from
        students s1_0
Hibernate: 
    select
        count(*) 
    from
        teachers t1_0
Hibernate: 
    select
        count(*) 
    from
        courses c1_0
Hibernate: 
    select
        count(*) 
    from
        enrollments e1_0
Hibernate: 
    select
        t1_0.id,
        t1_0.coordinator,
        t1_0.department,
        t1_0.designation,
        t1_0.email,
        t1_0.name,
        t1_0.password,
        t1_0.photo,
        t1_0.photo_type,
        t1_0.teacher_id 
    from
        teachers t1_0 
    where
        t1_0.teacher_id=?
Hibernate: 
    select
        t1_0.id,
        t1_0.coordinator,
        t1_0.department,
        t1_0.designation,
        t1_0.email,
        t1_0.name,
        t1_0.password,
        t1_0.photo,
        t1_0.photo_type,
        t1_0.teacher_id 
    from
        teachers t1_0 
    where
        t1_0.teacher_id=?
Hibernate: 
    select
        t1_0.id,
        t1_0.coordinator,
        t1_0.department,
        t1_0.designation,
        t1_0.email,
        t1_0.name,
        t1_0.password,
        t1_0.photo,
        t1_0.photo_type,
        t1_0.teacher_id 
    from
        teachers t1_0 
    where
        t1_0.teacher_id=?
2026-07-01T22:41:29.761+06:00  INFO 15424 --- [eduadvisor2] [  restartedMain] .ConditionEvaluationDeltaLoggingListener : Condition evaluation unchanged
2026-07-01T22:41:36.256+06:00  INFO 15424 --- [eduadvisor2] [   File Watcher] rtingClassPathChangeChangedEventListener : Restarting due to 1 class path change (0 additions, 0 deletions, 1 modification)
2026-07-01T22:41:36.259+06:00  INFO 15424 --- [eduadvisor2] [      Thread-57] o.s.boot.tomcat.GracefulShutdown         : Commencing graceful shutdown. Waiting for active requests to complete
2026-07-01T22:41:36.264+06:00  INFO 15424 --- [eduadvisor2] [tomcat-shutdown] o.s.boot.tomcat.GracefulShutdown         : Graceful shutdown complete
2026-07-01T22:41:36.266+06:00  INFO 15424 --- [eduadvisor2] [      Thread-57] j.LocalContainerEntityManagerFactoryBean : Closing JPA EntityManagerFactory for persistence unit 'default'
2026-07-01T22:41:36.266+06:00  INFO 15424 --- [eduadvisor2] [      Thread-57] com.zaxxer.hikari.HikariDataSource       : HikariPool-15 - Shutdown initiated...
2026-07-01T22:41:36.286+06:00  INFO 15424 --- [eduadvisor2] [      Thread-57] com.zaxxer.hikari.HikariDataSource       : HikariPool-15 - Shutdown completed.

  .   ____          _            __ _ _
 /\\ / ___'_ __ _ _(_)_ __  __ _ \ \ \ \
( ( )\___ | '_ | '_| | '_ \/ _` | \ \ \ \
 \\/  ___)| |_)| | | | | || (_| |  ) ) ) )
  '  |____| .__|_| |_|_| |_\__, | / / / /
 =========|_|==============|___/=/_/_/_/

 :: Spring Boot ::                (v4.0.6)

2026-07-01T22:41:36.376+06:00  INFO 15424 --- [eduadvisor2] [  restartedMain] c.e.eduadvisor2.Eduadvisor2Application   : Starting Eduadvisor2Application using Java 25.0.2 with PID 15424 (D:\OOp_EduAdvisor\eduadvisor2\target\classes started by Windows in D:\OOp_EduAdvisor\eduadvisor2)
2026-07-01T22:41:36.377+06:00  INFO 15424 --- [eduadvisor2] [  restartedMain] c.e.eduadvisor2.Eduadvisor2Application   : No active profile set, falling back to 1 default profile: "default"
2026-07-01T22:41:36.541+06:00  INFO 15424 --- [eduadvisor2] [  restartedMain] .s.d.r.c.RepositoryConfigurationDelegate : Bootstrapping Spring Data JPA repositories in DEFAULT mode.
2026-07-01T22:41:36.563+06:00  INFO 15424 --- [eduadvisor2] [  restartedMain] .s.d.r.c.RepositoryConfigurationDelegate : Finished Spring Data repository scanning in 20 ms. Found 13 JPA repository interfaces.
2026-07-01T22:41:36.643+06:00  INFO 15424 --- [eduadvisor2] [  restartedMain] o.s.boot.tomcat.TomcatWebServer          : Tomcat initialized with port 8081 (http)
2026-07-01T22:41:36.643+06:00  INFO 15424 --- [eduadvisor2] [  restartedMain] o.apache.catalina.core.StandardService   : Starting service [Tomcat]
2026-07-01T22:41:36.643+06:00  INFO 15424 --- [eduadvisor2] [  restartedMain] o.apache.catalina.core.StandardEngine    : Starting Servlet engine: [Apache Tomcat/11.0.21]
2026-07-01T22:41:36.659+06:00  INFO 15424 --- [eduadvisor2] [  restartedMain] b.w.c.s.WebApplicationContextInitializer : Root WebApplicationContext: initialization completed in 281 ms
2026-07-01T22:41:36.698+06:00  INFO 15424 --- [eduadvisor2] [  restartedMain] org.hibernate.orm.jpa                    : HHH008540: Processing PersistenceUnitInfo [name: default]
2026-07-01T22:41:36.718+06:00  INFO 15424 --- [eduadvisor2] [  restartedMain] o.s.o.j.p.SpringPersistenceUnitInfo      : No LoadTimeWeaver setup: ignoring JPA class transformer
2026-07-01T22:41:36.719+06:00  INFO 15424 --- [eduadvisor2] [  restartedMain] com.zaxxer.hikari.HikariDataSource       : HikariPool-16 - Starting...
2026-07-01T22:41:36.735+06:00  INFO 15424 --- [eduadvisor2] [  restartedMain] com.zaxxer.hikari.pool.HikariPool        : HikariPool-16 - Added connection conn181: url=jdbc:h2:file:./data/studentadvicedb user=SA
2026-07-01T22:41:36.735+06:00  INFO 15424 --- [eduadvisor2] [  restartedMain] com.zaxxer.hikari.HikariDataSource       : HikariPool-16 - Start completed.
2026-07-01T22:41:36.736+06:00  INFO 15424 --- [eduadvisor2] [  restartedMain] org.hibernate.orm.connections.pooling    : HHH10001005: Database info:
	Database JDBC URL [jdbc:h2:file:./data/studentadvicedb]
	Database driver: H2 JDBC Driver
	Database dialect: H2Dialect
	Database version: 2.4.240
	Default catalog/schema: STUDENTADVICEDB/PUBLIC
	Autocommit mode: undefined/unknown
	Isolation level: READ_COMMITTED [default READ_COMMITTED]
	JDBC fetch size: 100
	Pool: DataSourceConnectionProvider
	Minimum pool size: undefined/unknown
	Maximum pool size: undefined/unknown
2026-07-01T22:41:36.865+06:00  INFO 15424 --- [eduadvisor2] [  restartedMain] org.hibernate.orm.core                   : HHH000489: No JTA platform available (set 'hibernate.transaction.jta.platform' to enable JTA platform integration)
Hibernate: 
    alter table if exists discussions 
       alter column answer set data type TEXT
Hibernate: 
    alter table if exists discussions 
       alter column answer_image_base64 set data type TEXT
Hibernate: 
    alter table if exists discussions 
       alter column question set data type TEXT
Hibernate: 
    alter table if exists discussions 
       alter column question_image_base64 set data type TEXT
Hibernate: 
    alter table if exists exam_paper_images 
       alter column image_base64 set data type TEXT
Hibernate: 
    alter table if exists lost_found_reports 
       alter column coordinator_note set data type TEXT
Hibernate: 
    alter table if exists lost_found_reports 
       alter column description set data type TEXT
Hibernate: 
    alter table if exists lost_found_reports 
       alter column image_base64 set data type TEXT
Hibernate: 
    alter table if exists schedule_events 
       add column notified boolean not null
2026-07-01T22:41:36.875+06:00  WARN 15424 --- [eduadvisor2] [  restartedMain] o.h.t.s.i.ExceptionHandlerLoggedImpl     : GenerationTarget encountered exception accepting command : Error executing DDL "
    alter table if exists schedule_events 
       add column notified boolean not null" via JDBC [NULL not allowed for column "NOTIFIED";]

org.hibernate.tool.schema.spi.CommandAcceptanceException: Error executing DDL "
    alter table if exists schedule_events 
       add column notified boolean not null" via JDBC [NULL not allowed for column "NOTIFIED";]
	at org.hibernate.tool.schema.internal.exec.GenerationTargetToDatabase.accept(GenerationTargetToDatabase.java:81) ~[hibernate-core-7.2.12.Final.jar:7.2.12.Final]
	at org.hibernate.tool.schema.internal.AbstractSchemaMigrator.applySqlString(AbstractSchemaMigrator.java:566) ~[hibernate-core-7.2.12.Final.jar:7.2.12.Final]
	at org.hibernate.tool.schema.internal.AbstractSchemaMigrator.applySqlStrings(AbstractSchemaMigrator.java:506) ~[hibernate-core-7.2.12.Final.jar:7.2.12.Final]
	at org.hibernate.tool.schema.internal.AbstractSchemaMigrator.migrateTable(AbstractSchemaMigrator.java:324) ~[hibernate-core-7.2.12.Final.jar:7.2.12.Final]
	at org.hibernate.tool.schema.internal.GroupedSchemaMigratorImpl.performTablesMigration(GroupedSchemaMigratorImpl.java:84) ~[hibernate-core-7.2.12.Final.jar:7.2.12.Final]
	at org.hibernate.tool.schema.internal.AbstractSchemaMigrator.performMigration(AbstractSchemaMigrator.java:220) ~[hibernate-core-7.2.12.Final.jar:7.2.12.Final]
	at org.hibernate.tool.schema.internal.AbstractSchemaMigrator.doMigration(AbstractSchemaMigrator.java:96) ~[hibernate-core-7.2.12.Final.jar:7.2.12.Final]
	at org.hibernate.tool.schema.spi.SchemaManagementToolCoordinator.performDatabaseAction(SchemaManagementToolCoordinator.java:269) ~[hibernate-core-7.2.12.Final.jar:7.2.12.Final]
	at org.hibernate.tool.schema.spi.SchemaManagementToolCoordinator.lambda$process$1(SchemaManagementToolCoordinator.java:101) ~[hibernate-core-7.2.12.Final.jar:7.2.12.Final]
	at java.base/java.util.HashMap.forEach(HashMap.java:1430) ~[na:na]
	at org.hibernate.tool.schema.spi.SchemaManagementToolCoordinator.process(SchemaManagementToolCoordinator.java:100) ~[hibernate-core-7.2.12.Final.jar:7.2.12.Final]
	at org.hibernate.boot.internal.SessionFactoryObserverForSchemaExport.sessionFactoryCreated(SessionFactoryObserverForSchemaExport.java:35) ~[hibernate-core-7.2.12.Final.jar:7.2.12.Final]
	at org.hibernate.internal.SessionFactoryObserverChain.sessionFactoryCreated(SessionFactoryObserverChain.java:33) ~[hibernate-core-7.2.12.Final.jar:7.2.12.Final]
	at org.hibernate.internal.SessionFactoryImpl.<init>(SessionFactoryImpl.java:323) ~[hibernate-core-7.2.12.Final.jar:7.2.12.Final]
	at org.hibernate.internal.SessionFactoryRegistry.instantiateSessionFactory(SessionFactoryRegistry.java:64) ~[hibernate-core-7.2.12.Final.jar:7.2.12.Final]
	at org.hibernate.boot.internal.SessionFactoryBuilderImpl.build(SessionFactoryBuilderImpl.java:437) ~[hibernate-core-7.2.12.Final.jar:7.2.12.Final]
	at org.hibernate.jpa.boot.internal.EntityManagerFactoryBuilderImpl.build(EntityManagerFactoryBuilderImpl.java:1456) ~[hibernate-core-7.2.12.Final.jar:7.2.12.Final]
	at org.springframework.orm.jpa.vendor.SpringHibernateJpaPersistenceProvider.createContainerEntityManagerFactory(SpringHibernateJpaPersistenceProvider.java:93) ~[spring-orm-7.0.7.jar:7.0.7]
	at org.springframework.orm.jpa.LocalContainerEntityManagerFactoryBean.createNativeEntityManagerFactory(LocalContainerEntityManagerFactoryBean.java:443) ~[spring-orm-7.0.7.jar:7.0.7]
	at org.springframework.orm.jpa.AbstractEntityManagerFactoryBean.buildNativeEntityManagerFactory(AbstractEntityManagerFactoryBean.java:436) ~[spring-orm-7.0.7.jar:7.0.7]
	at org.springframework.orm.jpa.AbstractEntityManagerFactoryBean.afterPropertiesSet(AbstractEntityManagerFactoryBean.java:411) ~[spring-orm-7.0.7.jar:7.0.7]
	at org.springframework.orm.jpa.LocalContainerEntityManagerFactoryBean.afterPropertiesSet(LocalContainerEntityManagerFactoryBean.java:419) ~[spring-orm-7.0.7.jar:7.0.7]
	at org.springframework.beans.factory.support.AbstractAutowireCapableBeanFactory.invokeInitMethods(AbstractAutowireCapableBeanFactory.java:1864) ~[spring-beans-7.0.7.jar:7.0.7]
	at org.springframework.beans.factory.support.AbstractAutowireCapableBeanFactory.initializeBean(AbstractAutowireCapableBeanFactory.java:1813) ~[spring-beans-7.0.7.jar:7.0.7]
	at org.springframework.beans.factory.support.AbstractAutowireCapableBeanFactory.doCreateBean(AbstractAutowireCapableBeanFactory.java:603) ~[spring-beans-7.0.7.jar:7.0.7]
	at org.springframework.beans.factory.support.AbstractAutowireCapableBeanFactory.createBean(AbstractAutowireCapableBeanFactory.java:525) ~[spring-beans-7.0.7.jar:7.0.7]
	at org.springframework.beans.factory.support.AbstractBeanFactory.lambda$doGetBean$0(AbstractBeanFactory.java:333) ~[spring-beans-7.0.7.jar:7.0.7]
	at org.springframework.beans.factory.support.DefaultSingletonBeanRegistry.getSingleton(DefaultSingletonBeanRegistry.java:371) ~[spring-beans-7.0.7.jar:7.0.7]
	at org.springframework.beans.factory.support.AbstractBeanFactory.doGetBean(AbstractBeanFactory.java:331) ~[spring-beans-7.0.7.jar:7.0.7]
	at org.springframework.beans.factory.support.AbstractBeanFactory.getBean(AbstractBeanFactory.java:201) ~[spring-beans-7.0.7.jar:7.0.7]
	at org.springframework.context.support.AbstractApplicationContext.finishBeanFactoryInitialization(AbstractApplicationContext.java:977) ~[spring-context-7.0.7.jar:7.0.7]
	at org.springframework.context.support.AbstractApplicationContext.refresh(AbstractApplicationContext.java:621) ~[spring-context-7.0.7.jar:7.0.7]
	at org.springframework.boot.web.server.servlet.context.ServletWebServerApplicationContext.refresh(ServletWebServerApplicationContext.java:143) ~[spring-boot-web-server-4.0.6.jar:4.0.6]
	at org.springframework.boot.SpringApplication.refresh(SpringApplication.java:756) ~[spring-boot-4.0.6.jar:4.0.6]
	at org.springframework.boot.SpringApplication.refreshContext(SpringApplication.java:445) ~[spring-boot-4.0.6.jar:4.0.6]
	at org.springframework.boot.SpringApplication.run(SpringApplication.java:321) ~[spring-boot-4.0.6.jar:4.0.6]
	at org.springframework.boot.SpringApplication.run(SpringApplication.java:1365) ~[spring-boot-4.0.6.jar:4.0.6]
	at org.springframework.boot.SpringApplication.run(SpringApplication.java:1354) ~[spring-boot-4.0.6.jar:4.0.6]
	at com.example.eduadvisor2.Eduadvisor2Application.main(Eduadvisor2Application.java:12) ~[classes/:na]
	at java.base/jdk.internal.reflect.DirectMethodHandleAccessor.invoke(DirectMethodHandleAccessor.java:104) ~[na:na]
	at java.base/java.lang.reflect.Method.invoke(Method.java:565) ~[na:na]
	at org.springframework.boot.devtools.restart.RestartLauncher.run(RestartLauncher.java:52) ~[spring-boot-devtools-4.0.6.jar:4.0.6]
Caused by: org.h2.jdbc.JdbcSQLIntegrityConstraintViolationException: NULL not allowed for column "NOTIFIED"; SQL statement:
INSERT INTO "PUBLIC"."SCHEDULE_EVENTS_COPY_3_0"("ID", "CREATED_AT", "DATE", "STUDENT_ID", "TIME", "TITLE", "TYPE") OVERRIDING SYSTEM VALUE SELECT "ID", "CREATED_AT", "DATE", "STUDENT_ID", "TIME", "TITLE", "TYPE" FROM "PUBLIC"."SCHEDULE_EVENTS" [23502-240]
	at org.h2.message.DbException.getJdbcSQLException(DbException.java:520) ~[h2-2.4.240.jar:2.4.240]
	at org.h2.message.DbException.getJdbcSQLException(DbException.java:489) ~[h2-2.4.240.jar:2.4.240]
	at org.h2.message.DbException.get(DbException.java:223) ~[h2-2.4.240.jar:2.4.240]
	at org.h2.message.DbException.get(DbException.java:199) ~[h2-2.4.240.jar:2.4.240]
	at org.h2.table.Column.validateConvertUpdateSequence(Column.java:406) ~[h2-2.4.240.jar:2.4.240]
	at org.h2.table.Table.convertInsertRow(Table.java:948) ~[h2-2.4.240.jar:2.4.240]
	at org.h2.command.dml.Insert.addRow(Insert.java:229) ~[h2-2.4.240.jar:2.4.240]
	at org.h2.command.dml.Insert.insertRows(Insert.java:203) ~[h2-2.4.240.jar:2.4.240]
	at org.h2.command.dml.Insert.update(Insert.java:135) ~[h2-2.4.240.jar:2.4.240]
	at org.h2.command.dml.DataChangeStatement.update(DataChangeStatement.java:77) ~[h2-2.4.240.jar:2.4.240]
	at org.h2.command.CommandContainer.update(CommandContainer.java:139) ~[h2-2.4.240.jar:2.4.240]
	at org.h2.command.Command.executeUpdate(Command.java:306) ~[h2-2.4.240.jar:2.4.240]
	at org.h2.command.Command.executeUpdate(Command.java:250) ~[h2-2.4.240.jar:2.4.240]
	at org.h2.command.ddl.AlterTableAlterColumn.execute(AlterTableAlterColumn.java:648) ~[h2-2.4.240.jar:2.4.240]
	at org.h2.command.ddl.AlterTableAlterColumn.cloneTableStructure(AlterTableAlterColumn.java:560) ~[h2-2.4.240.jar:2.4.240]
	at org.h2.command.ddl.AlterTableAlterColumn.copyData(AlterTableAlterColumn.java:343) ~[h2-2.4.240.jar:2.4.240]
	at org.h2.command.ddl.AlterTableAlterColumn.update(AlterTableAlterColumn.java:244) ~[h2-2.4.240.jar:2.4.240]
	at org.h2.command.CommandContainer.update(CommandContainer.java:139) ~[h2-2.4.240.jar:2.4.240]
	at org.h2.command.Command.executeUpdate(Command.java:306) ~[h2-2.4.240.jar:2.4.240]
	at org.h2.command.Command.executeUpdate(Command.java:250) ~[h2-2.4.240.jar:2.4.240]
	at org.h2.jdbc.JdbcStatement.executeInternal(JdbcStatement.java:262) ~[h2-2.4.240.jar:2.4.240]
	at org.h2.jdbc.JdbcStatement.execute(JdbcStatement.java:231) ~[h2-2.4.240.jar:2.4.240]
	at com.zaxxer.hikari.pool.ProxyStatement.execute(ProxyStatement.java:95) ~[HikariCP-7.0.2.jar:na]
	at com.zaxxer.hikari.pool.HikariProxyStatement.execute(HikariProxyStatement.java) ~[HikariCP-7.0.2.jar:na]
	at org.hibernate.tool.schema.internal.exec.GenerationTargetToDatabase.accept(GenerationTargetToDatabase.java:76) ~[hibernate-core-7.2.12.Final.jar:7.2.12.Final]
	... 41 common frames omitted

2026-07-01T22:41:36.879+06:00  INFO 15424 --- [eduadvisor2] [  restartedMain] j.LocalContainerEntityManagerFactoryBean : Initialized JPA EntityManagerFactory for persistence unit 'default'
2026-07-01T22:41:37.021+06:00  INFO 15424 --- [eduadvisor2] [  restartedMain] o.s.b.w.a.WelcomePageHandlerMapping      : Adding welcome page template: index
2026-07-01T22:41:37.106+06:00  INFO 15424 --- [eduadvisor2] [  restartedMain] o.s.b.a.e.web.EndpointLinksResolver      : Exposing 1 endpoint beneath base path '/actuator'
2026-07-01T22:41:37.124+06:00  INFO 15424 --- [eduadvisor2] [  restartedMain] o.s.boot.tomcat.TomcatWebServer          : Tomcat started on port 8081 (http) with context path '/'
2026-07-01T22:41:37.127+06:00  INFO 15424 --- [eduadvisor2] [  restartedMain] c.e.eduadvisor2.Eduadvisor2Application   : Started Eduadvisor2Application in 0.765 seconds (process running for 11688.402)
Hibernate: 
    select
        count(*) 
    from
        students s1_0
Hibernate: 
    select
        count(*) 
    from
        teachers t1_0
Hibernate: 
    select
        count(*) 
    from
        courses c1_0
Hibernate: 
    select
        count(*) 
    from
        enrollments e1_0
Hibernate: 
    select
        t1_0.id,
        t1_0.coordinator,
        t1_0.department,
        t1_0.designation,
        t1_0.email,
        t1_0.name,
        t1_0.password,
        t1_0.photo,
        t1_0.photo_type,
        t1_0.teacher_id 
    from
        teachers t1_0 
    where
        t1_0.teacher_id=?
Hibernate: 
    select
        t1_0.id,
        t1_0.coordinator,
        t1_0.department,
        t1_0.designation,
        t1_0.email,
        t1_0.name,
        t1_0.password,
        t1_0.photo,
        t1_0.photo_type,
        t1_0.teacher_id 
    from
        teachers t1_0 
    where
        t1_0.teacher_id=?
Hibernate: 
    select
        t1_0.id,
        t1_0.coordinator,
        t1_0.department,
        t1_0.designation,
        t1_0.email,
        t1_0.name,
        t1_0.password,
        t1_0.photo,
        t1_0.photo_type,
        t1_0.teacher_id 
    from
        teachers t1_0 
    where
        t1_0.teacher_id=?
2026-07-01T22:41:37.159+06:00  INFO 15424 --- [eduadvisor2] [  restartedMain] .ConditionEvaluationDeltaLoggingListener : Condition evaluation unchanged
2026-07-01T22:41:52.799+06:00  INFO 15424 --- [eduadvisor2] [   File Watcher] rtingClassPathChangeChangedEventListener : Restarting due to 1 class path change (0 additions, 0 deletions, 1 modification)
2026-07-01T22:41:52.802+06:00  INFO 15424 --- [eduadvisor2] [      Thread-61] o.s.boot.tomcat.GracefulShutdown         : Commencing graceful shutdown. Waiting for active requests to complete
2026-07-01T22:41:52.813+06:00  INFO 15424 --- [eduadvisor2] [tomcat-shutdown] o.s.boot.tomcat.GracefulShutdown         : Graceful shutdown complete
2026-07-01T22:41:52.816+06:00  INFO 15424 --- [eduadvisor2] [      Thread-61] j.LocalContainerEntityManagerFactoryBean : Closing JPA EntityManagerFactory for persistence unit 'default'
2026-07-01T22:41:52.817+06:00  INFO 15424 --- [eduadvisor2] [      Thread-61] com.zaxxer.hikari.HikariDataSource       : HikariPool-16 - Shutdown initiated...
2026-07-01T22:41:52.839+06:00  INFO 15424 --- [eduadvisor2] [      Thread-61] com.zaxxer.hikari.HikariDataSource       : HikariPool-16 - Shutdown completed.

  .   ____          _            __ _ _
 /\\ / ___'_ __ _ _(_)_ __  __ _ \ \ \ \
( ( )\___ | '_ | '_| | '_ \/ _` | \ \ \ \
 \\/  ___)| |_)| | | | | || (_| |  ) ) ) )
  '  |____| .__|_| |_|_| |_\__, | / / / /
 =========|_|==============|___/=/_/_/_/

 :: Spring Boot ::                (v4.0.6)

2026-07-01T22:41:52.936+06:00  INFO 15424 --- [eduadvisor2] [  restartedMain] c.e.eduadvisor2.Eduadvisor2Application   : Starting Eduadvisor2Application using Java 25.0.2 with PID 15424 (D:\OOp_EduAdvisor\eduadvisor2\target\classes started by Windows in D:\OOp_EduAdvisor\eduadvisor2)
2026-07-01T22:41:52.936+06:00  INFO 15424 --- [eduadvisor2] [  restartedMain] c.e.eduadvisor2.Eduadvisor2Application   : No active profile set, falling back to 1 default profile: "default"
2026-07-01T22:41:53.116+06:00  INFO 15424 --- [eduadvisor2] [  restartedMain] .s.d.r.c.RepositoryConfigurationDelegate : Bootstrapping Spring Data JPA repositories in DEFAULT mode.
2026-07-01T22:41:53.140+06:00  INFO 15424 --- [eduadvisor2] [  restartedMain] .s.d.r.c.RepositoryConfigurationDelegate : Finished Spring Data repository scanning in 20 ms. Found 13 JPA repository interfaces.
2026-07-01T22:41:53.221+06:00  INFO 15424 --- [eduadvisor2] [  restartedMain] o.s.boot.tomcat.TomcatWebServer          : Tomcat initialized with port 8081 (http)
2026-07-01T22:41:53.222+06:00  INFO 15424 --- [eduadvisor2] [  restartedMain] o.apache.catalina.core.StandardService   : Starting service [Tomcat]
2026-07-01T22:41:53.222+06:00  INFO 15424 --- [eduadvisor2] [  restartedMain] o.apache.catalina.core.StandardEngine    : Starting Servlet engine: [Apache Tomcat/11.0.21]
2026-07-01T22:41:53.236+06:00  INFO 15424 --- [eduadvisor2] [  restartedMain] b.w.c.s.WebApplicationContextInitializer : Root WebApplicationContext: initialization completed in 298 ms
2026-07-01T22:41:53.293+06:00  INFO 15424 --- [eduadvisor2] [  restartedMain] org.hibernate.orm.jpa                    : HHH008540: Processing PersistenceUnitInfo [name: default]
2026-07-01T22:41:53.319+06:00  INFO 15424 --- [eduadvisor2] [  restartedMain] o.s.o.j.p.SpringPersistenceUnitInfo      : No LoadTimeWeaver setup: ignoring JPA class transformer
2026-07-01T22:41:53.320+06:00  INFO 15424 --- [eduadvisor2] [  restartedMain] com.zaxxer.hikari.HikariDataSource       : HikariPool-17 - Starting...
2026-07-01T22:41:53.335+06:00  INFO 15424 --- [eduadvisor2] [  restartedMain] com.zaxxer.hikari.pool.HikariPool        : HikariPool-17 - Added connection conn191: url=jdbc:h2:file:./data/studentadvicedb user=SA
2026-07-01T22:41:53.336+06:00  INFO 15424 --- [eduadvisor2] [  restartedMain] com.zaxxer.hikari.HikariDataSource       : HikariPool-17 - Start completed.
2026-07-01T22:41:53.336+06:00  INFO 15424 --- [eduadvisor2] [  restartedMain] org.hibernate.orm.connections.pooling    : HHH10001005: Database info:
	Database JDBC URL [jdbc:h2:file:./data/studentadvicedb]
	Database driver: H2 JDBC Driver
	Database dialect: H2Dialect
	Database version: 2.4.240
	Default catalog/schema: STUDENTADVICEDB/PUBLIC
	Autocommit mode: undefined/unknown
	Isolation level: READ_COMMITTED [default READ_COMMITTED]
	JDBC fetch size: 100
	Pool: DataSourceConnectionProvider
	Minimum pool size: undefined/unknown
	Maximum pool size: undefined/unknown
2026-07-01T22:41:53.446+06:00  INFO 15424 --- [eduadvisor2] [  restartedMain] org.hibernate.orm.core                   : HHH000489: No JTA platform available (set 'hibernate.transaction.jta.platform' to enable JTA platform integration)
Hibernate: 
    alter table if exists discussions 
       alter column answer set data type TEXT
Hibernate: 
    alter table if exists discussions 
       alter column answer_image_base64 set data type TEXT
Hibernate: 
    alter table if exists discussions 
       alter column question set data type TEXT
Hibernate: 
    alter table if exists discussions 
       alter column question_image_base64 set data type TEXT
Hibernate: 
    alter table if exists exam_paper_images 
       alter column image_base64 set data type TEXT
Hibernate: 
    alter table if exists lost_found_reports 
       alter column coordinator_note set data type TEXT
Hibernate: 
    alter table if exists lost_found_reports 
       alter column description set data type TEXT
Hibernate: 
    alter table if exists lost_found_reports 
       alter column image_base64 set data type TEXT
Hibernate: 
    alter table if exists schedule_events 
       add column notified boolean not null
2026-07-01T22:41:53.452+06:00  WARN 15424 --- [eduadvisor2] [  restartedMain] o.h.t.s.i.ExceptionHandlerLoggedImpl     : GenerationTarget encountered exception accepting command : Error executing DDL "
    alter table if exists schedule_events 
       add column notified boolean not null" via JDBC [NULL not allowed for column "NOTIFIED";]

org.hibernate.tool.schema.spi.CommandAcceptanceException: Error executing DDL "
    alter table if exists schedule_events 
       add column notified boolean not null" via JDBC [NULL not allowed for column "NOTIFIED";]
	at org.hibernate.tool.schema.internal.exec.GenerationTargetToDatabase.accept(GenerationTargetToDatabase.java:81) ~[hibernate-core-7.2.12.Final.jar:7.2.12.Final]
	at org.hibernate.tool.schema.internal.AbstractSchemaMigrator.applySqlString(AbstractSchemaMigrator.java:566) ~[hibernate-core-7.2.12.Final.jar:7.2.12.Final]
	at org.hibernate.tool.schema.internal.AbstractSchemaMigrator.applySqlStrings(AbstractSchemaMigrator.java:506) ~[hibernate-core-7.2.12.Final.jar:7.2.12.Final]
	at org.hibernate.tool.schema.internal.AbstractSchemaMigrator.migrateTable(AbstractSchemaMigrator.java:324) ~[hibernate-core-7.2.12.Final.jar:7.2.12.Final]
	at org.hibernate.tool.schema.internal.GroupedSchemaMigratorImpl.performTablesMigration(GroupedSchemaMigratorImpl.java:84) ~[hibernate-core-7.2.12.Final.jar:7.2.12.Final]
	at org.hibernate.tool.schema.internal.AbstractSchemaMigrator.performMigration(AbstractSchemaMigrator.java:220) ~[hibernate-core-7.2.12.Final.jar:7.2.12.Final]
	at org.hibernate.tool.schema.internal.AbstractSchemaMigrator.doMigration(AbstractSchemaMigrator.java:96) ~[hibernate-core-7.2.12.Final.jar:7.2.12.Final]
	at org.hibernate.tool.schema.spi.SchemaManagementToolCoordinator.performDatabaseAction(SchemaManagementToolCoordinator.java:269) ~[hibernate-core-7.2.12.Final.jar:7.2.12.Final]
	at org.hibernate.tool.schema.spi.SchemaManagementToolCoordinator.lambda$process$1(SchemaManagementToolCoordinator.java:101) ~[hibernate-core-7.2.12.Final.jar:7.2.12.Final]
	at java.base/java.util.HashMap.forEach(HashMap.java:1430) ~[na:na]
	at org.hibernate.tool.schema.spi.SchemaManagementToolCoordinator.process(SchemaManagementToolCoordinator.java:100) ~[hibernate-core-7.2.12.Final.jar:7.2.12.Final]
	at org.hibernate.boot.internal.SessionFactoryObserverForSchemaExport.sessionFactoryCreated(SessionFactoryObserverForSchemaExport.java:35) ~[hibernate-core-7.2.12.Final.jar:7.2.12.Final]
	at org.hibernate.internal.SessionFactoryObserverChain.sessionFactoryCreated(SessionFactoryObserverChain.java:33) ~[hibernate-core-7.2.12.Final.jar:7.2.12.Final]
	at org.hibernate.internal.SessionFactoryImpl.<init>(SessionFactoryImpl.java:323) ~[hibernate-core-7.2.12.Final.jar:7.2.12.Final]
	at org.hibernate.internal.SessionFactoryRegistry.instantiateSessionFactory(SessionFactoryRegistry.java:64) ~[hibernate-core-7.2.12.Final.jar:7.2.12.Final]
	at org.hibernate.boot.internal.SessionFactoryBuilderImpl.build(SessionFactoryBuilderImpl.java:437) ~[hibernate-core-7.2.12.Final.jar:7.2.12.Final]
	at org.hibernate.jpa.boot.internal.EntityManagerFactoryBuilderImpl.build(EntityManagerFactoryBuilderImpl.java:1456) ~[hibernate-core-7.2.12.Final.jar:7.2.12.Final]
	at org.springframework.orm.jpa.vendor.SpringHibernateJpaPersistenceProvider.createContainerEntityManagerFactory(SpringHibernateJpaPersistenceProvider.java:93) ~[spring-orm-7.0.7.jar:7.0.7]
	at org.springframework.orm.jpa.LocalContainerEntityManagerFactoryBean.createNativeEntityManagerFactory(LocalContainerEntityManagerFactoryBean.java:443) ~[spring-orm-7.0.7.jar:7.0.7]
	at org.springframework.orm.jpa.AbstractEntityManagerFactoryBean.buildNativeEntityManagerFactory(AbstractEntityManagerFactoryBean.java:436) ~[spring-orm-7.0.7.jar:7.0.7]
	at org.springframework.orm.jpa.AbstractEntityManagerFactoryBean.afterPropertiesSet(AbstractEntityManagerFactoryBean.java:411) ~[spring-orm-7.0.7.jar:7.0.7]
	at org.springframework.orm.jpa.LocalContainerEntityManagerFactoryBean.afterPropertiesSet(LocalContainerEntityManagerFactoryBean.java:419) ~[spring-orm-7.0.7.jar:7.0.7]
	at org.springframework.beans.factory.support.AbstractAutowireCapableBeanFactory.invokeInitMethods(AbstractAutowireCapableBeanFactory.java:1864) ~[spring-beans-7.0.7.jar:7.0.7]
	at org.springframework.beans.factory.support.AbstractAutowireCapableBeanFactory.initializeBean(AbstractAutowireCapableBeanFactory.java:1813) ~[spring-beans-7.0.7.jar:7.0.7]
	at org.springframework.beans.factory.support.AbstractAutowireCapableBeanFactory.doCreateBean(AbstractAutowireCapableBeanFactory.java:603) ~[spring-beans-7.0.7.jar:7.0.7]
	at org.springframework.beans.factory.support.AbstractAutowireCapableBeanFactory.createBean(AbstractAutowireCapableBeanFactory.java:525) ~[spring-beans-7.0.7.jar:7.0.7]
	at org.springframework.beans.factory.support.AbstractBeanFactory.lambda$doGetBean$0(AbstractBeanFactory.java:333) ~[spring-beans-7.0.7.jar:7.0.7]
	at org.springframework.beans.factory.support.DefaultSingletonBeanRegistry.getSingleton(DefaultSingletonBeanRegistry.java:371) ~[spring-beans-7.0.7.jar:7.0.7]
	at org.springframework.beans.factory.support.AbstractBeanFactory.doGetBean(AbstractBeanFactory.java:331) ~[spring-beans-7.0.7.jar:7.0.7]
	at org.springframework.beans.factory.support.AbstractBeanFactory.getBean(AbstractBeanFactory.java:201) ~[spring-beans-7.0.7.jar:7.0.7]
	at org.springframework.context.support.AbstractApplicationContext.finishBeanFactoryInitialization(AbstractApplicationContext.java:977) ~[spring-context-7.0.7.jar:7.0.7]
	at org.springframework.context.support.AbstractApplicationContext.refresh(AbstractApplicationContext.java:621) ~[spring-context-7.0.7.jar:7.0.7]
	at org.springframework.boot.web.server.servlet.context.ServletWebServerApplicationContext.refresh(ServletWebServerApplicationContext.java:143) ~[spring-boot-web-server-4.0.6.jar:4.0.6]
	at org.springframework.boot.SpringApplication.refresh(SpringApplication.java:756) ~[spring-boot-4.0.6.jar:4.0.6]
	at org.springframework.boot.SpringApplication.refreshContext(SpringApplication.java:445) ~[spring-boot-4.0.6.jar:4.0.6]
	at org.springframework.boot.SpringApplication.run(SpringApplication.java:321) ~[spring-boot-4.0.6.jar:4.0.6]
	at org.springframework.boot.SpringApplication.run(SpringApplication.java:1365) ~[spring-boot-4.0.6.jar:4.0.6]
	at org.springframework.boot.SpringApplication.run(SpringApplication.java:1354) ~[spring-boot-4.0.6.jar:4.0.6]
	at com.example.eduadvisor2.Eduadvisor2Application.main(Eduadvisor2Application.java:12) ~[classes/:na]
	at java.base/jdk.internal.reflect.DirectMethodHandleAccessor.invoke(DirectMethodHandleAccessor.java:104) ~[na:na]
	at java.base/java.lang.reflect.Method.invoke(Method.java:565) ~[na:na]
	at org.springframework.boot.devtools.restart.RestartLauncher.run(RestartLauncher.java:52) ~[spring-boot-devtools-4.0.6.jar:4.0.6]
Caused by: org.h2.jdbc.JdbcSQLIntegrityConstraintViolationException: NULL not allowed for column "NOTIFIED"; SQL statement:
INSERT INTO "PUBLIC"."SCHEDULE_EVENTS_COPY_3_0"("ID", "CREATED_AT", "DATE", "STUDENT_ID", "TIME", "TITLE", "TYPE") OVERRIDING SYSTEM VALUE SELECT "ID", "CREATED_AT", "DATE", "STUDENT_ID", "TIME", "TITLE", "TYPE" FROM "PUBLIC"."SCHEDULE_EVENTS" [23502-240]
	at org.h2.message.DbException.getJdbcSQLException(DbException.java:520) ~[h2-2.4.240.jar:2.4.240]
	at org.h2.message.DbException.getJdbcSQLException(DbException.java:489) ~[h2-2.4.240.jar:2.4.240]
	at org.h2.message.DbException.get(DbException.java:223) ~[h2-2.4.240.jar:2.4.240]
	at org.h2.message.DbException.get(DbException.java:199) ~[h2-2.4.240.jar:2.4.240]
	at org.h2.table.Column.validateConvertUpdateSequence(Column.java:406) ~[h2-2.4.240.jar:2.4.240]
	at org.h2.table.Table.convertInsertRow(Table.java:948) ~[h2-2.4.240.jar:2.4.240]
	at org.h2.command.dml.Insert.addRow(Insert.java:229) ~[h2-2.4.240.jar:2.4.240]
	at org.h2.command.dml.Insert.insertRows(Insert.java:203) ~[h2-2.4.240.jar:2.4.240]
	at org.h2.command.dml.Insert.update(Insert.java:135) ~[h2-2.4.240.jar:2.4.240]
	at org.h2.command.dml.DataChangeStatement.update(DataChangeStatement.java:77) ~[h2-2.4.240.jar:2.4.240]
	at org.h2.command.CommandContainer.update(CommandContainer.java:139) ~[h2-2.4.240.jar:2.4.240]
	at org.h2.command.Command.executeUpdate(Command.java:306) ~[h2-2.4.240.jar:2.4.240]
	at org.h2.command.Command.executeUpdate(Command.java:250) ~[h2-2.4.240.jar:2.4.240]
	at org.h2.command.ddl.AlterTableAlterColumn.execute(AlterTableAlterColumn.java:648) ~[h2-2.4.240.jar:2.4.240]
	at org.h2.command.ddl.AlterTableAlterColumn.cloneTableStructure(AlterTableAlterColumn.java:560) ~[h2-2.4.240.jar:2.4.240]
	at org.h2.command.ddl.AlterTableAlterColumn.copyData(AlterTableAlterColumn.java:343) ~[h2-2.4.240.jar:2.4.240]
	at org.h2.command.ddl.AlterTableAlterColumn.update(AlterTableAlterColumn.java:244) ~[h2-2.4.240.jar:2.4.240]
	at org.h2.command.CommandContainer.update(CommandContainer.java:139) ~[h2-2.4.240.jar:2.4.240]
	at org.h2.command.Command.executeUpdate(Command.java:306) ~[h2-2.4.240.jar:2.4.240]
	at org.h2.command.Command.executeUpdate(Command.java:250) ~[h2-2.4.240.jar:2.4.240]
	at org.h2.jdbc.JdbcStatement.executeInternal(JdbcStatement.java:262) ~[h2-2.4.240.jar:2.4.240]
	at org.h2.jdbc.JdbcStatement.execute(JdbcStatement.java:231) ~[h2-2.4.240.jar:2.4.240]
	at com.zaxxer.hikari.pool.ProxyStatement.execute(ProxyStatement.java:95) ~[HikariCP-7.0.2.jar:na]
	at com.zaxxer.hikari.pool.HikariProxyStatement.execute(HikariProxyStatement.java) ~[HikariCP-7.0.2.jar:na]
	at org.hibernate.tool.schema.internal.exec.GenerationTargetToDatabase.accept(GenerationTargetToDatabase.java:76) ~[hibernate-core-7.2.12.Final.jar:7.2.12.Final]
	... 41 common frames omitted

2026-07-01T22:41:53.456+06:00  INFO 15424 --- [eduadvisor2] [  restartedMain] j.LocalContainerEntityManagerFactoryBean : Initialized JPA EntityManagerFactory for persistence unit 'default'
2026-07-01T22:41:53.613+06:00  INFO 15424 --- [eduadvisor2] [  restartedMain] o.s.b.w.a.WelcomePageHandlerMapping      : Adding welcome page template: index
2026-07-01T22:41:53.693+06:00  INFO 15424 --- [eduadvisor2] [  restartedMain] o.s.b.a.e.web.EndpointLinksResolver      : Exposing 1 endpoint beneath base path '/actuator'
2026-07-01T22:41:53.708+06:00  INFO 15424 --- [eduadvisor2] [  restartedMain] o.s.boot.tomcat.TomcatWebServer          : Tomcat started on port 8081 (http) with context path '/'
2026-07-01T22:41:53.711+06:00  INFO 15424 --- [eduadvisor2] [  restartedMain] c.e.eduadvisor2.Eduadvisor2Application   : Started Eduadvisor2Application in 0.792 seconds (process running for 11704.986)
Hibernate: 
    select
        count(*) 
    from
        students s1_0
Hibernate: 
    select
        count(*) 
    from
        teachers t1_0
Hibernate: 
    select
        count(*) 
    from
        courses c1_0
Hibernate: 
    select
        count(*) 
    from
        enrollments e1_0
Hibernate: 
    select
        t1_0.id,
        t1_0.coordinator,
        t1_0.department,
        t1_0.designation,
        t1_0.email,
        t1_0.name,
        t1_0.password,
        t1_0.photo,
        t1_0.photo_type,
        t1_0.teacher_id 
    from
        teachers t1_0 
    where
        t1_0.teacher_id=?
Hibernate: 
    select
        t1_0.id,
        t1_0.coordinator,
        t1_0.department,
        t1_0.designation,
        t1_0.email,
        t1_0.name,
        t1_0.password,
        t1_0.photo,
        t1_0.photo_type,
        t1_0.teacher_id 
    from
        teachers t1_0 
    where
        t1_0.teacher_id=?
Hibernate: 
    select
        t1_0.id,
        t1_0.coordinator,
        t1_0.department,
        t1_0.designation,
        t1_0.email,
        t1_0.name,
        t1_0.password,
        t1_0.photo,
        t1_0.photo_type,
        t1_0.teacher_id 
    from
        teachers t1_0 
    where
        t1_0.teacher_id=?
2026-07-01T22:41:53.742+06:00  INFO 15424 --- [eduadvisor2] [  restartedMain] .ConditionEvaluationDeltaLoggingListener : Condition evaluation unchanged
2026-07-01T22:47:18.107+06:00  INFO 15424 --- [eduadvisor2] [nio-8081-exec-1] o.a.c.c.C.[Tomcat-1].[localhost].[/]     : Initializing Spring DispatcherServlet 'dispatcherServlet'
2026-07-01T22:47:18.107+06:00  INFO 15424 --- [eduadvisor2] [nio-8081-exec-1] o.s.web.servlet.DispatcherServlet        : Initializing Servlet 'dispatcherServlet'
2026-07-01T22:47:18.109+06:00  INFO 15424 --- [eduadvisor2] [nio-8081-exec-1] o.s.web.servlet.DispatcherServlet        : Completed initialization in 2 ms
Hibernate: 
    select
        lfr1_0.id,
        lfr1_0.coordinator_note,
        lfr1_0.description,
        lfr1_0.image_base64,
        lfr1_0.image_type,
        lfr1_0.location,
        lfr1_0.reported_at,
        lfr1_0.status,
        lfr1_0.student_email,
        lfr1_0.student_id,
        lfr1_0.student_name,
        lfr1_0.updated_at 
    from
        lost_found_reports lfr1_0 
    order by
        lfr1_0.reported_at desc
Hibernate: 
    select
        c1_0.code,
        c1_0.category,
        c1_0.color,
        c1_0.credits,
        c1_0.days,
        c1_0.end_time,
        c1_0.instructor,
        c1_0.name,
        c1_0.room,
        c1_0.start_time,
        c1_0.teacher_id 
    from
        courses c1_0 
    order by
        c1_0.code
Hibernate: 
    select
        t1_0.id,
        t1_0.coordinator,
        t1_0.department,
        t1_0.designation,
        t1_0.email,
        t1_0.name,
        t1_0.password,
        t1_0.photo,
        t1_0.photo_type,
        t1_0.teacher_id 
    from
        teachers t1_0 
    where
        t1_0.name=?
Hibernate: 
    select
        e1_0.id,
        e1_0.course_id,
        e1_0.enrolled_at,
        e1_0.student_id 
    from
        enrollments e1_0 
    where
        e1_0.course_id=?
Hibernate: 
    select
        t1_0.id,
        t1_0.coordinator,
        t1_0.department,
        t1_0.designation,
        t1_0.email,
        t1_0.name,
        t1_0.password,
        t1_0.photo,
        t1_0.photo_type,
        t1_0.teacher_id 
    from
        teachers t1_0 
    where
        t1_0.name=?
Hibernate: 
    select
        e1_0.id,
        e1_0.course_id,
        e1_0.enrolled_at,
        e1_0.student_id 
    from
        enrollments e1_0 
    where
        e1_0.course_id=?
Hibernate: 
    select
        c1_0.code,
        c1_0.category,
        c1_0.color,
        c1_0.credits,
        c1_0.days,
        c1_0.end_time,
        c1_0.instructor,
        c1_0.name,
        c1_0.room,
        c1_0.start_time,
        c1_0.teacher_id 
    from
        courses c1_0 
    where
        c1_0.code=?
Hibernate: 
    select
        s1_0.id,
        s1_0.academic_year,
        s1_0.credits_completed,
        s1_0.email,
        s1_0.gpa,
        s1_0.name,
        s1_0.notif_email,
        s1_0.password,
        s1_0.program,
        s1_0.student_id 
    from
        students s1_0 
    where
        s1_0.student_id=?
Hibernate: 
    select
        t1_0.id,
        t1_0.coordinator,
        t1_0.department,
        t1_0.designation,
        t1_0.email,
        t1_0.name,
        t1_0.password,
        t1_0.photo,
        t1_0.photo_type,
        t1_0.teacher_id 
    from
        teachers t1_0 
    where
        t1_0.name=?
Hibernate: 
    select
        e1_0.id,
        e1_0.course_id,
        e1_0.enrolled_at,
        e1_0.student_id 
    from
        enrollments e1_0 
    where
        e1_0.course_id=?
Hibernate: 
    select
        c1_0.code,
        c1_0.category,
        c1_0.color,
        c1_0.credits,
        c1_0.days,
        c1_0.end_time,
        c1_0.instructor,
        c1_0.name,
        c1_0.room,
        c1_0.start_time,
        c1_0.teacher_id 
    from
        courses c1_0 
    where
        c1_0.code=?
Hibernate: 
    select
        s1_0.id,
        s1_0.academic_year,
        s1_0.credits_completed,
        s1_0.email,
        s1_0.gpa,
        s1_0.name,
        s1_0.notif_email,
        s1_0.password,
        s1_0.program,
        s1_0.student_id 
    from
        students s1_0 
    where
        s1_0.student_id=?
Hibernate: 
    select
        s1_0.id,
        s1_0.academic_year,
        s1_0.credits_completed,
        s1_0.email,
        s1_0.gpa,
        s1_0.name,
        s1_0.notif_email,
        s1_0.password,
        s1_0.program,
        s1_0.student_id 
    from
        students s1_0 
    where
        s1_0.student_id=?
Hibernate: 
    select
        s1_0.id,
        s1_0.academic_year,
        s1_0.credits_completed,
        s1_0.email,
        s1_0.gpa,
        s1_0.name,
        s1_0.notif_email,
        s1_0.password,
        s1_0.program,
        s1_0.student_id 
    from
        students s1_0 
    where
        s1_0.student_id=?
Hibernate: 
    select
        s1_0.id,
        s1_0.academic_year,
        s1_0.credits_completed,
        s1_0.email,
        s1_0.gpa,
        s1_0.name,
        s1_0.notif_email,
        s1_0.password,
        s1_0.program,
        s1_0.student_id 
    from
        students s1_0 
    where
        s1_0.student_id=?
Hibernate: 
    select
        t1_0.id,
        t1_0.coordinator,
        t1_0.department,
        t1_0.designation,
        t1_0.email,
        t1_0.name,
        t1_0.password,
        t1_0.photo,
        t1_0.photo_type,
        t1_0.teacher_id 
    from
        teachers t1_0 
    where
        t1_0.name=?
Hibernate: 
    select
        e1_0.id,
        e1_0.course_id,
        e1_0.enrolled_at,
        e1_0.student_id 
    from
        enrollments e1_0 
    where
        e1_0.course_id=?
Hibernate: 
    select
        c1_0.code,
        c1_0.category,
        c1_0.color,
        c1_0.credits,
        c1_0.days,
        c1_0.end_time,
        c1_0.instructor,
        c1_0.name,
        c1_0.room,
        c1_0.start_time,
        c1_0.teacher_id 
    from
        courses c1_0 
    where
        c1_0.code=?
Hibernate: 
    select
        s1_0.id,
        s1_0.academic_year,
        s1_0.credits_completed,
        s1_0.email,
        s1_0.gpa,
        s1_0.name,
        s1_0.notif_email,
        s1_0.password,
        s1_0.program,
        s1_0.student_id 
    from
        students s1_0 
    where
        s1_0.student_id=?
Hibernate: 
    select
        s1_0.id,
        s1_0.academic_year,
        s1_0.credits_completed,
        s1_0.email,
        s1_0.gpa,
        s1_0.name,
        s1_0.notif_email,
        s1_0.password,
        s1_0.program,
        s1_0.student_id 
    from
        students s1_0 
    where
        s1_0.student_id=?
Hibernate: 
    select
        t1_0.id,
        t1_0.coordinator,
        t1_0.department,
        t1_0.designation,
        t1_0.email,
        t1_0.name,
        t1_0.password,
        t1_0.photo,
        t1_0.photo_type,
        t1_0.teacher_id 
    from
        teachers t1_0 
    where
        t1_0.name=?
Hibernate: 
    select
        e1_0.id,
        e1_0.course_id,
        e1_0.enrolled_at,
        e1_0.student_id 
    from
        enrollments e1_0 
    where
        e1_0.course_id=?
Hibernate: 
    select
        c1_0.code,
        c1_0.category,
        c1_0.color,
        c1_0.credits,
        c1_0.days,
        c1_0.end_time,
        c1_0.instructor,
        c1_0.name,
        c1_0.room,
        c1_0.start_time,
        c1_0.teacher_id 
    from
        courses c1_0 
    where
        c1_0.code=?
Hibernate: 
    select
        s1_0.id,
        s1_0.academic_year,
        s1_0.credits_completed,
        s1_0.email,
        s1_0.gpa,
        s1_0.name,
        s1_0.notif_email,
        s1_0.password,
        s1_0.program,
        s1_0.student_id 
    from
        students s1_0 
    where
        s1_0.student_id=?
Hibernate: 
    select
        s1_0.id,
        s1_0.academic_year,
        s1_0.credits_completed,
        s1_0.email,
        s1_0.gpa,
        s1_0.name,
        s1_0.notif_email,
        s1_0.password,
        s1_0.program,
        s1_0.student_id 
    from
        students s1_0 
    where
        s1_0.student_id=?
Hibernate: 
    select
        t1_0.id,
        t1_0.coordinator,
        t1_0.department,
        t1_0.designation,
        t1_0.email,
        t1_0.name,
        t1_0.password,
        t1_0.photo,
        t1_0.photo_type,
        t1_0.teacher_id 
    from
        teachers t1_0 
    where
        t1_0.name=?
Hibernate: 
    select
        e1_0.id,
        e1_0.course_id,
        e1_0.enrolled_at,
        e1_0.student_id 
    from
        enrollments e1_0 
    where
        e1_0.course_id=?
Hibernate: 
    select
        c1_0.code,
        c1_0.category,
        c1_0.color,
        c1_0.credits,
        c1_0.days,
        c1_0.end_time,
        c1_0.instructor,
        c1_0.name,
        c1_0.room,
        c1_0.start_time,
        c1_0.teacher_id 
    from
        courses c1_0 
    where
        c1_0.code=?
Hibernate: 
    select
        s1_0.id,
        s1_0.academic_year,
        s1_0.credits_completed,
        s1_0.email,
        s1_0.gpa,
        s1_0.name,
        s1_0.notif_email,
        s1_0.password,
        s1_0.program,
        s1_0.student_id 
    from
        students s1_0 
    where
        s1_0.student_id=?
Hibernate: 
    select
        s1_0.id,
        s1_0.academic_year,
        s1_0.credits_completed,
        s1_0.email,
        s1_0.gpa,
        s1_0.name,
        s1_0.notif_email,
        s1_0.password,
        s1_0.program,
        s1_0.student_id 
    from
        students s1_0 
    where
        s1_0.student_id=?
Hibernate: 
    select
        t1_0.id,
        t1_0.coordinator,
        t1_0.department,
        t1_0.designation,
        t1_0.email,
        t1_0.name,
        t1_0.password,
        t1_0.photo,
        t1_0.photo_type,
        t1_0.teacher_id 
    from
        teachers t1_0 
    where
        t1_0.name=?
Hibernate: 
    select
        e1_0.id,
        e1_0.course_id,
        e1_0.enrolled_at,
        e1_0.student_id 
    from
        enrollments e1_0 
    where
        e1_0.course_id=?
Hibernate: 
    select
        c1_0.code,
        c1_0.category,
        c1_0.color,
        c1_0.credits,
        c1_0.days,
        c1_0.end_time,
        c1_0.instructor,
        c1_0.name,
        c1_0.room,
        c1_0.start_time,
        c1_0.teacher_id 
    from
        courses c1_0 
    where
        c1_0.code=?
Hibernate: 
    select
        s1_0.id,
        s1_0.academic_year,
        s1_0.credits_completed,
        s1_0.email,
        s1_0.gpa,
        s1_0.name,
        s1_0.notif_email,
        s1_0.password,
        s1_0.program,
        s1_0.student_id 
    from
        students s1_0 
    where
        s1_0.student_id=?
Hibernate: 
    select
        t1_0.id,
        t1_0.coordinator,
        t1_0.department,
        t1_0.designation,
        t1_0.email,
        t1_0.name,
        t1_0.password,
        t1_0.photo,
        t1_0.photo_type,
        t1_0.teacher_id 
    from
        teachers t1_0 
    where
        t1_0.name=?
Hibernate: 
    select
        e1_0.id,
        e1_0.course_id,
        e1_0.enrolled_at,
        e1_0.student_id 
    from
        enrollments e1_0 
    where
        e1_0.course_id=?
Hibernate: 
    select
        c1_0.code,
        c1_0.category,
        c1_0.color,
        c1_0.credits,
        c1_0.days,
        c1_0.end_time,
        c1_0.instructor,
        c1_0.name,
        c1_0.room,
        c1_0.start_time,
        c1_0.teacher_id 
    from
        courses c1_0 
    where
        c1_0.code=?
Hibernate: 
    select
        s1_0.id,
        s1_0.academic_year,
        s1_0.credits_completed,
        s1_0.email,
        s1_0.gpa,
        s1_0.name,
        s1_0.notif_email,
        s1_0.password,
        s1_0.program,
        s1_0.student_id 
    from
        students s1_0 
    where
        s1_0.student_id=?
Hibernate: 
    select
        s1_0.id,
        s1_0.academic_year,
        s1_0.credits_completed,
        s1_0.email,
        s1_0.gpa,
        s1_0.name,
        s1_0.notif_email,
        s1_0.password,
        s1_0.program,
        s1_0.student_id 
    from
        students s1_0 
    where
        s1_0.student_id=?
Hibernate: 
    select
        t1_0.id,
        t1_0.coordinator,
        t1_0.department,
        t1_0.designation,
        t1_0.email,
        t1_0.name,
        t1_0.password,
        t1_0.photo,
        t1_0.photo_type,
        t1_0.teacher_id 
    from
        teachers t1_0 
    where
        t1_0.name=?
Hibernate: 
    select
        e1_0.id,
        e1_0.course_id,
        e1_0.enrolled_at,
        e1_0.student_id 
    from
        enrollments e1_0 
    where
        e1_0.course_id=?
Hibernate: 
    select
        c1_0.code,
        c1_0.category,
        c1_0.color,
        c1_0.credits,
        c1_0.days,
        c1_0.end_time,
        c1_0.instructor,
        c1_0.name,
        c1_0.room,
        c1_0.start_time,
        c1_0.teacher_id 
    from
        courses c1_0 
    where
        c1_0.code=?
Hibernate: 
    select
        s1_0.id,
        s1_0.academic_year,
        s1_0.credits_completed,
        s1_0.email,
        s1_0.gpa,
        s1_0.name,
        s1_0.notif_email,
        s1_0.password,
        s1_0.program,
        s1_0.student_id 
    from
        students s1_0 
    where
        s1_0.student_id=?
Hibernate: 
    select
        t1_0.id,
        t1_0.coordinator,
        t1_0.department,
        t1_0.designation,
        t1_0.email,
        t1_0.name,
        t1_0.password,
        t1_0.photo,
        t1_0.photo_type,
        t1_0.teacher_id 
    from
        teachers t1_0 
    where
        t1_0.name=?
Hibernate: 
    select
        e1_0.id,
        e1_0.course_id,
        e1_0.enrolled_at,
        e1_0.student_id 
    from
        enrollments e1_0 
    where
        e1_0.course_id=?
Hibernate: 
    select
        c1_0.code,
        c1_0.category,
        c1_0.color,
        c1_0.credits,
        c1_0.days,
        c1_0.end_time,
        c1_0.instructor,
        c1_0.name,
        c1_0.room,
        c1_0.start_time,
        c1_0.teacher_id 
    from
        courses c1_0 
    where
        c1_0.code=?
Hibernate: 
    select
        s1_0.id,
        s1_0.academic_year,
        s1_0.credits_completed,
        s1_0.email,
        s1_0.gpa,
        s1_0.name,
        s1_0.notif_email,
        s1_0.password,
        s1_0.program,
        s1_0.student_id 
    from
        students s1_0 
    where
        s1_0.student_id=?
Hibernate: 
    select
        t1_0.id,
        t1_0.coordinator,
        t1_0.department,
        t1_0.designation,
        t1_0.email,
        t1_0.name,
        t1_0.password,
        t1_0.photo,
        t1_0.photo_type,
        t1_0.teacher_id 
    from
        teachers t1_0 
    where
        t1_0.name=?
Hibernate: 
    select
        e1_0.id,
        e1_0.course_id,
        e1_0.enrolled_at,
        e1_0.student_id 
    from
        enrollments e1_0 
    where
        e1_0.course_id=?
Hibernate: 
    select
        c1_0.code,
        c1_0.category,
        c1_0.color,
        c1_0.credits,
        c1_0.days,
        c1_0.end_time,
        c1_0.instructor,
        c1_0.name,
        c1_0.room,
        c1_0.start_time,
        c1_0.teacher_id 
    from
        courses c1_0 
    where
        c1_0.code=?
Hibernate: 
    select
        s1_0.id,
        s1_0.academic_year,
        s1_0.credits_completed,
        s1_0.email,
        s1_0.gpa,
        s1_0.name,
        s1_0.notif_email,
        s1_0.password,
        s1_0.program,
        s1_0.student_id 
    from
        students s1_0 
    where
        s1_0.student_id=?
Hibernate: 
    select
        t1_0.id,
        t1_0.coordinator,
        t1_0.department,
        t1_0.designation,
        t1_0.email,
        t1_0.name,
        t1_0.password,
        t1_0.photo,
        t1_0.photo_type,
        t1_0.teacher_id 
    from
        teachers t1_0 
    where
        t1_0.name=?
Hibernate: 
    select
        e1_0.id,
        e1_0.course_id,
        e1_0.enrolled_at,
        e1_0.student_id 
    from
        enrollments e1_0 
    where
        e1_0.course_id=?
Hibernate: 
    select
        c1_0.code,
        c1_0.category,
        c1_0.color,
        c1_0.credits,
        c1_0.days,
        c1_0.end_time,
        c1_0.instructor,
        c1_0.name,
        c1_0.room,
        c1_0.start_time,
        c1_0.teacher_id 
    from
        courses c1_0 
    where
        c1_0.code=?
Hibernate: 
    select
        s1_0.id,
        s1_0.academic_year,
        s1_0.credits_completed,
        s1_0.email,
        s1_0.gpa,
        s1_0.name,
        s1_0.notif_email,
        s1_0.password,
        s1_0.program,
        s1_0.student_id 
    from
        students s1_0 
    where
        s1_0.student_id=?
Hibernate: 
    select
        t1_0.id,
        t1_0.coordinator,
        t1_0.department,
        t1_0.designation,
        t1_0.email,
        t1_0.name,
        t1_0.password,
        t1_0.photo,
        t1_0.photo_type,
        t1_0.teacher_id 
    from
        teachers t1_0 
    where
        t1_0.name=?
Hibernate: 
    select
        e1_0.id,
        e1_0.course_id,
        e1_0.enrolled_at,
        e1_0.student_id 
    from
        enrollments e1_0 
    where
        e1_0.course_id=?
Hibernate: 
    select
        c1_0.code,
        c1_0.category,
        c1_0.color,
        c1_0.credits,
        c1_0.days,
        c1_0.end_time,
        c1_0.instructor,
        c1_0.name,
        c1_0.room,
        c1_0.start_time,
        c1_0.teacher_id 
    from
        courses c1_0 
    where
        c1_0.code=?
Hibernate: 
    select
        s1_0.id,
        s1_0.academic_year,
        s1_0.credits_completed,
        s1_0.email,
        s1_0.gpa,
        s1_0.name,
        s1_0.notif_email,
        s1_0.password,
        s1_0.program,
        s1_0.student_id 
    from
        students s1_0 
    where
        s1_0.student_id=?
Hibernate: 
    select
        s1_0.id,
        s1_0.academic_year,
        s1_0.credits_completed,
        s1_0.email,
        s1_0.gpa,
        s1_0.name,
        s1_0.notif_email,
        s1_0.password,
        s1_0.program,
        s1_0.student_id 
    from
        students s1_0 
    where
        s1_0.student_id=?
Hibernate: 
    select
        t1_0.id,
        t1_0.coordinator,
        t1_0.department,
        t1_0.designation,
        t1_0.email,
        t1_0.name,
        t1_0.password,
        t1_0.photo,
        t1_0.photo_type,
        t1_0.teacher_id 
    from
        teachers t1_0 
    where
        t1_0.name=?
Hibernate: 
    select
        e1_0.id,
        e1_0.course_id,
        e1_0.enrolled_at,
        e1_0.student_id 
    from
        enrollments e1_0 
    where
        e1_0.course_id=?
Hibernate: 
    select
        c1_0.code,
        c1_0.category,
        c1_0.color,
        c1_0.credits,
        c1_0.days,
        c1_0.end_time,
        c1_0.instructor,
        c1_0.name,
        c1_0.room,
        c1_0.start_time,
        c1_0.teacher_id 
    from
        courses c1_0 
    where
        c1_0.code=?
Hibernate: 
    select
        s1_0.id,
        s1_0.academic_year,
        s1_0.credits_completed,
        s1_0.email,
        s1_0.gpa,
        s1_0.name,
        s1_0.notif_email,
        s1_0.password,
        s1_0.program,
        s1_0.student_id 
    from
        students s1_0 
    where
        s1_0.student_id=?
Hibernate: 
    select
        t1_0.id,
        t1_0.coordinator,
        t1_0.department,
        t1_0.designation,
        t1_0.email,
        t1_0.name,
        t1_0.password,
        t1_0.photo,
        t1_0.photo_type,
        t1_0.teacher_id 
    from
        teachers t1_0 
    where
        t1_0.name=?
Hibernate: 
    select
        e1_0.id,
        e1_0.course_id,
        e1_0.enrolled_at,
        e1_0.student_id 
    from
        enrollments e1_0 
    where
        e1_0.course_id=?
Hibernate: 
    select
        c1_0.code,
        c1_0.category,
        c1_0.color,
        c1_0.credits,
        c1_0.days,
        c1_0.end_time,
        c1_0.instructor,
        c1_0.name,
        c1_0.room,
        c1_0.start_time,
        c1_0.teacher_id 
    from
        courses c1_0 
    where
        c1_0.code=?
Hibernate: 
    select
        s1_0.id,
        s1_0.academic_year,
        s1_0.credits_completed,
        s1_0.email,
        s1_0.gpa,
        s1_0.name,
        s1_0.notif_email,
        s1_0.password,
        s1_0.program,
        s1_0.student_id 
    from
        students s1_0 
    where
        s1_0.student_id=?
Hibernate: 
    select
        s1_0.id,
        s1_0.academic_year,
        s1_0.credits_completed,
        s1_0.email,
        s1_0.gpa,
        s1_0.name,
        s1_0.notif_email,
        s1_0.password,
        s1_0.program,
        s1_0.student_id 
    from
        students s1_0 
    where
        s1_0.student_id=?
Hibernate: 
    select
        s1_0.id,
        s1_0.academic_year,
        s1_0.credits_completed,
        s1_0.email,
        s1_0.gpa,
        s1_0.name,
        s1_0.notif_email,
        s1_0.password,
        s1_0.program,
        s1_0.student_id 
    from
        students s1_0 
    where
        s1_0.student_id=?
Hibernate: 
    select
        t1_0.id,
        t1_0.coordinator,
        t1_0.department,
        t1_0.designation,
        t1_0.email,
        t1_0.name,
        t1_0.password,
        t1_0.photo,
        t1_0.photo_type,
        t1_0.teacher_id 
    from
        teachers t1_0 
    where
        t1_0.name=?
Hibernate: 
    select
        e1_0.id,
        e1_0.course_id,
        e1_0.enrolled_at,
        e1_0.student_id 
    from
        enrollments e1_0 
    where
        e1_0.course_id=?
Hibernate: 
    select
        c1_0.code,
        c1_0.category,
        c1_0.color,
        c1_0.credits,
        c1_0.days,
        c1_0.end_time,
        c1_0.instructor,
        c1_0.name,
        c1_0.room,
        c1_0.start_time,
        c1_0.teacher_id 
    from
        courses c1_0 
    where
        c1_0.code=?
Hibernate: 
    select
        s1_0.id,
        s1_0.academic_year,
        s1_0.credits_completed,
        s1_0.email,
        s1_0.gpa,
        s1_0.name,
        s1_0.notif_email,
        s1_0.password,
        s1_0.program,
        s1_0.student_id 
    from
        students s1_0 
    where
        s1_0.student_id=?
Hibernate: 
    select
        t1_0.id,
        t1_0.coordinator,
        t1_0.department,
        t1_0.designation,
        t1_0.email,
        t1_0.name,
        t1_0.password,
        t1_0.photo,
        t1_0.photo_type,
        t1_0.teacher_id 
    from
        teachers t1_0 
    where
        t1_0.name=?
Hibernate: 
    select
        e1_0.id,
        e1_0.course_id,
        e1_0.enrolled_at,
        e1_0.student_id 
    from
        enrollments e1_0 
    where
        e1_0.course_id=?
Hibernate: 
    select
        c1_0.code,
        c1_0.category,
        c1_0.color,
        c1_0.credits,
        c1_0.days,
        c1_0.end_time,
        c1_0.instructor,
        c1_0.name,
        c1_0.room,
        c1_0.start_time,
        c1_0.teacher_id 
    from
        courses c1_0 
    where
        c1_0.code=?
Hibernate: 
    select
        s1_0.id,
        s1_0.academic_year,
        s1_0.credits_completed,
        s1_0.email,
        s1_0.gpa,
        s1_0.name,
        s1_0.notif_email,
        s1_0.password,
        s1_0.program,
        s1_0.student_id 
    from
        students s1_0 
    where
        s1_0.student_id=?
Hibernate: 
    select
        t1_0.id,
        t1_0.coordinator,
        t1_0.department,
        t1_0.designation,
        t1_0.email,
        t1_0.name,
        t1_0.password,
        t1_0.photo,
        t1_0.photo_type,
        t1_0.teacher_id 
    from
        teachers t1_0 
    where
        t1_0.name=?
Hibernate: 
    select
        e1_0.id,
        e1_0.course_id,
        e1_0.enrolled_at,
        e1_0.student_id 
    from
        enrollments e1_0 
    where
        e1_0.course_id=?
Hibernate: 
    select
        t1_0.id,
        t1_0.coordinator,
        t1_0.department,
        t1_0.designation,
        t1_0.email,
        t1_0.name,
        t1_0.password,
        t1_0.photo,
        t1_0.photo_type,
        t1_0.teacher_id 
    from
        teachers t1_0 
    where
        t1_0.name=?
Hibernate: 
    select
        e1_0.id,
        e1_0.course_id,
        e1_0.enrolled_at,
        e1_0.student_id 
    from
        enrollments e1_0 
    where
        e1_0.course_id=?
Hibernate: 
    select
        c1_0.code,
        c1_0.category,
        c1_0.color,
        c1_0.credits,
        c1_0.days,
        c1_0.end_time,
        c1_0.instructor,
        c1_0.name,
        c1_0.room,
        c1_0.start_time,
        c1_0.teacher_id 
    from
        courses c1_0 
    where
        c1_0.code=?
Hibernate: 
    select
        s1_0.id,
        s1_0.academic_year,
        s1_0.credits_completed,
        s1_0.email,
        s1_0.gpa,
        s1_0.name,
        s1_0.notif_email,
        s1_0.password,
        s1_0.program,
        s1_0.student_id 
    from
        students s1_0 
    where
        s1_0.student_id=?
Hibernate: 
    select
        t1_0.id,
        t1_0.coordinator,
        t1_0.department,
        t1_0.designation,
        t1_0.email,
        t1_0.name,
        t1_0.password,
        t1_0.photo,
        t1_0.photo_type,
        t1_0.teacher_id 
    from
        teachers t1_0 
    where
        t1_0.name=?
Hibernate: 
    select
        e1_0.id,
        e1_0.course_id,
        e1_0.enrolled_at,
        e1_0.student_id 
    from
        enrollments e1_0 
    where
        e1_0.course_id=?
Hibernate: 
    select
        c1_0.code,
        c1_0.category,
        c1_0.color,
        c1_0.credits,
        c1_0.days,
        c1_0.end_time,
        c1_0.instructor,
        c1_0.name,
        c1_0.room,
        c1_0.start_time,
        c1_0.teacher_id 
    from
        courses c1_0 
    where
        c1_0.code=?
Hibernate: 
    select
        s1_0.id,
        s1_0.academic_year,
        s1_0.credits_completed,
        s1_0.email,
        s1_0.gpa,
        s1_0.name,
        s1_0.notif_email,
        s1_0.password,
        s1_0.program,
        s1_0.student_id 
    from
        students s1_0 
    where
        s1_0.student_id=?
Hibernate: 
    select
        b1_0.id,
        b1_0.booked_at,
        b1_0.reason,
        b1_0.slot,
        b1_0.student_id,
        b1_0.teacher_name 
    from
        bookings b1_0 
    order by
        b1_0.booked_at desc
Hibernate: 
    select
        t1_0.id,
        t1_0.coordinator,
        t1_0.department,
        t1_0.designation,
        t1_0.email,
        t1_0.name,
        t1_0.password,
        t1_0.photo,
        t1_0.photo_type,
        t1_0.teacher_id 
    from
        teachers t1_0 
    where
        t1_0.teacher_id=?
Hibernate: 
    select
        t1_0.id,
        t1_0.coordinator,
        t1_0.department,
        t1_0.designation,
        t1_0.email,
        t1_0.name,
        t1_0.password,
        t1_0.photo,
        t1_0.photo_type,
        t1_0.teacher_id 
    from
        teachers t1_0 
    where
        t1_0.teacher_id=?
Hibernate: 
    select
        c1_0.code,
        c1_0.category,
        c1_0.color,
        c1_0.credits,
        c1_0.days,
        c1_0.end_time,
        c1_0.instructor,
        c1_0.name,
        c1_0.room,
        c1_0.start_time,
        c1_0.teacher_id 
    from
        courses c1_0 
    where
        c1_0.instructor=?
Hibernate: 
    select
        e1_0.id,
        e1_0.course_id,
        e1_0.enrolled_at,
        e1_0.student_id 
    from
        enrollments e1_0 
    where
        e1_0.course_id=?
Hibernate: 
    select
        c1_0.code,
        c1_0.category,
        c1_0.color,
        c1_0.credits,
        c1_0.days,
        c1_0.end_time,
        c1_0.instructor,
        c1_0.name,
        c1_0.room,
        c1_0.start_time,
        c1_0.teacher_id 
    from
        courses c1_0 
    where
        c1_0.code=?
Hibernate: 
    select
        s1_0.id,
        s1_0.academic_year,
        s1_0.credits_completed,
        s1_0.email,
        s1_0.gpa,
        s1_0.name,
        s1_0.notif_email,
        s1_0.password,
        s1_0.program,
        s1_0.student_id 
    from
        students s1_0 
    where
        s1_0.student_id=?
Hibernate: 
    select
        s1_0.id,
        s1_0.academic_year,
        s1_0.credits_completed,
        s1_0.email,
        s1_0.gpa,
        s1_0.name,
        s1_0.notif_email,
        s1_0.password,
        s1_0.program,
        s1_0.student_id 
    from
        students s1_0 
    where
        s1_0.student_id=?
Hibernate: 
    select
        e1_0.id,
        e1_0.course_id,
        e1_0.enrolled_at,
        e1_0.student_id 
    from
        enrollments e1_0 
    where
        e1_0.course_id=?
Hibernate: 
    select
        c1_0.code,
        c1_0.category,
        c1_0.color,
        c1_0.credits,
        c1_0.days,
        c1_0.end_time,
        c1_0.instructor,
        c1_0.name,
        c1_0.room,
        c1_0.start_time,
        c1_0.teacher_id 
    from
        courses c1_0 
    where
        c1_0.code=?
Hibernate: 
    select
        s1_0.id,
        s1_0.academic_year,
        s1_0.credits_completed,
        s1_0.email,
        s1_0.gpa,
        s1_0.name,
        s1_0.notif_email,
        s1_0.password,
        s1_0.program,
        s1_0.student_id 
    from
        students s1_0 
    where
        s1_0.student_id=?
Hibernate: 
    select
        s1_0.id,
        s1_0.academic_year,
        s1_0.credits_completed,
        s1_0.email,
        s1_0.gpa,
        s1_0.name,
        s1_0.notif_email,
        s1_0.password,
        s1_0.program,
        s1_0.student_id 
    from
        students s1_0 
    where
        s1_0.student_id=?
Hibernate: 
    select
        b1_0.id,
        b1_0.booked_at,
        b1_0.reason,
        b1_0.slot,
        b1_0.student_id,
        b1_0.teacher_name 
    from
        bookings b1_0 
    where
        b1_0.teacher_name=? 
    order by
        b1_0.booked_at desc
Hibernate: 
    select
        s1_0.id,
        s1_0.academic_year,
        s1_0.credits_completed,
        s1_0.email,
        s1_0.gpa,
        s1_0.name,
        s1_0.notif_email,
        s1_0.password,
        s1_0.program,
        s1_0.student_id 
    from
        students s1_0 
    where
        s1_0.student_id like ? escape '\'
Hibernate: 
    select
        e1_0.id,
        e1_0.course_id,
        e1_0.enrolled_at,
        e1_0.student_id 
    from
        enrollments e1_0 
    where
        e1_0.student_id=?
Hibernate: 
    select
        c1_0.code,
        c1_0.category,
        c1_0.color,
        c1_0.credits,
        c1_0.days,
        c1_0.end_time,
        c1_0.instructor,
        c1_0.name,
        c1_0.room,
        c1_0.start_time,
        c1_0.teacher_id 
    from
        courses c1_0 
    where
        c1_0.code=?
Hibernate: 
    select
        c1_0.code,
        c1_0.category,
        c1_0.color,
        c1_0.credits,
        c1_0.days,
        c1_0.end_time,
        c1_0.instructor,
        c1_0.name,
        c1_0.room,
        c1_0.start_time,
        c1_0.teacher_id 
    from
        courses c1_0 
    where
        c1_0.code=?
Hibernate: 
    select
        c1_0.code,
        c1_0.category,
        c1_0.color,
        c1_0.credits,
        c1_0.days,
        c1_0.end_time,
        c1_0.instructor,
        c1_0.name,
        c1_0.room,
        c1_0.start_time,
        c1_0.teacher_id 
    from
        courses c1_0 
    where
        c1_0.code=?
Hibernate: 
    select
        c1_0.code,
        c1_0.category,
        c1_0.color,
        c1_0.credits,
        c1_0.days,
        c1_0.end_time,
        c1_0.instructor,
        c1_0.name,
        c1_0.room,
        c1_0.start_time,
        c1_0.teacher_id 
    from
        courses c1_0 
    where
        c1_0.code=?
Hibernate: 
    select
        c1_0.code,
        c1_0.category,
        c1_0.color,
        c1_0.credits,
        c1_0.days,
        c1_0.end_time,
        c1_0.instructor,
        c1_0.name,
        c1_0.room,
        c1_0.start_time,
        c1_0.teacher_id 
    from
        courses c1_0 
    where
        c1_0.code=?
Hibernate: 
    select
        c1_0.code,
        c1_0.category,
        c1_0.color,
        c1_0.credits,
        c1_0.days,
        c1_0.end_time,
        c1_0.instructor,
        c1_0.name,
        c1_0.room,
        c1_0.start_time,
        c1_0.teacher_id 
    from
        courses c1_0 
    where
        c1_0.instructor=?
Hibernate: 
    select
        e1_0.id,
        e1_0.course_id,
        e1_0.enrolled_at,
        e1_0.student_id 
    from
        enrollments e1_0 
    where
        e1_0.course_id=?
Hibernate: 
    select
        c1_0.code,
        c1_0.category,
        c1_0.color,
        c1_0.credits,
        c1_0.days,
        c1_0.end_time,
        c1_0.instructor,
        c1_0.name,
        c1_0.room,
        c1_0.start_time,
        c1_0.teacher_id 
    from
        courses c1_0 
    where
        c1_0.code=?
Hibernate: 
    select
        t1_0.id,
        t1_0.coordinator,
        t1_0.department,
        t1_0.designation,
        t1_0.email,
        t1_0.name,
        t1_0.password,
        t1_0.photo,
        t1_0.photo_type,
        t1_0.teacher_id 
    from
        teachers t1_0 
    where
        t1_0.teacher_id=?
Hibernate: 
    select
        e1_0.id,
        e1_0.course_id,
        e1_0.enrolled_at,
        e1_0.student_id 
    from
        enrollments e1_0 
    where
        e1_0.course_id=?
Hibernate: 
    select
        c1_0.code,
        c1_0.category,
        c1_0.color,
        c1_0.credits,
        c1_0.days,
        c1_0.end_time,
        c1_0.instructor,
        c1_0.name,
        c1_0.room,
        c1_0.start_time,
        c1_0.teacher_id 
    from
        courses c1_0 
    where
        c1_0.code=?
Hibernate: 
    select
        as1_0.id,
        as1_0.assessment_type,
        as1_0.course_code,
        as1_0.course_name,
        as1_0.max_score,
        as1_0.notes,
        as1_0.recorded_at,
        as1_0.score,
        as1_0.student_id 
    from
        assessment_scores as1_0 
    where
        as1_0.student_id in (?, ?, ?)
Hibernate: 
    select
        c1_0.code,
        c1_0.category,
        c1_0.color,
        c1_0.credits,
        c1_0.days,
        c1_0.end_time,
        c1_0.instructor,
        c1_0.name,
        c1_0.room,
        c1_0.start_time,
        c1_0.teacher_id 
    from
        courses c1_0 
    where
        c1_0.instructor=?
Hibernate: 
    select
        e1_0.id,
        e1_0.course_id,
        e1_0.enrolled_at,
        e1_0.student_id 
    from
        enrollments e1_0 
    where
        e1_0.course_id=?
Hibernate: 
    select
        c1_0.code,
        c1_0.category,
        c1_0.color,
        c1_0.credits,
        c1_0.days,
        c1_0.end_time,
        c1_0.instructor,
        c1_0.name,
        c1_0.room,
        c1_0.start_time,
        c1_0.teacher_id 
    from
        courses c1_0 
    where
        c1_0.code=?
Hibernate: 
    select
        s1_0.id,
        s1_0.academic_year,
        s1_0.credits_completed,
        s1_0.email,
        s1_0.gpa,
        s1_0.name,
        s1_0.notif_email,
        s1_0.password,
        s1_0.program,
        s1_0.student_id 
    from
        students s1_0 
    where
        s1_0.student_id=?
Hibernate: 
    select
        s1_0.id,
        s1_0.academic_year,
        s1_0.credits_completed,
        s1_0.email,
        s1_0.gpa,
        s1_0.name,
        s1_0.notif_email,
        s1_0.password,
        s1_0.program,
        s1_0.student_id 
    from
        students s1_0 
    where
        s1_0.student_id=?
Hibernate: 
    select
        e1_0.id,
        e1_0.course_id,
        e1_0.enrolled_at,
        e1_0.student_id 
    from
        enrollments e1_0 
    where
        e1_0.course_id=?
Hibernate: 
    select
        c1_0.code,
        c1_0.category,
        c1_0.color,
        c1_0.credits,
        c1_0.days,
        c1_0.end_time,
        c1_0.instructor,
        c1_0.name,
        c1_0.room,
        c1_0.start_time,
        c1_0.teacher_id 
    from
        courses c1_0 
    where
        c1_0.code=?
Hibernate: 
    select
        s1_0.id,
        s1_0.academic_year,
        s1_0.credits_completed,
        s1_0.email,
        s1_0.gpa,
        s1_0.name,
        s1_0.notif_email,
        s1_0.password,
        s1_0.program,
        s1_0.student_id 
    from
        students s1_0 
    where
        s1_0.student_id=?
Hibernate: 
    select
        s1_0.id,
        s1_0.academic_year,
        s1_0.credits_completed,
        s1_0.email,
        s1_0.gpa,
        s1_0.name,
        s1_0.notif_email,
        s1_0.password,
        s1_0.program,
        s1_0.student_id 
    from
        students s1_0 
    where
        s1_0.student_id=?
Hibernate: 
    select
        ep1_0.id,
        ep1_0.student_email,
        ep1_0.student_id,
        ep1_0.student_name,
        ep1_0.submitted_at,
        ep1_0.teacher_id,
        ep1_0.teacher_name,
        ep1_0.title,
        ep1_0.type 
    from
        exam_papers ep1_0 
    where
        ep1_0.teacher_id=? 
    order by
        ep1_0.submitted_at desc
Hibernate: 
    select
        t1_0.id,
        t1_0.coordinator,
        t1_0.department,
        t1_0.designation,
        t1_0.email,
        t1_0.name,
        t1_0.password,
        t1_0.photo,
        t1_0.photo_type,
        t1_0.teacher_id 
    from
        teachers t1_0 
    where
        t1_0.teacher_id=?
Hibernate: 
    select
        c1_0.code,
        c1_0.category,
        c1_0.color,
        c1_0.credits,
        c1_0.days,
        c1_0.end_time,
        c1_0.instructor,
        c1_0.name,
        c1_0.room,
        c1_0.start_time,
        c1_0.teacher_id 
    from
        courses c1_0 
    where
        c1_0.instructor=?
Hibernate: 
    select
        e1_0.id,
        e1_0.course_id,
        e1_0.enrolled_at,
        e1_0.student_id 
    from
        enrollments e1_0 
    where
        e1_0.course_id=?
Hibernate: 
    select
        c1_0.code,
        c1_0.category,
        c1_0.color,
        c1_0.credits,
        c1_0.days,
        c1_0.end_time,
        c1_0.instructor,
        c1_0.name,
        c1_0.room,
        c1_0.start_time,
        c1_0.teacher_id 
    from
        courses c1_0 
    where
        c1_0.code=?
Hibernate: 
    select
        s1_0.id,
        s1_0.academic_year,
        s1_0.credits_completed,
        s1_0.email,
        s1_0.gpa,
        s1_0.name,
        s1_0.notif_email,
        s1_0.password,
        s1_0.program,
        s1_0.student_id 
    from
        students s1_0 
    where
        s1_0.student_id=?
Hibernate: 
    select
        s1_0.id,
        s1_0.academic_year,
        s1_0.credits_completed,
        s1_0.email,
        s1_0.gpa,
        s1_0.name,
        s1_0.notif_email,
        s1_0.password,
        s1_0.program,
        s1_0.student_id 
    from
        students s1_0 
    where
        s1_0.student_id=?
Hibernate: 
    select
        e1_0.id,
        e1_0.course_id,
        e1_0.enrolled_at,
        e1_0.student_id 
    from
        enrollments e1_0 
    where
        e1_0.course_id=?
Hibernate: 
    select
        c1_0.code,
        c1_0.category,
        c1_0.color,
        c1_0.credits,
        c1_0.days,
        c1_0.end_time,
        c1_0.instructor,
        c1_0.name,
        c1_0.room,
        c1_0.start_time,
        c1_0.teacher_id 
    from
        courses c1_0 
    where
        c1_0.code=?
Hibernate: 
    select
        s1_0.id,
        s1_0.academic_year,
        s1_0.credits_completed,
        s1_0.email,
        s1_0.gpa,
        s1_0.name,
        s1_0.notif_email,
        s1_0.password,
        s1_0.program,
        s1_0.student_id 
    from
        students s1_0 
    where
        s1_0.student_id=?
Hibernate: 
    select
        s1_0.id,
        s1_0.academic_year,
        s1_0.credits_completed,
        s1_0.email,
        s1_0.gpa,
        s1_0.name,
        s1_0.notif_email,
        s1_0.password,
        s1_0.program,
        s1_0.student_id 
    from
        students s1_0 
    where
        s1_0.student_id=?
Hibernate: 
    select
        b1_0.id,
        b1_0.booked_at,
        b1_0.reason,
        b1_0.slot,
        b1_0.student_id,
        b1_0.teacher_name 
    from
        bookings b1_0 
    where
        b1_0.teacher_name=? 
    order by
        b1_0.booked_at desc
Hibernate: 
    select
        s1_0.id,
        s1_0.academic_year,
        s1_0.credits_completed,
        s1_0.email,
        s1_0.gpa,
        s1_0.name,
        s1_0.notif_email,
        s1_0.password,
        s1_0.program,
        s1_0.student_id 
    from
        students s1_0 
    where
        s1_0.student_id like ? escape '\'
Hibernate: 
    select
        e1_0.id,
        e1_0.course_id,
        e1_0.enrolled_at,
        e1_0.student_id 
    from
        enrollments e1_0 
    where
        e1_0.student_id=?
Hibernate: 
    select
        c1_0.code,
        c1_0.category,
        c1_0.color,
        c1_0.credits,
        c1_0.days,
        c1_0.end_time,
        c1_0.instructor,
        c1_0.name,
        c1_0.room,
        c1_0.start_time,
        c1_0.teacher_id 
    from
        courses c1_0 
    where
        c1_0.code=?
Hibernate: 
    select
        c1_0.code,
        c1_0.category,
        c1_0.color,
        c1_0.credits,
        c1_0.days,
        c1_0.end_time,
        c1_0.instructor,
        c1_0.name,
        c1_0.room,
        c1_0.start_time,
        c1_0.teacher_id 
    from
        courses c1_0 
    where
        c1_0.code=?
Hibernate: 
    select
        c1_0.code,
        c1_0.category,
        c1_0.color,
        c1_0.credits,
        c1_0.days,
        c1_0.end_time,
        c1_0.instructor,
        c1_0.name,
        c1_0.room,
        c1_0.start_time,
        c1_0.teacher_id 
    from
        courses c1_0 
    where
        c1_0.code=?
Hibernate: 
    select
        c1_0.code,
        c1_0.category,
        c1_0.color,
        c1_0.credits,
        c1_0.days,
        c1_0.end_time,
        c1_0.instructor,
        c1_0.name,
        c1_0.room,
        c1_0.start_time,
        c1_0.teacher_id 
    from
        courses c1_0 
    where
        c1_0.code=?
Hibernate: 
    select
        c1_0.code,
        c1_0.category,
        c1_0.color,
        c1_0.credits,
        c1_0.days,
        c1_0.end_time,
        c1_0.instructor,
        c1_0.name,
        c1_0.room,
        c1_0.start_time,
        c1_0.teacher_id 
    from
        courses c1_0 
    where
        c1_0.code=?
Hibernate: 
    select
        c1_0.code,
        c1_0.category,
        c1_0.color,
        c1_0.credits,
        c1_0.days,
        c1_0.end_time,
        c1_0.instructor,
        c1_0.name,
        c1_0.room,
        c1_0.start_time,
        c1_0.teacher_id 
    from
        courses c1_0 
    where
        c1_0.instructor=?
Hibernate: 
    select
        t1_0.id,
        t1_0.coordinator,
        t1_0.department,
        t1_0.designation,
        t1_0.email,
        t1_0.name,
        t1_0.password,
        t1_0.photo,
        t1_0.photo_type,
        t1_0.teacher_id 
    from
        teachers t1_0 
    where
        t1_0.teacher_id=?
Hibernate: 
    select
        e1_0.id,
        e1_0.course_id,
        e1_0.enrolled_at,
        e1_0.student_id 
    from
        enrollments e1_0 
    where
        e1_0.course_id=?
Hibernate: 
    select
        c1_0.code,
        c1_0.category,
        c1_0.color,
        c1_0.credits,
        c1_0.days,
        c1_0.end_time,
        c1_0.instructor,
        c1_0.name,
        c1_0.room,
        c1_0.start_time,
        c1_0.teacher_id 
    from
        courses c1_0 
    where
        c1_0.code=?
Hibernate: 
    select
        e1_0.id,
        e1_0.course_id,
        e1_0.enrolled_at,
        e1_0.student_id 
    from
        enrollments e1_0 
    where
        e1_0.course_id=?
Hibernate: 
    select
        c1_0.code,
        c1_0.category,
        c1_0.color,
        c1_0.credits,
        c1_0.days,
        c1_0.end_time,
        c1_0.instructor,
        c1_0.name,
        c1_0.room,
        c1_0.start_time,
        c1_0.teacher_id 
    from
        courses c1_0 
    where
        c1_0.code=?
Hibernate: 
    select
        as1_0.id,
        as1_0.assessment_type,
        as1_0.course_code,
        as1_0.course_name,
        as1_0.max_score,
        as1_0.notes,
        as1_0.recorded_at,
        as1_0.score,
        as1_0.student_id 
    from
        assessment_scores as1_0 
    where
        as1_0.student_id in (?, ?, ?)
Hibernate: 
    select
        lfr1_0.id,
        lfr1_0.coordinator_note,
        lfr1_0.description,
        lfr1_0.image_base64,
        lfr1_0.image_type,
        lfr1_0.location,
        lfr1_0.reported_at,
        lfr1_0.status,
        lfr1_0.student_email,
        lfr1_0.student_id,
        lfr1_0.student_name,
        lfr1_0.updated_at 
    from
        lost_found_reports lfr1_0 
    order by
        lfr1_0.reported_at desc
Hibernate: 
    select
        c1_0.code,
        c1_0.category,
        c1_0.color,
        c1_0.credits,
        c1_0.days,
        c1_0.end_time,
        c1_0.instructor,
        c1_0.name,
        c1_0.room,
        c1_0.start_time,
        c1_0.teacher_id 
    from
        courses c1_0 
    order by
        c1_0.code
Hibernate: 
    select
        t1_0.id,
        t1_0.coordinator,
        t1_0.department,
        t1_0.designation,
        t1_0.email,
        t1_0.name,
        t1_0.password,
        t1_0.photo,
        t1_0.photo_type,
        t1_0.teacher_id 
    from
        teachers t1_0 
    where
        t1_0.name=?
Hibernate: 
    select
        e1_0.id,
        e1_0.course_id,
        e1_0.enrolled_at,
        e1_0.student_id 
    from
        enrollments e1_0 
    where
        e1_0.course_id=?
Hibernate: 
    select
        t1_0.id,
        t1_0.coordinator,
        t1_0.department,
        t1_0.designation,
        t1_0.email,
        t1_0.name,
        t1_0.password,
        t1_0.photo,
        t1_0.photo_type,
        t1_0.teacher_id 
    from
        teachers t1_0 
    where
        t1_0.name=?
Hibernate: 
    select
        e1_0.id,
        e1_0.course_id,
        e1_0.enrolled_at,
        e1_0.student_id 
    from
        enrollments e1_0 
    where
        e1_0.course_id=?
Hibernate: 
    select
        c1_0.code,
        c1_0.category,
        c1_0.color,
        c1_0.credits,
        c1_0.days,
        c1_0.end_time,
        c1_0.instructor,
        c1_0.name,
        c1_0.room,
        c1_0.start_time,
        c1_0.teacher_id 
    from
        courses c1_0 
    where
        c1_0.code=?
Hibernate: 
    select
        s1_0.id,
        s1_0.academic_year,
        s1_0.credits_completed,
        s1_0.email,
        s1_0.gpa,
        s1_0.name,
        s1_0.notif_email,
        s1_0.password,
        s1_0.program,
        s1_0.student_id 
    from
        students s1_0 
    where
        s1_0.student_id=?
Hibernate: 
    select
        t1_0.id,
        t1_0.coordinator,
        t1_0.department,
        t1_0.designation,
        t1_0.email,
        t1_0.name,
        t1_0.password,
        t1_0.photo,
        t1_0.photo_type,
        t1_0.teacher_id 
    from
        teachers t1_0 
    where
        t1_0.name=?
Hibernate: 
    select
        e1_0.id,
        e1_0.course_id,
        e1_0.enrolled_at,
        e1_0.student_id 
    from
        enrollments e1_0 
    where
        e1_0.course_id=?
Hibernate: 
    select
        c1_0.code,
        c1_0.category,
        c1_0.color,
        c1_0.credits,
        c1_0.days,
        c1_0.end_time,
        c1_0.instructor,
        c1_0.name,
        c1_0.room,
        c1_0.start_time,
        c1_0.teacher_id 
    from
        courses c1_0 
    where
        c1_0.code=?
Hibernate: 
    select
        s1_0.id,
        s1_0.academic_year,
        s1_0.credits_completed,
        s1_0.email,
        s1_0.gpa,
        s1_0.name,
        s1_0.notif_email,
        s1_0.password,
        s1_0.program,
        s1_0.student_id 
    from
        students s1_0 
    where
        s1_0.student_id=?
Hibernate: 
    select
        s1_0.id,
        s1_0.academic_year,
        s1_0.credits_completed,
        s1_0.email,
        s1_0.gpa,
        s1_0.name,
        s1_0.notif_email,
        s1_0.password,
        s1_0.program,
        s1_0.student_id 
    from
        students s1_0 
    where
        s1_0.student_id=?
Hibernate: 
    select
        s1_0.id,
        s1_0.academic_year,
        s1_0.credits_completed,
        s1_0.email,
        s1_0.gpa,
        s1_0.name,
        s1_0.notif_email,
        s1_0.password,
        s1_0.program,
        s1_0.student_id 
    from
        students s1_0 
    where
        s1_0.student_id=?
Hibernate: 
    select
        s1_0.id,
        s1_0.academic_year,
        s1_0.credits_completed,
        s1_0.email,
        s1_0.gpa,
        s1_0.name,
        s1_0.notif_email,
        s1_0.password,
        s1_0.program,
        s1_0.student_id 
    from
        students s1_0 
    where
        s1_0.student_id=?
Hibernate: 
    select
        t1_0.id,
        t1_0.coordinator,
        t1_0.department,
        t1_0.designation,
        t1_0.email,
        t1_0.name,
        t1_0.password,
        t1_0.photo,
        t1_0.photo_type,
        t1_0.teacher_id 
    from
        teachers t1_0 
    where
        t1_0.name=?
Hibernate: 
    select
        e1_0.id,
        e1_0.course_id,
        e1_0.enrolled_at,
        e1_0.student_id 
    from
        enrollments e1_0 
    where
        e1_0.course_id=?
Hibernate: 
    select
        c1_0.code,
        c1_0.category,
        c1_0.color,
        c1_0.credits,
        c1_0.days,
        c1_0.end_time,
        c1_0.instructor,
        c1_0.name,
        c1_0.room,
        c1_0.start_time,
        c1_0.teacher_id 
    from
        courses c1_0 
    where
        c1_0.code=?
Hibernate: 
    select
        s1_0.id,
        s1_0.academic_year,
        s1_0.credits_completed,
        s1_0.email,
        s1_0.gpa,
        s1_0.name,
        s1_0.notif_email,
        s1_0.password,
        s1_0.program,
        s1_0.student_id 
    from
        students s1_0 
    where
        s1_0.student_id=?
Hibernate: 
    select
        s1_0.id,
        s1_0.academic_year,
        s1_0.credits_completed,
        s1_0.email,
        s1_0.gpa,
        s1_0.name,
        s1_0.notif_email,
        s1_0.password,
        s1_0.program,
        s1_0.student_id 
    from
        students s1_0 
    where
        s1_0.student_id=?
Hibernate: 
    select
        t1_0.id,
        t1_0.coordinator,
        t1_0.department,
        t1_0.designation,
        t1_0.email,
        t1_0.name,
        t1_0.password,
        t1_0.photo,
        t1_0.photo_type,
        t1_0.teacher_id 
    from
        teachers t1_0 
    where
        t1_0.name=?
Hibernate: 
    select
        e1_0.id,
        e1_0.course_id,
        e1_0.enrolled_at,
        e1_0.student_id 
    from
        enrollments e1_0 
    where
        e1_0.course_id=?
Hibernate: 
    select
        c1_0.code,
        c1_0.category,
        c1_0.color,
        c1_0.credits,
        c1_0.days,
        c1_0.end_time,
        c1_0.instructor,
        c1_0.name,
        c1_0.room,
        c1_0.start_time,
        c1_0.teacher_id 
    from
        courses c1_0 
    where
        c1_0.code=?
Hibernate: 
    select
        s1_0.id,
        s1_0.academic_year,
        s1_0.credits_completed,
        s1_0.email,
        s1_0.gpa,
        s1_0.name,
        s1_0.notif_email,
        s1_0.password,
        s1_0.program,
        s1_0.student_id 
    from
        students s1_0 
    where
        s1_0.student_id=?
Hibernate: 
    select
        s1_0.id,
        s1_0.academic_year,
        s1_0.credits_completed,
        s1_0.email,
        s1_0.gpa,
        s1_0.name,
        s1_0.notif_email,
        s1_0.password,
        s1_0.program,
        s1_0.student_id 
    from
        students s1_0 
    where
        s1_0.student_id=?
Hibernate: 
    select
        t1_0.id,
        t1_0.coordinator,
        t1_0.department,
        t1_0.designation,
        t1_0.email,
        t1_0.name,
        t1_0.password,
        t1_0.photo,
        t1_0.photo_type,
        t1_0.teacher_id 
    from
        teachers t1_0 
    where
        t1_0.name=?
Hibernate: 
    select
        e1_0.id,
        e1_0.course_id,
        e1_0.enrolled_at,
        e1_0.student_id 
    from
        enrollments e1_0 
    where
        e1_0.course_id=?
Hibernate: 
    select
        c1_0.code,
        c1_0.category,
        c1_0.color,
        c1_0.credits,
        c1_0.days,
        c1_0.end_time,
        c1_0.instructor,
        c1_0.name,
        c1_0.room,
        c1_0.start_time,
        c1_0.teacher_id 
    from
        courses c1_0 
    where
        c1_0.code=?
Hibernate: 
    select
        s1_0.id,
        s1_0.academic_year,
        s1_0.credits_completed,
        s1_0.email,
        s1_0.gpa,
        s1_0.name,
        s1_0.notif_email,
        s1_0.password,
        s1_0.program,
        s1_0.student_id 
    from
        students s1_0 
    where
        s1_0.student_id=?
Hibernate: 
    select
        s1_0.id,
        s1_0.academic_year,
        s1_0.credits_completed,
        s1_0.email,
        s1_0.gpa,
        s1_0.name,
        s1_0.notif_email,
        s1_0.password,
        s1_0.program,
        s1_0.student_id 
    from
        students s1_0 
    where
        s1_0.student_id=?
Hibernate: 
    select
        t1_0.id,
        t1_0.coordinator,
        t1_0.department,
        t1_0.designation,
        t1_0.email,
        t1_0.name,
        t1_0.password,
        t1_0.photo,
        t1_0.photo_type,
        t1_0.teacher_id 
    from
        teachers t1_0 
    where
        t1_0.name=?
Hibernate: 
    select
        e1_0.id,
        e1_0.course_id,
        e1_0.enrolled_at,
        e1_0.student_id 
    from
        enrollments e1_0 
    where
        e1_0.course_id=?
Hibernate: 
    select
        c1_0.code,
        c1_0.category,
        c1_0.color,
        c1_0.credits,
        c1_0.days,
        c1_0.end_time,
        c1_0.instructor,
        c1_0.name,
        c1_0.room,
        c1_0.start_time,
        c1_0.teacher_id 
    from
        courses c1_0 
    where
        c1_0.code=?
Hibernate: 
    select
        s1_0.id,
        s1_0.academic_year,
        s1_0.credits_completed,
        s1_0.email,
        s1_0.gpa,
        s1_0.name,
        s1_0.notif_email,
        s1_0.password,
        s1_0.program,
        s1_0.student_id 
    from
        students s1_0 
    where
        s1_0.student_id=?
Hibernate: 
    select
        t1_0.id,
        t1_0.coordinator,
        t1_0.department,
        t1_0.designation,
        t1_0.email,
        t1_0.name,
        t1_0.password,
        t1_0.photo,
        t1_0.photo_type,
        t1_0.teacher_id 
    from
        teachers t1_0 
    where
        t1_0.name=?
Hibernate: 
    select
        e1_0.id,
        e1_0.course_id,
        e1_0.enrolled_at,
        e1_0.student_id 
    from
        enrollments e1_0 
    where
        e1_0.course_id=?
Hibernate: 
    select
        c1_0.code,
        c1_0.category,
        c1_0.color,
        c1_0.credits,
        c1_0.days,
        c1_0.end_time,
        c1_0.instructor,
        c1_0.name,
        c1_0.room,
        c1_0.start_time,
        c1_0.teacher_id 
    from
        courses c1_0 
    where
        c1_0.code=?
Hibernate: 
    select
        s1_0.id,
        s1_0.academic_year,
        s1_0.credits_completed,
        s1_0.email,
        s1_0.gpa,
        s1_0.name,
        s1_0.notif_email,
        s1_0.password,
        s1_0.program,
        s1_0.student_id 
    from
        students s1_0 
    where
        s1_0.student_id=?
Hibernate: 
    select
        s1_0.id,
        s1_0.academic_year,
        s1_0.credits_completed,
        s1_0.email,
        s1_0.gpa,
        s1_0.name,
        s1_0.notif_email,
        s1_0.password,
        s1_0.program,
        s1_0.student_id 
    from
        students s1_0 
    where
        s1_0.student_id=?
Hibernate: 
    select
        t1_0.id,
        t1_0.coordinator,
        t1_0.department,
        t1_0.designation,
        t1_0.email,
        t1_0.name,
        t1_0.password,
        t1_0.photo,
        t1_0.photo_type,
        t1_0.teacher_id 
    from
        teachers t1_0 
    where
        t1_0.name=?
Hibernate: 
    select
        e1_0.id,
        e1_0.course_id,
        e1_0.enrolled_at,
        e1_0.student_id 
    from
        enrollments e1_0 
    where
        e1_0.course_id=?
Hibernate: 
    select
        c1_0.code,
        c1_0.category,
        c1_0.color,
        c1_0.credits,
        c1_0.days,
        c1_0.end_time,
        c1_0.instructor,
        c1_0.name,
        c1_0.room,
        c1_0.start_time,
        c1_0.teacher_id 
    from
        courses c1_0 
    where
        c1_0.code=?
Hibernate: 
    select
        s1_0.id,
        s1_0.academic_year,
        s1_0.credits_completed,
        s1_0.email,
        s1_0.gpa,
        s1_0.name,
        s1_0.notif_email,
        s1_0.password,
        s1_0.program,
        s1_0.student_id 
    from
        students s1_0 
    where
        s1_0.student_id=?
Hibernate: 
    select
        t1_0.id,
        t1_0.coordinator,
        t1_0.department,
        t1_0.designation,
        t1_0.email,
        t1_0.name,
        t1_0.password,
        t1_0.photo,
        t1_0.photo_type,
        t1_0.teacher_id 
    from
        teachers t1_0 
    where
        t1_0.name=?
Hibernate: 
    select
        e1_0.id,
        e1_0.course_id,
        e1_0.enrolled_at,
        e1_0.student_id 
    from
        enrollments e1_0 
    where
        e1_0.course_id=?
Hibernate: 
    select
        c1_0.code,
        c1_0.category,
        c1_0.color,
        c1_0.credits,
        c1_0.days,
        c1_0.end_time,
        c1_0.instructor,
        c1_0.name,
        c1_0.room,
        c1_0.start_time,
        c1_0.teacher_id 
    from
        courses c1_0 
    where
        c1_0.code=?
Hibernate: 
    select
        s1_0.id,
        s1_0.academic_year,
        s1_0.credits_completed,
        s1_0.email,
        s1_0.gpa,
        s1_0.name,
        s1_0.notif_email,
        s1_0.password,
        s1_0.program,
        s1_0.student_id 
    from
        students s1_0 
    where
        s1_0.student_id=?
Hibernate: 
    select
        t1_0.id,
        t1_0.coordinator,
        t1_0.department,
        t1_0.designation,
        t1_0.email,
        t1_0.name,
        t1_0.password,
        t1_0.photo,
        t1_0.photo_type,
        t1_0.teacher_id 
    from
        teachers t1_0 
    where
        t1_0.name=?
Hibernate: 
    select
        e1_0.id,
        e1_0.course_id,
        e1_0.enrolled_at,
        e1_0.student_id 
    from
        enrollments e1_0 
    where
        e1_0.course_id=?
Hibernate: 
    select
        c1_0.code,
        c1_0.category,
        c1_0.color,
        c1_0.credits,
        c1_0.days,
        c1_0.end_time,
        c1_0.instructor,
        c1_0.name,
        c1_0.room,
        c1_0.start_time,
        c1_0.teacher_id 
    from
        courses c1_0 
    where
        c1_0.code=?
Hibernate: 
    select
        s1_0.id,
        s1_0.academic_year,
        s1_0.credits_completed,
        s1_0.email,
        s1_0.gpa,
        s1_0.name,
        s1_0.notif_email,
        s1_0.password,
        s1_0.program,
        s1_0.student_id 
    from
        students s1_0 
    where
        s1_0.student_id=?
Hibernate: 
    select
        t1_0.id,
        t1_0.coordinator,
        t1_0.department,
        t1_0.designation,
        t1_0.email,
        t1_0.name,
        t1_0.password,
        t1_0.photo,
        t1_0.photo_type,
        t1_0.teacher_id 
    from
        teachers t1_0 
    where
        t1_0.name=?
Hibernate: 
    select
        e1_0.id,
        e1_0.course_id,
        e1_0.enrolled_at,
        e1_0.student_id 
    from
        enrollments e1_0 
    where
        e1_0.course_id=?
Hibernate: 
    select
        c1_0.code,
        c1_0.category,
        c1_0.color,
        c1_0.credits,
        c1_0.days,
        c1_0.end_time,
        c1_0.instructor,
        c1_0.name,
        c1_0.room,
        c1_0.start_time,
        c1_0.teacher_id 
    from
        courses c1_0 
    where
        c1_0.code=?
Hibernate: 
    select
        s1_0.id,
        s1_0.academic_year,
        s1_0.credits_completed,
        s1_0.email,
        s1_0.gpa,
        s1_0.name,
        s1_0.notif_email,
        s1_0.password,
        s1_0.program,
        s1_0.student_id 
    from
        students s1_0 
    where
        s1_0.student_id=?
Hibernate: 
    select
        t1_0.id,
        t1_0.coordinator,
        t1_0.department,
        t1_0.designation,
        t1_0.email,
        t1_0.name,
        t1_0.password,
        t1_0.photo,
        t1_0.photo_type,
        t1_0.teacher_id 
    from
        teachers t1_0 
    where
        t1_0.name=?
Hibernate: 
    select
        e1_0.id,
        e1_0.course_id,
        e1_0.enrolled_at,
        e1_0.student_id 
    from
        enrollments e1_0 
    where
        e1_0.course_id=?
Hibernate: 
    select
        c1_0.code,
        c1_0.category,
        c1_0.color,
        c1_0.credits,
        c1_0.days,
        c1_0.end_time,
        c1_0.instructor,
        c1_0.name,
        c1_0.room,
        c1_0.start_time,
        c1_0.teacher_id 
    from
        courses c1_0 
    where
        c1_0.code=?
Hibernate: 
    select
        s1_0.id,
        s1_0.academic_year,
        s1_0.credits_completed,
        s1_0.email,
        s1_0.gpa,
        s1_0.name,
        s1_0.notif_email,
        s1_0.password,
        s1_0.program,
        s1_0.student_id 
    from
        students s1_0 
    where
        s1_0.student_id=?
Hibernate: 
    select
        s1_0.id,
        s1_0.academic_year,
        s1_0.credits_completed,
        s1_0.email,
        s1_0.gpa,
        s1_0.name,
        s1_0.notif_email,
        s1_0.password,
        s1_0.program,
        s1_0.student_id 
    from
        students s1_0 
    where
        s1_0.student_id=?
Hibernate: 
    select
        t1_0.id,
        t1_0.coordinator,
        t1_0.department,
        t1_0.designation,
        t1_0.email,
        t1_0.name,
        t1_0.password,
        t1_0.photo,
        t1_0.photo_type,
        t1_0.teacher_id 
    from
        teachers t1_0 
    where
        t1_0.name=?
Hibernate: 
    select
        e1_0.id,
        e1_0.course_id,
        e1_0.enrolled_at,
        e1_0.student_id 
    from
        enrollments e1_0 
    where
        e1_0.course_id=?
Hibernate: 
    select
        c1_0.code,
        c1_0.category,
        c1_0.color,
        c1_0.credits,
        c1_0.days,
        c1_0.end_time,
        c1_0.instructor,
        c1_0.name,
        c1_0.room,
        c1_0.start_time,
        c1_0.teacher_id 
    from
        courses c1_0 
    where
        c1_0.code=?
Hibernate: 
    select
        s1_0.id,
        s1_0.academic_year,
        s1_0.credits_completed,
        s1_0.email,
        s1_0.gpa,
        s1_0.name,
        s1_0.notif_email,
        s1_0.password,
        s1_0.program,
        s1_0.student_id 
    from
        students s1_0 
    where
        s1_0.student_id=?
Hibernate: 
    select
        t1_0.id,
        t1_0.coordinator,
        t1_0.department,
        t1_0.designation,
        t1_0.email,
        t1_0.name,
        t1_0.password,
        t1_0.photo,
        t1_0.photo_type,
        t1_0.teacher_id 
    from
        teachers t1_0 
    where
        t1_0.name=?
Hibernate: 
    select
        e1_0.id,
        e1_0.course_id,
        e1_0.enrolled_at,
        e1_0.student_id 
    from
        enrollments e1_0 
    where
        e1_0.course_id=?
Hibernate: 
    select
        c1_0.code,
        c1_0.category,
        c1_0.color,
        c1_0.credits,
        c1_0.days,
        c1_0.end_time,
        c1_0.instructor,
        c1_0.name,
        c1_0.room,
        c1_0.start_time,
        c1_0.teacher_id 
    from
        courses c1_0 
    where
        c1_0.code=?
Hibernate: 
    select
        s1_0.id,
        s1_0.academic_year,
        s1_0.credits_completed,
        s1_0.email,
        s1_0.gpa,
        s1_0.name,
        s1_0.notif_email,
        s1_0.password,
        s1_0.program,
        s1_0.student_id 
    from
        students s1_0 
    where
        s1_0.student_id=?
Hibernate: 
    select
        s1_0.id,
        s1_0.academic_year,
        s1_0.credits_completed,
        s1_0.email,
        s1_0.gpa,
        s1_0.name,
        s1_0.notif_email,
        s1_0.password,
        s1_0.program,
        s1_0.student_id 
    from
        students s1_0 
    where
        s1_0.student_id=?
Hibernate: 
    select
        s1_0.id,
        s1_0.academic_year,
        s1_0.credits_completed,
        s1_0.email,
        s1_0.gpa,
        s1_0.name,
        s1_0.notif_email,
        s1_0.password,
        s1_0.program,
        s1_0.student_id 
    from
        students s1_0 
    where
        s1_0.student_id=?
Hibernate: 
    select
        t1_0.id,
        t1_0.coordinator,
        t1_0.department,
        t1_0.designation,
        t1_0.email,
        t1_0.name,
        t1_0.password,
        t1_0.photo,
        t1_0.photo_type,
        t1_0.teacher_id 
    from
        teachers t1_0 
    where
        t1_0.name=?
Hibernate: 
    select
        e1_0.id,
        e1_0.course_id,
        e1_0.enrolled_at,
        e1_0.student_id 
    from
        enrollments e1_0 
    where
        e1_0.course_id=?
Hibernate: 
    select
        c1_0.code,
        c1_0.category,
        c1_0.color,
        c1_0.credits,
        c1_0.days,
        c1_0.end_time,
        c1_0.instructor,
        c1_0.name,
        c1_0.room,
        c1_0.start_time,
        c1_0.teacher_id 
    from
        courses c1_0 
    where
        c1_0.code=?
Hibernate: 
    select
        s1_0.id,
        s1_0.academic_year,
        s1_0.credits_completed,
        s1_0.email,
        s1_0.gpa,
        s1_0.name,
        s1_0.notif_email,
        s1_0.password,
        s1_0.program,
        s1_0.student_id 
    from
        students s1_0 
    where
        s1_0.student_id=?
Hibernate: 
    select
        t1_0.id,
        t1_0.coordinator,
        t1_0.department,
        t1_0.designation,
        t1_0.email,
        t1_0.name,
        t1_0.password,
        t1_0.photo,
        t1_0.photo_type,
        t1_0.teacher_id 
    from
        teachers t1_0 
    where
        t1_0.name=?
Hibernate: 
    select
        e1_0.id,
        e1_0.course_id,
        e1_0.enrolled_at,
        e1_0.student_id 
    from
        enrollments e1_0 
    where
        e1_0.course_id=?
Hibernate: 
    select
        c1_0.code,
        c1_0.category,
        c1_0.color,
        c1_0.credits,
        c1_0.days,
        c1_0.end_time,
        c1_0.instructor,
        c1_0.name,
        c1_0.room,
        c1_0.start_time,
        c1_0.teacher_id 
    from
        courses c1_0 
    where
        c1_0.code=?
Hibernate: 
    select
        s1_0.id,
        s1_0.academic_year,
        s1_0.credits_completed,
        s1_0.email,
        s1_0.gpa,
        s1_0.name,
        s1_0.notif_email,
        s1_0.password,
        s1_0.program,
        s1_0.student_id 
    from
        students s1_0 
    where
        s1_0.student_id=?
Hibernate: 
    select
        t1_0.id,
        t1_0.coordinator,
        t1_0.department,
        t1_0.designation,
        t1_0.email,
        t1_0.name,
        t1_0.password,
        t1_0.photo,
        t1_0.photo_type,
        t1_0.teacher_id 
    from
        teachers t1_0 
    where
        t1_0.name=?
Hibernate: 
    select
        e1_0.id,
        e1_0.course_id,
        e1_0.enrolled_at,
        e1_0.student_id 
    from
        enrollments e1_0 
    where
        e1_0.course_id=?
Hibernate: 
    select
        t1_0.id,
        t1_0.coordinator,
        t1_0.department,
        t1_0.designation,
        t1_0.email,
        t1_0.name,
        t1_0.password,
        t1_0.photo,
        t1_0.photo_type,
        t1_0.teacher_id 
    from
        teachers t1_0 
    where
        t1_0.name=?
Hibernate: 
    select
        e1_0.id,
        e1_0.course_id,
        e1_0.enrolled_at,
        e1_0.student_id 
    from
        enrollments e1_0 
    where
        e1_0.course_id=?
Hibernate: 
    select
        c1_0.code,
        c1_0.category,
        c1_0.color,
        c1_0.credits,
        c1_0.days,
        c1_0.end_time,
        c1_0.instructor,
        c1_0.name,
        c1_0.room,
        c1_0.start_time,
        c1_0.teacher_id 
    from
        courses c1_0 
    where
        c1_0.code=?
Hibernate: 
    select
        s1_0.id,
        s1_0.academic_year,
        s1_0.credits_completed,
        s1_0.email,
        s1_0.gpa,
        s1_0.name,
        s1_0.notif_email,
        s1_0.password,
        s1_0.program,
        s1_0.student_id 
    from
        students s1_0 
    where
        s1_0.student_id=?
Hibernate: 
    select
        t1_0.id,
        t1_0.coordinator,
        t1_0.department,
        t1_0.designation,
        t1_0.email,
        t1_0.name,
        t1_0.password,
        t1_0.photo,
        t1_0.photo_type,
        t1_0.teacher_id 
    from
        teachers t1_0 
    where
        t1_0.name=?
Hibernate: 
    select
        e1_0.id,
        e1_0.course_id,
        e1_0.enrolled_at,
        e1_0.student_id 
    from
        enrollments e1_0 
    where
        e1_0.course_id=?
Hibernate: 
    select
        c1_0.code,
        c1_0.category,
        c1_0.color,
        c1_0.credits,
        c1_0.days,
        c1_0.end_time,
        c1_0.instructor,
        c1_0.name,
        c1_0.room,
        c1_0.start_time,
        c1_0.teacher_id 
    from
        courses c1_0 
    where
        c1_0.code=?
Hibernate: 
    select
        s1_0.id,
        s1_0.academic_year,
        s1_0.credits_completed,
        s1_0.email,
        s1_0.gpa,
        s1_0.name,
        s1_0.notif_email,
        s1_0.password,
        s1_0.program,
        s1_0.student_id 
    from
        students s1_0 
    where
        s1_0.student_id=?
Hibernate: 
    select
        b1_0.id,
        b1_0.booked_at,
        b1_0.reason,
        b1_0.slot,
        b1_0.student_id,
        b1_0.teacher_name 
    from
        bookings b1_0 
    order by
        b1_0.booked_at desc
2026-07-01T22:52:49.621+06:00  INFO 15424 --- [eduadvisor2] [   File Watcher] rtingClassPathChangeChangedEventListener : Restarting due to 1 class path change (0 additions, 0 deletions, 1 modification)
2026-07-01T22:52:49.624+06:00  INFO 15424 --- [eduadvisor2] [      Thread-65] o.s.boot.tomcat.GracefulShutdown         : Commencing graceful shutdown. Waiting for active requests to complete
2026-07-01T22:52:49.631+06:00  INFO 15424 --- [eduadvisor2] [tomcat-shutdown] o.s.boot.tomcat.GracefulShutdown         : Graceful shutdown complete
2026-07-01T22:52:49.635+06:00  INFO 15424 --- [eduadvisor2] [      Thread-65] j.LocalContainerEntityManagerFactoryBean : Closing JPA EntityManagerFactory for persistence unit 'default'
2026-07-01T22:52:49.636+06:00  INFO 15424 --- [eduadvisor2] [      Thread-65] com.zaxxer.hikari.HikariDataSource       : HikariPool-17 - Shutdown initiated...
2026-07-01T22:52:49.661+06:00  INFO 15424 --- [eduadvisor2] [      Thread-65] com.zaxxer.hikari.HikariDataSource       : HikariPool-17 - Shutdown completed.

  .   ____          _            __ _ _
 /\\ / ___'_ __ _ _(_)_ __  __ _ \ \ \ \
( ( )\___ | '_ | '_| | '_ \/ _` | \ \ \ \
 \\/  ___)| |_)| | | | | || (_| |  ) ) ) )
  '  |____| .__|_| |_|_| |_\__, | / / / /
 =========|_|==============|___/=/_/_/_/

 :: Spring Boot ::                (v4.0.6)

2026-07-01T22:52:49.834+06:00  INFO 15424 --- [eduadvisor2] [  restartedMain] c.e.eduadvisor2.Eduadvisor2Application   : Starting Eduadvisor2Application using Java 25.0.2 with PID 15424 (D:\OOp_EduAdvisor\eduadvisor2\target\classes started by Windows in D:\OOp_EduAdvisor\eduadvisor2)
2026-07-01T22:52:49.835+06:00  INFO 15424 --- [eduadvisor2] [  restartedMain] c.e.eduadvisor2.Eduadvisor2Application   : No active profile set, falling back to 1 default profile: "default"
2026-07-01T22:52:50.175+06:00  INFO 15424 --- [eduadvisor2] [  restartedMain] .s.d.r.c.RepositoryConfigurationDelegate : Bootstrapping Spring Data JPA repositories in DEFAULT mode.
2026-07-01T22:52:50.216+06:00  INFO 15424 --- [eduadvisor2] [  restartedMain] .s.d.r.c.RepositoryConfigurationDelegate : Finished Spring Data repository scanning in 34 ms. Found 13 JPA repository interfaces.
2026-07-01T22:52:50.418+06:00  INFO 15424 --- [eduadvisor2] [  restartedMain] o.s.boot.tomcat.TomcatWebServer          : Tomcat initialized with port 8081 (http)
2026-07-01T22:52:50.422+06:00  INFO 15424 --- [eduadvisor2] [  restartedMain] o.apache.catalina.core.StandardService   : Starting service [Tomcat]
2026-07-01T22:52:50.422+06:00  INFO 15424 --- [eduadvisor2] [  restartedMain] o.apache.catalina.core.StandardEngine    : Starting Servlet engine: [Apache Tomcat/11.0.21]
2026-07-01T22:52:50.445+06:00  INFO 15424 --- [eduadvisor2] [  restartedMain] b.w.c.s.WebApplicationContextInitializer : Root WebApplicationContext: initialization completed in 602 ms
2026-07-01T22:52:50.526+06:00  INFO 15424 --- [eduadvisor2] [  restartedMain] org.hibernate.orm.jpa                    : HHH008540: Processing PersistenceUnitInfo [name: default]
2026-07-01T22:52:50.558+06:00  INFO 15424 --- [eduadvisor2] [  restartedMain] o.s.o.j.p.SpringPersistenceUnitInfo      : No LoadTimeWeaver setup: ignoring JPA class transformer
2026-07-01T22:52:50.562+06:00  INFO 15424 --- [eduadvisor2] [  restartedMain] com.zaxxer.hikari.HikariDataSource       : HikariPool-18 - Starting...
2026-07-01T22:52:50.584+06:00  INFO 15424 --- [eduadvisor2] [  restartedMain] com.zaxxer.hikari.pool.HikariPool        : HikariPool-18 - Added connection conn201: url=jdbc:h2:file:./data/studentadvicedb user=SA
2026-07-01T22:52:50.584+06:00  INFO 15424 --- [eduadvisor2] [  restartedMain] com.zaxxer.hikari.HikariDataSource       : HikariPool-18 - Start completed.
2026-07-01T22:52:50.585+06:00  INFO 15424 --- [eduadvisor2] [  restartedMain] org.hibernate.orm.connections.pooling    : HHH10001005: Database info:
	Database JDBC URL [jdbc:h2:file:./data/studentadvicedb]
	Database driver: H2 JDBC Driver
	Database dialect: H2Dialect
	Database version: 2.4.240
	Default catalog/schema: STUDENTADVICEDB/PUBLIC
	Autocommit mode: undefined/unknown
	Isolation level: READ_COMMITTED [default READ_COMMITTED]
	JDBC fetch size: 100
	Pool: DataSourceConnectionProvider
	Minimum pool size: undefined/unknown
	Maximum pool size: undefined/unknown
2026-07-01T22:52:50.880+06:00  INFO 15424 --- [eduadvisor2] [  restartedMain] org.hibernate.orm.core                   : HHH000489: No JTA platform available (set 'hibernate.transaction.jta.platform' to enable JTA platform integration)
Hibernate: 
    alter table if exists discussions 
       alter column answer set data type TEXT
Hibernate: 
    alter table if exists discussions 
       alter column answer_image_base64 set data type TEXT
Hibernate: 
    alter table if exists discussions 
       alter column question set data type TEXT
Hibernate: 
    alter table if exists discussions 
       alter column question_image_base64 set data type TEXT
Hibernate: 
    alter table if exists exam_paper_images 
       alter column image_base64 set data type TEXT
Hibernate: 
    alter table if exists lost_found_reports 
       alter column coordinator_note set data type TEXT
Hibernate: 
    alter table if exists lost_found_reports 
       alter column description set data type TEXT
Hibernate: 
    alter table if exists lost_found_reports 
       alter column image_base64 set data type TEXT
Hibernate: 
    alter table if exists schedule_events 
       add column notified boolean not null
2026-07-01T22:52:50.891+06:00  WARN 15424 --- [eduadvisor2] [  restartedMain] o.h.t.s.i.ExceptionHandlerLoggedImpl     : GenerationTarget encountered exception accepting command : Error executing DDL "
    alter table if exists schedule_events 
       add column notified boolean not null" via JDBC [NULL not allowed for column "NOTIFIED";]

org.hibernate.tool.schema.spi.CommandAcceptanceException: Error executing DDL "
    alter table if exists schedule_events 
       add column notified boolean not null" via JDBC [NULL not allowed for column "NOTIFIED";]
	at org.hibernate.tool.schema.internal.exec.GenerationTargetToDatabase.accept(GenerationTargetToDatabase.java:81) ~[hibernate-core-7.2.12.Final.jar:7.2.12.Final]
	at org.hibernate.tool.schema.internal.AbstractSchemaMigrator.applySqlString(AbstractSchemaMigrator.java:566) ~[hibernate-core-7.2.12.Final.jar:7.2.12.Final]
	at org.hibernate.tool.schema.internal.AbstractSchemaMigrator.applySqlStrings(AbstractSchemaMigrator.java:506) ~[hibernate-core-7.2.12.Final.jar:7.2.12.Final]
	at org.hibernate.tool.schema.internal.AbstractSchemaMigrator.migrateTable(AbstractSchemaMigrator.java:324) ~[hibernate-core-7.2.12.Final.jar:7.2.12.Final]
	at org.hibernate.tool.schema.internal.GroupedSchemaMigratorImpl.performTablesMigration(GroupedSchemaMigratorImpl.java:84) ~[hibernate-core-7.2.12.Final.jar:7.2.12.Final]
	at org.hibernate.tool.schema.internal.AbstractSchemaMigrator.performMigration(AbstractSchemaMigrator.java:220) ~[hibernate-core-7.2.12.Final.jar:7.2.12.Final]
	at org.hibernate.tool.schema.internal.AbstractSchemaMigrator.doMigration(AbstractSchemaMigrator.java:96) ~[hibernate-core-7.2.12.Final.jar:7.2.12.Final]
	at org.hibernate.tool.schema.spi.SchemaManagementToolCoordinator.performDatabaseAction(SchemaManagementToolCoordinator.java:269) ~[hibernate-core-7.2.12.Final.jar:7.2.12.Final]
	at org.hibernate.tool.schema.spi.SchemaManagementToolCoordinator.lambda$process$1(SchemaManagementToolCoordinator.java:101) ~[hibernate-core-7.2.12.Final.jar:7.2.12.Final]
	at java.base/java.util.HashMap.forEach(HashMap.java:1430) ~[na:na]
	at org.hibernate.tool.schema.spi.SchemaManagementToolCoordinator.process(SchemaManagementToolCoordinator.java:100) ~[hibernate-core-7.2.12.Final.jar:7.2.12.Final]
	at org.hibernate.boot.internal.SessionFactoryObserverForSchemaExport.sessionFactoryCreated(SessionFactoryObserverForSchemaExport.java:35) ~[hibernate-core-7.2.12.Final.jar:7.2.12.Final]
	at org.hibernate.internal.SessionFactoryObserverChain.sessionFactoryCreated(SessionFactoryObserverChain.java:33) ~[hibernate-core-7.2.12.Final.jar:7.2.12.Final]
	at org.hibernate.internal.SessionFactoryImpl.<init>(SessionFactoryImpl.java:323) ~[hibernate-core-7.2.12.Final.jar:7.2.12.Final]
	at org.hibernate.internal.SessionFactoryRegistry.instantiateSessionFactory(SessionFactoryRegistry.java:64) ~[hibernate-core-7.2.12.Final.jar:7.2.12.Final]
	at org.hibernate.boot.internal.SessionFactoryBuilderImpl.build(SessionFactoryBuilderImpl.java:437) ~[hibernate-core-7.2.12.Final.jar:7.2.12.Final]
	at org.hibernate.jpa.boot.internal.EntityManagerFactoryBuilderImpl.build(EntityManagerFactoryBuilderImpl.java:1456) ~[hibernate-core-7.2.12.Final.jar:7.2.12.Final]
	at org.springframework.orm.jpa.vendor.SpringHibernateJpaPersistenceProvider.createContainerEntityManagerFactory(SpringHibernateJpaPersistenceProvider.java:93) ~[spring-orm-7.0.7.jar:7.0.7]
	at org.springframework.orm.jpa.LocalContainerEntityManagerFactoryBean.createNativeEntityManagerFactory(LocalContainerEntityManagerFactoryBean.java:443) ~[spring-orm-7.0.7.jar:7.0.7]
	at org.springframework.orm.jpa.AbstractEntityManagerFactoryBean.buildNativeEntityManagerFactory(AbstractEntityManagerFactoryBean.java:436) ~[spring-orm-7.0.7.jar:7.0.7]
	at org.springframework.orm.jpa.AbstractEntityManagerFactoryBean.afterPropertiesSet(AbstractEntityManagerFactoryBean.java:411) ~[spring-orm-7.0.7.jar:7.0.7]
	at org.springframework.orm.jpa.LocalContainerEntityManagerFactoryBean.afterPropertiesSet(LocalContainerEntityManagerFactoryBean.java:419) ~[spring-orm-7.0.7.jar:7.0.7]
	at org.springframework.beans.factory.support.AbstractAutowireCapableBeanFactory.invokeInitMethods(AbstractAutowireCapableBeanFactory.java:1864) ~[spring-beans-7.0.7.jar:7.0.7]
	at org.springframework.beans.factory.support.AbstractAutowireCapableBeanFactory.initializeBean(AbstractAutowireCapableBeanFactory.java:1813) ~[spring-beans-7.0.7.jar:7.0.7]
	at org.springframework.beans.factory.support.AbstractAutowireCapableBeanFactory.doCreateBean(AbstractAutowireCapableBeanFactory.java:603) ~[spring-beans-7.0.7.jar:7.0.7]
	at org.springframework.beans.factory.support.AbstractAutowireCapableBeanFactory.createBean(AbstractAutowireCapableBeanFactory.java:525) ~[spring-beans-7.0.7.jar:7.0.7]
	at org.springframework.beans.factory.support.AbstractBeanFactory.lambda$doGetBean$0(AbstractBeanFactory.java:333) ~[spring-beans-7.0.7.jar:7.0.7]
	at org.springframework.beans.factory.support.DefaultSingletonBeanRegistry.getSingleton(DefaultSingletonBeanRegistry.java:371) ~[spring-beans-7.0.7.jar:7.0.7]
	at org.springframework.beans.factory.support.AbstractBeanFactory.doGetBean(AbstractBeanFactory.java:331) ~[spring-beans-7.0.7.jar:7.0.7]
	at org.springframework.beans.factory.support.AbstractBeanFactory.getBean(AbstractBeanFactory.java:201) ~[spring-beans-7.0.7.jar:7.0.7]
	at org.springframework.context.support.AbstractApplicationContext.finishBeanFactoryInitialization(AbstractApplicationContext.java:977) ~[spring-context-7.0.7.jar:7.0.7]
	at org.springframework.context.support.AbstractApplicationContext.refresh(AbstractApplicationContext.java:621) ~[spring-context-7.0.7.jar:7.0.7]
	at org.springframework.boot.web.server.servlet.context.ServletWebServerApplicationContext.refresh(ServletWebServerApplicationContext.java:143) ~[spring-boot-web-server-4.0.6.jar:4.0.6]
	at org.springframework.boot.SpringApplication.refresh(SpringApplication.java:756) ~[spring-boot-4.0.6.jar:4.0.6]
	at org.springframework.boot.SpringApplication.refreshContext(SpringApplication.java:445) ~[spring-boot-4.0.6.jar:4.0.6]
	at org.springframework.boot.SpringApplication.run(SpringApplication.java:321) ~[spring-boot-4.0.6.jar:4.0.6]
	at org.springframework.boot.SpringApplication.run(SpringApplication.java:1365) ~[spring-boot-4.0.6.jar:4.0.6]
	at org.springframework.boot.SpringApplication.run(SpringApplication.java:1354) ~[spring-boot-4.0.6.jar:4.0.6]
	at com.example.eduadvisor2.Eduadvisor2Application.main(Eduadvisor2Application.java:12) ~[classes/:na]
	at java.base/jdk.internal.reflect.DirectMethodHandleAccessor.invoke(DirectMethodHandleAccessor.java:104) ~[na:na]
	at java.base/java.lang.reflect.Method.invoke(Method.java:565) ~[na:na]
	at org.springframework.boot.devtools.restart.RestartLauncher.run(RestartLauncher.java:52) ~[spring-boot-devtools-4.0.6.jar:4.0.6]
Caused by: org.h2.jdbc.JdbcSQLIntegrityConstraintViolationException: NULL not allowed for column "NOTIFIED"; SQL statement:
INSERT INTO "PUBLIC"."SCHEDULE_EVENTS_COPY_3_0"("ID", "CREATED_AT", "DATE", "STUDENT_ID", "TIME", "TITLE", "TYPE") OVERRIDING SYSTEM VALUE SELECT "ID", "CREATED_AT", "DATE", "STUDENT_ID", "TIME", "TITLE", "TYPE" FROM "PUBLIC"."SCHEDULE_EVENTS" [23502-240]
	at org.h2.message.DbException.getJdbcSQLException(DbException.java:520) ~[h2-2.4.240.jar:2.4.240]
	at org.h2.message.DbException.getJdbcSQLException(DbException.java:489) ~[h2-2.4.240.jar:2.4.240]
	at org.h2.message.DbException.get(DbException.java:223) ~[h2-2.4.240.jar:2.4.240]
	at org.h2.message.DbException.get(DbException.java:199) ~[h2-2.4.240.jar:2.4.240]
	at org.h2.table.Column.validateConvertUpdateSequence(Column.java:406) ~[h2-2.4.240.jar:2.4.240]
	at org.h2.table.Table.convertInsertRow(Table.java:948) ~[h2-2.4.240.jar:2.4.240]
	at org.h2.command.dml.Insert.addRow(Insert.java:229) ~[h2-2.4.240.jar:2.4.240]
	at org.h2.command.dml.Insert.insertRows(Insert.java:203) ~[h2-2.4.240.jar:2.4.240]
	at org.h2.command.dml.Insert.update(Insert.java:135) ~[h2-2.4.240.jar:2.4.240]
	at org.h2.command.dml.DataChangeStatement.update(DataChangeStatement.java:77) ~[h2-2.4.240.jar:2.4.240]
	at org.h2.command.CommandContainer.update(CommandContainer.java:139) ~[h2-2.4.240.jar:2.4.240]
	at org.h2.command.Command.executeUpdate(Command.java:306) ~[h2-2.4.240.jar:2.4.240]
	at org.h2.command.Command.executeUpdate(Command.java:250) ~[h2-2.4.240.jar:2.4.240]
	at org.h2.command.ddl.AlterTableAlterColumn.execute(AlterTableAlterColumn.java:648) ~[h2-2.4.240.jar:2.4.240]
	at org.h2.command.ddl.AlterTableAlterColumn.cloneTableStructure(AlterTableAlterColumn.java:560) ~[h2-2.4.240.jar:2.4.240]
	at org.h2.command.ddl.AlterTableAlterColumn.copyData(AlterTableAlterColumn.java:343) ~[h2-2.4.240.jar:2.4.240]
	at org.h2.command.ddl.AlterTableAlterColumn.update(AlterTableAlterColumn.java:244) ~[h2-2.4.240.jar:2.4.240]
	at org.h2.command.CommandContainer.update(CommandContainer.java:139) ~[h2-2.4.240.jar:2.4.240]
	at org.h2.command.Command.executeUpdate(Command.java:306) ~[h2-2.4.240.jar:2.4.240]
	at org.h2.command.Command.executeUpdate(Command.java:250) ~[h2-2.4.240.jar:2.4.240]
	at org.h2.jdbc.JdbcStatement.executeInternal(JdbcStatement.java:262) ~[h2-2.4.240.jar:2.4.240]
	at org.h2.jdbc.JdbcStatement.execute(JdbcStatement.java:231) ~[h2-2.4.240.jar:2.4.240]
	at com.zaxxer.hikari.pool.ProxyStatement.execute(ProxyStatement.java:95) ~[HikariCP-7.0.2.jar:na]
	at com.zaxxer.hikari.pool.HikariProxyStatement.execute(HikariProxyStatement.java) ~[HikariCP-7.0.2.jar:na]
	at org.hibernate.tool.schema.internal.exec.GenerationTargetToDatabase.accept(GenerationTargetToDatabase.java:76) ~[hibernate-core-7.2.12.Final.jar:7.2.12.Final]
	... 41 common frames omitted

2026-07-01T22:52:50.893+06:00  INFO 15424 --- [eduadvisor2] [  restartedMain] j.LocalContainerEntityManagerFactoryBean : Initialized JPA EntityManagerFactory for persistence unit 'default'
2026-07-01T22:52:51.146+06:00  INFO 15424 --- [eduadvisor2] [  restartedMain] o.s.b.w.a.WelcomePageHandlerMapping      : Adding welcome page template: index
2026-07-01T22:52:51.311+06:00  INFO 15424 --- [eduadvisor2] [  restartedMain] o.s.b.a.e.web.EndpointLinksResolver      : Exposing 1 endpoint beneath base path '/actuator'
2026-07-01T22:52:51.343+06:00  INFO 15424 --- [eduadvisor2] [  restartedMain] o.s.boot.tomcat.TomcatWebServer          : Tomcat started on port 8081 (http) with context path '/'
2026-07-01T22:52:51.345+06:00  INFO 15424 --- [eduadvisor2] [  restartedMain] c.e.eduadvisor2.Eduadvisor2Application   : Started Eduadvisor2Application in 1.557 seconds (process running for 12362.621)
Hibernate: 
    select
        count(*) 
    from
        students s1_0
Hibernate: 
    select
        count(*) 
    from
        teachers t1_0
Hibernate: 
    select
        count(*) 
    from
        courses c1_0
Hibernate: 
    select
        count(*) 
    from
        enrollments e1_0
Hibernate: 
    select
        t1_0.id,
        t1_0.coordinator,
        t1_0.department,
        t1_0.designation,
        t1_0.email,
        t1_0.name,
        t1_0.password,
        t1_0.photo,
        t1_0.photo_type,
        t1_0.teacher_id 
    from
        teachers t1_0 
    where
        t1_0.teacher_id=?
Hibernate: 
    select
        t1_0.id,
        t1_0.coordinator,
        t1_0.department,
        t1_0.designation,
        t1_0.email,
        t1_0.name,
        t1_0.password,
        t1_0.photo,
        t1_0.photo_type,
        t1_0.teacher_id 
    from
        teachers t1_0 
    where
        t1_0.teacher_id=?
Hibernate: 
    select
        t1_0.id,
        t1_0.coordinator,
        t1_0.department,
        t1_0.designation,
        t1_0.email,
        t1_0.name,
        t1_0.password,
        t1_0.photo,
        t1_0.photo_type,
        t1_0.teacher_id 
    from
        teachers t1_0 
    where
        t1_0.teacher_id=?
2026-07-01T22:52:51.378+06:00  INFO 15424 --- [eduadvisor2] [  restartedMain] .ConditionEvaluationDeltaLoggingListener : Condition evaluation unchanged
2026-07-01T22:53:07.115+06:00  INFO 15424 --- [eduadvisor2] [   File Watcher] rtingClassPathChangeChangedEventListener : Restarting due to 1 class path change (0 additions, 0 deletions, 1 modification)
2026-07-01T22:53:07.119+06:00  INFO 15424 --- [eduadvisor2] [      Thread-69] o.s.boot.tomcat.GracefulShutdown         : Commencing graceful shutdown. Waiting for active requests to complete
2026-07-01T22:53:07.123+06:00  INFO 15424 --- [eduadvisor2] [tomcat-shutdown] o.s.boot.tomcat.GracefulShutdown         : Graceful shutdown complete
2026-07-01T22:53:07.125+06:00  INFO 15424 --- [eduadvisor2] [      Thread-69] j.LocalContainerEntityManagerFactoryBean : Closing JPA EntityManagerFactory for persistence unit 'default'
2026-07-01T22:53:07.126+06:00  INFO 15424 --- [eduadvisor2] [      Thread-69] com.zaxxer.hikari.HikariDataSource       : HikariPool-18 - Shutdown initiated...
2026-07-01T22:53:07.146+06:00  INFO 15424 --- [eduadvisor2] [      Thread-69] com.zaxxer.hikari.HikariDataSource       : HikariPool-18 - Shutdown completed.

  .   ____          _            __ _ _
 /\\ / ___'_ __ _ _(_)_ __  __ _ \ \ \ \
( ( )\___ | '_ | '_| | '_ \/ _` | \ \ \ \
 \\/  ___)| |_)| | | | | || (_| |  ) ) ) )
  '  |____| .__|_| |_|_| |_\__, | / / / /
 =========|_|==============|___/=/_/_/_/

 :: Spring Boot ::                (v4.0.6)

2026-07-01T22:53:07.234+06:00  INFO 15424 --- [eduadvisor2] [  restartedMain] c.e.eduadvisor2.Eduadvisor2Application   : Starting Eduadvisor2Application using Java 25.0.2 with PID 15424 (D:\OOp_EduAdvisor\eduadvisor2\target\classes started by Windows in D:\OOp_EduAdvisor\eduadvisor2)
2026-07-01T22:53:07.234+06:00  INFO 15424 --- [eduadvisor2] [  restartedMain] c.e.eduadvisor2.Eduadvisor2Application   : No active profile set, falling back to 1 default profile: "default"
2026-07-01T22:53:07.400+06:00  INFO 15424 --- [eduadvisor2] [  restartedMain] .s.d.r.c.RepositoryConfigurationDelegate : Bootstrapping Spring Data JPA repositories in DEFAULT mode.
2026-07-01T22:53:07.421+06:00  INFO 15424 --- [eduadvisor2] [  restartedMain] .s.d.r.c.RepositoryConfigurationDelegate : Finished Spring Data repository scanning in 19 ms. Found 13 JPA repository interfaces.
2026-07-01T22:53:07.497+06:00  INFO 15424 --- [eduadvisor2] [  restartedMain] o.s.boot.tomcat.TomcatWebServer          : Tomcat initialized with port 8081 (http)
2026-07-01T22:53:07.498+06:00  INFO 15424 --- [eduadvisor2] [  restartedMain] o.apache.catalina.core.StandardService   : Starting service [Tomcat]
2026-07-01T22:53:07.498+06:00  INFO 15424 --- [eduadvisor2] [  restartedMain] o.apache.catalina.core.StandardEngine    : Starting Servlet engine: [Apache Tomcat/11.0.21]
2026-07-01T22:53:07.514+06:00  INFO 15424 --- [eduadvisor2] [  restartedMain] b.w.c.s.WebApplicationContextInitializer : Root WebApplicationContext: initialization completed in 278 ms
2026-07-01T22:53:07.553+06:00  INFO 15424 --- [eduadvisor2] [  restartedMain] org.hibernate.orm.jpa                    : HHH008540: Processing PersistenceUnitInfo [name: default]
2026-07-01T22:53:07.573+06:00  INFO 15424 --- [eduadvisor2] [  restartedMain] o.s.o.j.p.SpringPersistenceUnitInfo      : No LoadTimeWeaver setup: ignoring JPA class transformer
2026-07-01T22:53:07.573+06:00  INFO 15424 --- [eduadvisor2] [  restartedMain] com.zaxxer.hikari.HikariDataSource       : HikariPool-19 - Starting...
2026-07-01T22:53:07.588+06:00  INFO 15424 --- [eduadvisor2] [  restartedMain] com.zaxxer.hikari.pool.HikariPool        : HikariPool-19 - Added connection conn211: url=jdbc:h2:file:./data/studentadvicedb user=SA
2026-07-01T22:53:07.588+06:00  INFO 15424 --- [eduadvisor2] [  restartedMain] com.zaxxer.hikari.HikariDataSource       : HikariPool-19 - Start completed.
2026-07-01T22:53:07.589+06:00  INFO 15424 --- [eduadvisor2] [  restartedMain] org.hibernate.orm.connections.pooling    : HHH10001005: Database info:
	Database JDBC URL [jdbc:h2:file:./data/studentadvicedb]
	Database driver: H2 JDBC Driver
	Database dialect: H2Dialect
	Database version: 2.4.240
	Default catalog/schema: STUDENTADVICEDB/PUBLIC
	Autocommit mode: undefined/unknown
	Isolation level: READ_COMMITTED [default READ_COMMITTED]
	JDBC fetch size: 100
	Pool: DataSourceConnectionProvider
	Minimum pool size: undefined/unknown
	Maximum pool size: undefined/unknown
2026-07-01T22:53:07.699+06:00  INFO 15424 --- [eduadvisor2] [  restartedMain] org.hibernate.orm.core                   : HHH000489: No JTA platform available (set 'hibernate.transaction.jta.platform' to enable JTA platform integration)
Hibernate: 
    alter table if exists discussions 
       alter column answer set data type TEXT
Hibernate: 
    alter table if exists discussions 
       alter column answer_image_base64 set data type TEXT
Hibernate: 
    alter table if exists discussions 
       alter column question set data type TEXT
Hibernate: 
    alter table if exists discussions 
       alter column question_image_base64 set data type TEXT
Hibernate: 
    alter table if exists exam_paper_images 
       alter column image_base64 set data type TEXT
Hibernate: 
    alter table if exists lost_found_reports 
       alter column coordinator_note set data type TEXT
Hibernate: 
    alter table if exists lost_found_reports 
       alter column description set data type TEXT
Hibernate: 
    alter table if exists lost_found_reports 
       alter column image_base64 set data type TEXT
Hibernate: 
    alter table if exists schedule_events 
       add column notified boolean not null
2026-07-01T22:53:07.713+06:00  WARN 15424 --- [eduadvisor2] [  restartedMain] o.h.t.s.i.ExceptionHandlerLoggedImpl     : GenerationTarget encountered exception accepting command : Error executing DDL "
    alter table if exists schedule_events 
       add column notified boolean not null" via JDBC [NULL not allowed for column "NOTIFIED";]

org.hibernate.tool.schema.spi.CommandAcceptanceException: Error executing DDL "
    alter table if exists schedule_events 
       add column notified boolean not null" via JDBC [NULL not allowed for column "NOTIFIED";]
	at org.hibernate.tool.schema.internal.exec.GenerationTargetToDatabase.accept(GenerationTargetToDatabase.java:81) ~[hibernate-core-7.2.12.Final.jar:7.2.12.Final]
	at org.hibernate.tool.schema.internal.AbstractSchemaMigrator.applySqlString(AbstractSchemaMigrator.java:566) ~[hibernate-core-7.2.12.Final.jar:7.2.12.Final]
	at org.hibernate.tool.schema.internal.AbstractSchemaMigrator.applySqlStrings(AbstractSchemaMigrator.java:506) ~[hibernate-core-7.2.12.Final.jar:7.2.12.Final]
	at org.hibernate.tool.schema.internal.AbstractSchemaMigrator.migrateTable(AbstractSchemaMigrator.java:324) ~[hibernate-core-7.2.12.Final.jar:7.2.12.Final]
	at org.hibernate.tool.schema.internal.GroupedSchemaMigratorImpl.performTablesMigration(GroupedSchemaMigratorImpl.java:84) ~[hibernate-core-7.2.12.Final.jar:7.2.12.Final]
	at org.hibernate.tool.schema.internal.AbstractSchemaMigrator.performMigration(AbstractSchemaMigrator.java:220) ~[hibernate-core-7.2.12.Final.jar:7.2.12.Final]
	at org.hibernate.tool.schema.internal.AbstractSchemaMigrator.doMigration(AbstractSchemaMigrator.java:96) ~[hibernate-core-7.2.12.Final.jar:7.2.12.Final]
	at org.hibernate.tool.schema.spi.SchemaManagementToolCoordinator.performDatabaseAction(SchemaManagementToolCoordinator.java:269) ~[hibernate-core-7.2.12.Final.jar:7.2.12.Final]
	at org.hibernate.tool.schema.spi.SchemaManagementToolCoordinator.lambda$process$1(SchemaManagementToolCoordinator.java:101) ~[hibernate-core-7.2.12.Final.jar:7.2.12.Final]
	at java.base/java.util.HashMap.forEach(HashMap.java:1430) ~[na:na]
	at org.hibernate.tool.schema.spi.SchemaManagementToolCoordinator.process(SchemaManagementToolCoordinator.java:100) ~[hibernate-core-7.2.12.Final.jar:7.2.12.Final]
	at org.hibernate.boot.internal.SessionFactoryObserverForSchemaExport.sessionFactoryCreated(SessionFactoryObserverForSchemaExport.java:35) ~[hibernate-core-7.2.12.Final.jar:7.2.12.Final]
	at org.hibernate.internal.SessionFactoryObserverChain.sessionFactoryCreated(SessionFactoryObserverChain.java:33) ~[hibernate-core-7.2.12.Final.jar:7.2.12.Final]
	at org.hibernate.internal.SessionFactoryImpl.<init>(SessionFactoryImpl.java:323) ~[hibernate-core-7.2.12.Final.jar:7.2.12.Final]
	at org.hibernate.internal.SessionFactoryRegistry.instantiateSessionFactory(SessionFactoryRegistry.java:64) ~[hibernate-core-7.2.12.Final.jar:7.2.12.Final]
	at org.hibernate.boot.internal.SessionFactoryBuilderImpl.build(SessionFactoryBuilderImpl.java:437) ~[hibernate-core-7.2.12.Final.jar:7.2.12.Final]
	at org.hibernate.jpa.boot.internal.EntityManagerFactoryBuilderImpl.build(EntityManagerFactoryBuilderImpl.java:1456) ~[hibernate-core-7.2.12.Final.jar:7.2.12.Final]
	at org.springframework.orm.jpa.vendor.SpringHibernateJpaPersistenceProvider.createContainerEntityManagerFactory(SpringHibernateJpaPersistenceProvider.java:93) ~[spring-orm-7.0.7.jar:7.0.7]
	at org.springframework.orm.jpa.LocalContainerEntityManagerFactoryBean.createNativeEntityManagerFactory(LocalContainerEntityManagerFactoryBean.java:443) ~[spring-orm-7.0.7.jar:7.0.7]
	at org.springframework.orm.jpa.AbstractEntityManagerFactoryBean.buildNativeEntityManagerFactory(AbstractEntityManagerFactoryBean.java:436) ~[spring-orm-7.0.7.jar:7.0.7]
	at org.springframework.orm.jpa.AbstractEntityManagerFactoryBean.afterPropertiesSet(AbstractEntityManagerFactoryBean.java:411) ~[spring-orm-7.0.7.jar:7.0.7]
	at org.springframework.orm.jpa.LocalContainerEntityManagerFactoryBean.afterPropertiesSet(LocalContainerEntityManagerFactoryBean.java:419) ~[spring-orm-7.0.7.jar:7.0.7]
	at org.springframework.beans.factory.support.AbstractAutowireCapableBeanFactory.invokeInitMethods(AbstractAutowireCapableBeanFactory.java:1864) ~[spring-beans-7.0.7.jar:7.0.7]
	at org.springframework.beans.factory.support.AbstractAutowireCapableBeanFactory.initializeBean(AbstractAutowireCapableBeanFactory.java:1813) ~[spring-beans-7.0.7.jar:7.0.7]
	at org.springframework.beans.factory.support.AbstractAutowireCapableBeanFactory.doCreateBean(AbstractAutowireCapableBeanFactory.java:603) ~[spring-beans-7.0.7.jar:7.0.7]
	at org.springframework.beans.factory.support.AbstractAutowireCapableBeanFactory.createBean(AbstractAutowireCapableBeanFactory.java:525) ~[spring-beans-7.0.7.jar:7.0.7]
	at org.springframework.beans.factory.support.AbstractBeanFactory.lambda$doGetBean$0(AbstractBeanFactory.java:333) ~[spring-beans-7.0.7.jar:7.0.7]
	at org.springframework.beans.factory.support.DefaultSingletonBeanRegistry.getSingleton(DefaultSingletonBeanRegistry.java:371) ~[spring-beans-7.0.7.jar:7.0.7]
	at org.springframework.beans.factory.support.AbstractBeanFactory.doGetBean(AbstractBeanFactory.java:331) ~[spring-beans-7.0.7.jar:7.0.7]
	at org.springframework.beans.factory.support.AbstractBeanFactory.getBean(AbstractBeanFactory.java:201) ~[spring-beans-7.0.7.jar:7.0.7]
	at org.springframework.context.support.AbstractApplicationContext.finishBeanFactoryInitialization(AbstractApplicationContext.java:977) ~[spring-context-7.0.7.jar:7.0.7]
	at org.springframework.context.support.AbstractApplicationContext.refresh(AbstractApplicationContext.java:621) ~[spring-context-7.0.7.jar:7.0.7]
	at org.springframework.boot.web.server.servlet.context.ServletWebServerApplicationContext.refresh(ServletWebServerApplicationContext.java:143) ~[spring-boot-web-server-4.0.6.jar:4.0.6]
	at org.springframework.boot.SpringApplication.refresh(SpringApplication.java:756) ~[spring-boot-4.0.6.jar:4.0.6]
	at org.springframework.boot.SpringApplication.refreshContext(SpringApplication.java:445) ~[spring-boot-4.0.6.jar:4.0.6]
	at org.springframework.boot.SpringApplication.run(SpringApplication.java:321) ~[spring-boot-4.0.6.jar:4.0.6]
	at org.springframework.boot.SpringApplication.run(SpringApplication.java:1365) ~[spring-boot-4.0.6.jar:4.0.6]
	at org.springframework.boot.SpringApplication.run(SpringApplication.java:1354) ~[spring-boot-4.0.6.jar:4.0.6]
	at com.example.eduadvisor2.Eduadvisor2Application.main(Eduadvisor2Application.java:12) ~[classes/:na]
	at java.base/jdk.internal.reflect.DirectMethodHandleAccessor.invoke(DirectMethodHandleAccessor.java:104) ~[na:na]
	at java.base/java.lang.reflect.Method.invoke(Method.java:565) ~[na:na]
	at org.springframework.boot.devtools.restart.RestartLauncher.run(RestartLauncher.java:52) ~[spring-boot-devtools-4.0.6.jar:4.0.6]
Caused by: org.h2.jdbc.JdbcSQLIntegrityConstraintViolationException: NULL not allowed for column "NOTIFIED"; SQL statement:
INSERT INTO "PUBLIC"."SCHEDULE_EVENTS_COPY_3_0"("ID", "CREATED_AT", "DATE", "STUDENT_ID", "TIME", "TITLE", "TYPE") OVERRIDING SYSTEM VALUE SELECT "ID", "CREATED_AT", "DATE", "STUDENT_ID", "TIME", "TITLE", "TYPE" FROM "PUBLIC"."SCHEDULE_EVENTS" [23502-240]
	at org.h2.message.DbException.getJdbcSQLException(DbException.java:520) ~[h2-2.4.240.jar:2.4.240]
	at org.h2.message.DbException.getJdbcSQLException(DbException.java:489) ~[h2-2.4.240.jar:2.4.240]
	at org.h2.message.DbException.get(DbException.java:223) ~[h2-2.4.240.jar:2.4.240]
	at org.h2.message.DbException.get(DbException.java:199) ~[h2-2.4.240.jar:2.4.240]
	at org.h2.table.Column.validateConvertUpdateSequence(Column.java:406) ~[h2-2.4.240.jar:2.4.240]
	at org.h2.table.Table.convertInsertRow(Table.java:948) ~[h2-2.4.240.jar:2.4.240]
	at org.h2.command.dml.Insert.addRow(Insert.java:229) ~[h2-2.4.240.jar:2.4.240]
	at org.h2.command.dml.Insert.insertRows(Insert.java:203) ~[h2-2.4.240.jar:2.4.240]
	at org.h2.command.dml.Insert.update(Insert.java:135) ~[h2-2.4.240.jar:2.4.240]
	at org.h2.command.dml.DataChangeStatement.update(DataChangeStatement.java:77) ~[h2-2.4.240.jar:2.4.240]
	at org.h2.command.CommandContainer.update(CommandContainer.java:139) ~[h2-2.4.240.jar:2.4.240]
	at org.h2.command.Command.executeUpdate(Command.java:306) ~[h2-2.4.240.jar:2.4.240]
	at org.h2.command.Command.executeUpdate(Command.java:250) ~[h2-2.4.240.jar:2.4.240]
	at org.h2.command.ddl.AlterTableAlterColumn.execute(AlterTableAlterColumn.java:648) ~[h2-2.4.240.jar:2.4.240]
	at org.h2.command.ddl.AlterTableAlterColumn.cloneTableStructure(AlterTableAlterColumn.java:560) ~[h2-2.4.240.jar:2.4.240]
	at org.h2.command.ddl.AlterTableAlterColumn.copyData(AlterTableAlterColumn.java:343) ~[h2-2.4.240.jar:2.4.240]
	at org.h2.command.ddl.AlterTableAlterColumn.update(AlterTableAlterColumn.java:244) ~[h2-2.4.240.jar:2.4.240]
	at org.h2.command.CommandContainer.update(CommandContainer.java:139) ~[h2-2.4.240.jar:2.4.240]
	at org.h2.command.Command.executeUpdate(Command.java:306) ~[h2-2.4.240.jar:2.4.240]
	at org.h2.command.Command.executeUpdate(Command.java:250) ~[h2-2.4.240.jar:2.4.240]
	at org.h2.jdbc.JdbcStatement.executeInternal(JdbcStatement.java:262) ~[h2-2.4.240.jar:2.4.240]
	at org.h2.jdbc.JdbcStatement.execute(JdbcStatement.java:231) ~[h2-2.4.240.jar:2.4.240]
	at com.zaxxer.hikari.pool.ProxyStatement.execute(ProxyStatement.java:95) ~[HikariCP-7.0.2.jar:na]
	at com.zaxxer.hikari.pool.HikariProxyStatement.execute(HikariProxyStatement.java) ~[HikariCP-7.0.2.jar:na]
	at org.hibernate.tool.schema.internal.exec.GenerationTargetToDatabase.accept(GenerationTargetToDatabase.java:76) ~[hibernate-core-7.2.12.Final.jar:7.2.12.Final]
	... 41 common frames omitted

2026-07-01T22:53:07.716+06:00  INFO 15424 --- [eduadvisor2] [  restartedMain] j.LocalContainerEntityManagerFactoryBean : Initialized JPA EntityManagerFactory for persistence unit 'default'
2026-07-01T22:53:07.866+06:00  INFO 15424 --- [eduadvisor2] [  restartedMain] o.s.b.w.a.WelcomePageHandlerMapping      : Adding welcome page template: index
2026-07-01T22:53:07.952+06:00  INFO 15424 --- [eduadvisor2] [  restartedMain] o.s.b.a.e.web.EndpointLinksResolver      : Exposing 1 endpoint beneath base path '/actuator'
2026-07-01T22:53:07.969+06:00  INFO 15424 --- [eduadvisor2] [  restartedMain] o.s.boot.tomcat.TomcatWebServer          : Tomcat started on port 8081 (http) with context path '/'
2026-07-01T22:53:07.972+06:00  INFO 15424 --- [eduadvisor2] [  restartedMain] c.e.eduadvisor2.Eduadvisor2Application   : Started Eduadvisor2Application in 0.755 seconds (process running for 12379.247)
Hibernate: 
    select
        count(*) 
    from
        students s1_0
Hibernate: 
    select
        count(*) 
    from
        teachers t1_0
Hibernate: 
    select
        count(*) 
    from
        courses c1_0
Hibernate: 
    select
        count(*) 
    from
        enrollments e1_0
Hibernate: 
    select
        t1_0.id,
        t1_0.coordinator,
        t1_0.department,
        t1_0.designation,
        t1_0.email,
        t1_0.name,
        t1_0.password,
        t1_0.photo,
        t1_0.photo_type,
        t1_0.teacher_id 
    from
        teachers t1_0 
    where
        t1_0.teacher_id=?
Hibernate: 
    select
        t1_0.id,
        t1_0.coordinator,
        t1_0.department,
        t1_0.designation,
        t1_0.email,
        t1_0.name,
        t1_0.password,
        t1_0.photo,
        t1_0.photo_type,
        t1_0.teacher_id 
    from
        teachers t1_0 
    where
        t1_0.teacher_id=?
Hibernate: 
    select
        t1_0.id,
        t1_0.coordinator,
        t1_0.department,
        t1_0.designation,
        t1_0.email,
        t1_0.name,
        t1_0.password,
        t1_0.photo,
        t1_0.photo_type,
        t1_0.teacher_id 
    from
        teachers t1_0 
    where
        t1_0.teacher_id=?
2026-07-01T22:53:08.004+06:00  INFO 15424 --- [eduadvisor2] [  restartedMain] .ConditionEvaluationDeltaLoggingListener : Condition evaluation unchanged
2026-07-01T22:53:14.506+06:00  INFO 15424 --- [eduadvisor2] [   File Watcher] rtingClassPathChangeChangedEventListener : Restarting due to 1 class path change (0 additions, 0 deletions, 1 modification)
2026-07-01T22:53:14.508+06:00  INFO 15424 --- [eduadvisor2] [      Thread-73] o.s.boot.tomcat.GracefulShutdown         : Commencing graceful shutdown. Waiting for active requests to complete
2026-07-01T22:53:14.517+06:00  INFO 15424 --- [eduadvisor2] [tomcat-shutdown] o.s.boot.tomcat.GracefulShutdown         : Graceful shutdown complete
2026-07-01T22:53:14.520+06:00  INFO 15424 --- [eduadvisor2] [      Thread-73] j.LocalContainerEntityManagerFactoryBean : Closing JPA EntityManagerFactory for persistence unit 'default'
2026-07-01T22:53:14.520+06:00  INFO 15424 --- [eduadvisor2] [      Thread-73] com.zaxxer.hikari.HikariDataSource       : HikariPool-19 - Shutdown initiated...
2026-07-01T22:53:14.549+06:00  INFO 15424 --- [eduadvisor2] [      Thread-73] com.zaxxer.hikari.HikariDataSource       : HikariPool-19 - Shutdown completed.

  .   ____          _            __ _ _
 /\\ / ___'_ __ _ _(_)_ __  __ _ \ \ \ \
( ( )\___ | '_ | '_| | '_ \/ _` | \ \ \ \
 \\/  ___)| |_)| | | | | || (_| |  ) ) ) )
  '  |____| .__|_| |_|_| |_\__, | / / / /
 =========|_|==============|___/=/_/_/_/

 :: Spring Boot ::                (v4.0.6)

2026-07-01T22:53:14.654+06:00  INFO 15424 --- [eduadvisor2] [  restartedMain] c.e.eduadvisor2.Eduadvisor2Application   : Starting Eduadvisor2Application using Java 25.0.2 with PID 15424 (D:\OOp_EduAdvisor\eduadvisor2\target\classes started by Windows in D:\OOp_EduAdvisor\eduadvisor2)
2026-07-01T22:53:14.655+06:00  INFO 15424 --- [eduadvisor2] [  restartedMain] c.e.eduadvisor2.Eduadvisor2Application   : No active profile set, falling back to 1 default profile: "default"
2026-07-01T22:53:14.860+06:00  INFO 15424 --- [eduadvisor2] [  restartedMain] .s.d.r.c.RepositoryConfigurationDelegate : Bootstrapping Spring Data JPA repositories in DEFAULT mode.
2026-07-01T22:53:14.882+06:00  INFO 15424 --- [eduadvisor2] [  restartedMain] .s.d.r.c.RepositoryConfigurationDelegate : Finished Spring Data repository scanning in 19 ms. Found 13 JPA repository interfaces.
2026-07-01T22:53:14.969+06:00  INFO 15424 --- [eduadvisor2] [  restartedMain] o.s.boot.tomcat.TomcatWebServer          : Tomcat initialized with port 8081 (http)
2026-07-01T22:53:14.970+06:00  INFO 15424 --- [eduadvisor2] [  restartedMain] o.apache.catalina.core.StandardService   : Starting service [Tomcat]
2026-07-01T22:53:14.970+06:00  INFO 15424 --- [eduadvisor2] [  restartedMain] o.apache.catalina.core.StandardEngine    : Starting Servlet engine: [Apache Tomcat/11.0.21]
2026-07-01T22:53:14.988+06:00  INFO 15424 --- [eduadvisor2] [  restartedMain] b.w.c.s.WebApplicationContextInitializer : Root WebApplicationContext: initialization completed in 332 ms
2026-07-01T22:53:15.049+06:00  INFO 15424 --- [eduadvisor2] [  restartedMain] org.hibernate.orm.jpa                    : HHH008540: Processing PersistenceUnitInfo [name: default]
2026-07-01T22:53:15.070+06:00  INFO 15424 --- [eduadvisor2] [  restartedMain] o.s.o.j.p.SpringPersistenceUnitInfo      : No LoadTimeWeaver setup: ignoring JPA class transformer
2026-07-01T22:53:15.071+06:00  INFO 15424 --- [eduadvisor2] [  restartedMain] com.zaxxer.hikari.HikariDataSource       : HikariPool-20 - Starting...
2026-07-01T22:53:15.090+06:00  INFO 15424 --- [eduadvisor2] [  restartedMain] com.zaxxer.hikari.pool.HikariPool        : HikariPool-20 - Added connection conn221: url=jdbc:h2:file:./data/studentadvicedb user=SA
2026-07-01T22:53:15.091+06:00  INFO 15424 --- [eduadvisor2] [  restartedMain] com.zaxxer.hikari.HikariDataSource       : HikariPool-20 - Start completed.
2026-07-01T22:53:15.091+06:00  INFO 15424 --- [eduadvisor2] [  restartedMain] org.hibernate.orm.connections.pooling    : HHH10001005: Database info:
	Database JDBC URL [jdbc:h2:file:./data/studentadvicedb]
	Database driver: H2 JDBC Driver
	Database dialect: H2Dialect
	Database version: 2.4.240
	Default catalog/schema: STUDENTADVICEDB/PUBLIC
	Autocommit mode: undefined/unknown
	Isolation level: READ_COMMITTED [default READ_COMMITTED]
	JDBC fetch size: 100
	Pool: DataSourceConnectionProvider
	Minimum pool size: undefined/unknown
	Maximum pool size: undefined/unknown
2026-07-01T22:53:15.219+06:00  INFO 15424 --- [eduadvisor2] [  restartedMain] org.hibernate.orm.core                   : HHH000489: No JTA platform available (set 'hibernate.transaction.jta.platform' to enable JTA platform integration)
Hibernate: 
    alter table if exists discussions 
       alter column answer set data type TEXT
Hibernate: 
    alter table if exists discussions 
       alter column answer_image_base64 set data type TEXT
Hibernate: 
    alter table if exists discussions 
       alter column question set data type TEXT
Hibernate: 
    alter table if exists discussions 
       alter column question_image_base64 set data type TEXT
Hibernate: 
    alter table if exists exam_paper_images 
       alter column image_base64 set data type TEXT
Hibernate: 
    alter table if exists lost_found_reports 
       alter column coordinator_note set data type TEXT
Hibernate: 
    alter table if exists lost_found_reports 
       alter column description set data type TEXT
Hibernate: 
    alter table if exists lost_found_reports 
       alter column image_base64 set data type TEXT
Hibernate: 
    alter table if exists schedule_events 
       add column notified boolean not null
2026-07-01T22:53:15.228+06:00  WARN 15424 --- [eduadvisor2] [  restartedMain] o.h.t.s.i.ExceptionHandlerLoggedImpl     : GenerationTarget encountered exception accepting command : Error executing DDL "
    alter table if exists schedule_events 
       add column notified boolean not null" via JDBC [NULL not allowed for column "NOTIFIED";]

org.hibernate.tool.schema.spi.CommandAcceptanceException: Error executing DDL "
    alter table if exists schedule_events 
       add column notified boolean not null" via JDBC [NULL not allowed for column "NOTIFIED";]
	at org.hibernate.tool.schema.internal.exec.GenerationTargetToDatabase.accept(GenerationTargetToDatabase.java:81) ~[hibernate-core-7.2.12.Final.jar:7.2.12.Final]
	at org.hibernate.tool.schema.internal.AbstractSchemaMigrator.applySqlString(AbstractSchemaMigrator.java:566) ~[hibernate-core-7.2.12.Final.jar:7.2.12.Final]
	at org.hibernate.tool.schema.internal.AbstractSchemaMigrator.applySqlStrings(AbstractSchemaMigrator.java:506) ~[hibernate-core-7.2.12.Final.jar:7.2.12.Final]
	at org.hibernate.tool.schema.internal.AbstractSchemaMigrator.migrateTable(AbstractSchemaMigrator.java:324) ~[hibernate-core-7.2.12.Final.jar:7.2.12.Final]
	at org.hibernate.tool.schema.internal.GroupedSchemaMigratorImpl.performTablesMigration(GroupedSchemaMigratorImpl.java:84) ~[hibernate-core-7.2.12.Final.jar:7.2.12.Final]
	at org.hibernate.tool.schema.internal.AbstractSchemaMigrator.performMigration(AbstractSchemaMigrator.java:220) ~[hibernate-core-7.2.12.Final.jar:7.2.12.Final]
	at org.hibernate.tool.schema.internal.AbstractSchemaMigrator.doMigration(AbstractSchemaMigrator.java:96) ~[hibernate-core-7.2.12.Final.jar:7.2.12.Final]
	at org.hibernate.tool.schema.spi.SchemaManagementToolCoordinator.performDatabaseAction(SchemaManagementToolCoordinator.java:269) ~[hibernate-core-7.2.12.Final.jar:7.2.12.Final]
	at org.hibernate.tool.schema.spi.SchemaManagementToolCoordinator.lambda$process$1(SchemaManagementToolCoordinator.java:101) ~[hibernate-core-7.2.12.Final.jar:7.2.12.Final]
	at java.base/java.util.HashMap.forEach(HashMap.java:1430) ~[na:na]
	at org.hibernate.tool.schema.spi.SchemaManagementToolCoordinator.process(SchemaManagementToolCoordinator.java:100) ~[hibernate-core-7.2.12.Final.jar:7.2.12.Final]
	at org.hibernate.boot.internal.SessionFactoryObserverForSchemaExport.sessionFactoryCreated(SessionFactoryObserverForSchemaExport.java:35) ~[hibernate-core-7.2.12.Final.jar:7.2.12.Final]
	at org.hibernate.internal.SessionFactoryObserverChain.sessionFactoryCreated(SessionFactoryObserverChain.java:33) ~[hibernate-core-7.2.12.Final.jar:7.2.12.Final]
	at org.hibernate.internal.SessionFactoryImpl.<init>(SessionFactoryImpl.java:323) ~[hibernate-core-7.2.12.Final.jar:7.2.12.Final]
	at org.hibernate.internal.SessionFactoryRegistry.instantiateSessionFactory(SessionFactoryRegistry.java:64) ~[hibernate-core-7.2.12.Final.jar:7.2.12.Final]
	at org.hibernate.boot.internal.SessionFactoryBuilderImpl.build(SessionFactoryBuilderImpl.java:437) ~[hibernate-core-7.2.12.Final.jar:7.2.12.Final]
	at org.hibernate.jpa.boot.internal.EntityManagerFactoryBuilderImpl.build(EntityManagerFactoryBuilderImpl.java:1456) ~[hibernate-core-7.2.12.Final.jar:7.2.12.Final]
	at org.springframework.orm.jpa.vendor.SpringHibernateJpaPersistenceProvider.createContainerEntityManagerFactory(SpringHibernateJpaPersistenceProvider.java:93) ~[spring-orm-7.0.7.jar:7.0.7]
	at org.springframework.orm.jpa.LocalContainerEntityManagerFactoryBean.createNativeEntityManagerFactory(LocalContainerEntityManagerFactoryBean.java:443) ~[spring-orm-7.0.7.jar:7.0.7]
	at org.springframework.orm.jpa.AbstractEntityManagerFactoryBean.buildNativeEntityManagerFactory(AbstractEntityManagerFactoryBean.java:436) ~[spring-orm-7.0.7.jar:7.0.7]
	at org.springframework.orm.jpa.AbstractEntityManagerFactoryBean.afterPropertiesSet(AbstractEntityManagerFactoryBean.java:411) ~[spring-orm-7.0.7.jar:7.0.7]
	at org.springframework.orm.jpa.LocalContainerEntityManagerFactoryBean.afterPropertiesSet(LocalContainerEntityManagerFactoryBean.java:419) ~[spring-orm-7.0.7.jar:7.0.7]
	at org.springframework.beans.factory.support.AbstractAutowireCapableBeanFactory.invokeInitMethods(AbstractAutowireCapableBeanFactory.java:1864) ~[spring-beans-7.0.7.jar:7.0.7]
	at org.springframework.beans.factory.support.AbstractAutowireCapableBeanFactory.initializeBean(AbstractAutowireCapableBeanFactory.java:1813) ~[spring-beans-7.0.7.jar:7.0.7]
	at org.springframework.beans.factory.support.AbstractAutowireCapableBeanFactory.doCreateBean(AbstractAutowireCapableBeanFactory.java:603) ~[spring-beans-7.0.7.jar:7.0.7]
	at org.springframework.beans.factory.support.AbstractAutowireCapableBeanFactory.createBean(AbstractAutowireCapableBeanFactory.java:525) ~[spring-beans-7.0.7.jar:7.0.7]
	at org.springframework.beans.factory.support.AbstractBeanFactory.lambda$doGetBean$0(AbstractBeanFactory.java:333) ~[spring-beans-7.0.7.jar:7.0.7]
	at org.springframework.beans.factory.support.DefaultSingletonBeanRegistry.getSingleton(DefaultSingletonBeanRegistry.java:371) ~[spring-beans-7.0.7.jar:7.0.7]
	at org.springframework.beans.factory.support.AbstractBeanFactory.doGetBean(AbstractBeanFactory.java:331) ~[spring-beans-7.0.7.jar:7.0.7]
	at org.springframework.beans.factory.support.AbstractBeanFactory.getBean(AbstractBeanFactory.java:201) ~[spring-beans-7.0.7.jar:7.0.7]
	at org.springframework.context.support.AbstractApplicationContext.finishBeanFactoryInitialization(AbstractApplicationContext.java:977) ~[spring-context-7.0.7.jar:7.0.7]
	at org.springframework.context.support.AbstractApplicationContext.refresh(AbstractApplicationContext.java:621) ~[spring-context-7.0.7.jar:7.0.7]
	at org.springframework.boot.web.server.servlet.context.ServletWebServerApplicationContext.refresh(ServletWebServerApplicationContext.java:143) ~[spring-boot-web-server-4.0.6.jar:4.0.6]
	at org.springframework.boot.SpringApplication.refresh(SpringApplication.java:756) ~[spring-boot-4.0.6.jar:4.0.6]
	at org.springframework.boot.SpringApplication.refreshContext(SpringApplication.java:445) ~[spring-boot-4.0.6.jar:4.0.6]
	at org.springframework.boot.SpringApplication.run(SpringApplication.java:321) ~[spring-boot-4.0.6.jar:4.0.6]
	at org.springframework.boot.SpringApplication.run(SpringApplication.java:1365) ~[spring-boot-4.0.6.jar:4.0.6]
	at org.springframework.boot.SpringApplication.run(SpringApplication.java:1354) ~[spring-boot-4.0.6.jar:4.0.6]
	at com.example.eduadvisor2.Eduadvisor2Application.main(Eduadvisor2Application.java:12) ~[classes/:na]
	at java.base/jdk.internal.reflect.DirectMethodHandleAccessor.invoke(DirectMethodHandleAccessor.java:104) ~[na:na]
	at java.base/java.lang.reflect.Method.invoke(Method.java:565) ~[na:na]
	at org.springframework.boot.devtools.restart.RestartLauncher.run(RestartLauncher.java:52) ~[spring-boot-devtools-4.0.6.jar:4.0.6]
Caused by: org.h2.jdbc.JdbcSQLIntegrityConstraintViolationException: NULL not allowed for column "NOTIFIED"; SQL statement:
INSERT INTO "PUBLIC"."SCHEDULE_EVENTS_COPY_3_0"("ID", "CREATED_AT", "DATE", "STUDENT_ID", "TIME", "TITLE", "TYPE") OVERRIDING SYSTEM VALUE SELECT "ID", "CREATED_AT", "DATE", "STUDENT_ID", "TIME", "TITLE", "TYPE" FROM "PUBLIC"."SCHEDULE_EVENTS" [23502-240]
	at org.h2.message.DbException.getJdbcSQLException(DbException.java:520) ~[h2-2.4.240.jar:2.4.240]
	at org.h2.message.DbException.getJdbcSQLException(DbException.java:489) ~[h2-2.4.240.jar:2.4.240]
	at org.h2.message.DbException.get(DbException.java:223) ~[h2-2.4.240.jar:2.4.240]
	at org.h2.message.DbException.get(DbException.java:199) ~[h2-2.4.240.jar:2.4.240]
	at org.h2.table.Column.validateConvertUpdateSequence(Column.java:406) ~[h2-2.4.240.jar:2.4.240]
	at org.h2.table.Table.convertInsertRow(Table.java:948) ~[h2-2.4.240.jar:2.4.240]
	at org.h2.command.dml.Insert.addRow(Insert.java:229) ~[h2-2.4.240.jar:2.4.240]
	at org.h2.command.dml.Insert.insertRows(Insert.java:203) ~[h2-2.4.240.jar:2.4.240]
	at org.h2.command.dml.Insert.update(Insert.java:135) ~[h2-2.4.240.jar:2.4.240]
	at org.h2.command.dml.DataChangeStatement.update(DataChangeStatement.java:77) ~[h2-2.4.240.jar:2.4.240]
	at org.h2.command.CommandContainer.update(CommandContainer.java:139) ~[h2-2.4.240.jar:2.4.240]
	at org.h2.command.Command.executeUpdate(Command.java:306) ~[h2-2.4.240.jar:2.4.240]
	at org.h2.command.Command.executeUpdate(Command.java:250) ~[h2-2.4.240.jar:2.4.240]
	at org.h2.command.ddl.AlterTableAlterColumn.execute(AlterTableAlterColumn.java:648) ~[h2-2.4.240.jar:2.4.240]
	at org.h2.command.ddl.AlterTableAlterColumn.cloneTableStructure(AlterTableAlterColumn.java:560) ~[h2-2.4.240.jar:2.4.240]
	at org.h2.command.ddl.AlterTableAlterColumn.copyData(AlterTableAlterColumn.java:343) ~[h2-2.4.240.jar:2.4.240]
	at org.h2.command.ddl.AlterTableAlterColumn.update(AlterTableAlterColumn.java:244) ~[h2-2.4.240.jar:2.4.240]
	at org.h2.command.CommandContainer.update(CommandContainer.java:139) ~[h2-2.4.240.jar:2.4.240]
	at org.h2.command.Command.executeUpdate(Command.java:306) ~[h2-2.4.240.jar:2.4.240]
	at org.h2.command.Command.executeUpdate(Command.java:250) ~[h2-2.4.240.jar:2.4.240]
	at org.h2.jdbc.JdbcStatement.executeInternal(JdbcStatement.java:262) ~[h2-2.4.240.jar:2.4.240]
	at org.h2.jdbc.JdbcStatement.execute(JdbcStatement.java:231) ~[h2-2.4.240.jar:2.4.240]
	at com.zaxxer.hikari.pool.ProxyStatement.execute(ProxyStatement.java:95) ~[HikariCP-7.0.2.jar:na]
	at com.zaxxer.hikari.pool.HikariProxyStatement.execute(HikariProxyStatement.java) ~[HikariCP-7.0.2.jar:na]
	at org.hibernate.tool.schema.internal.exec.GenerationTargetToDatabase.accept(GenerationTargetToDatabase.java:76) ~[hibernate-core-7.2.12.Final.jar:7.2.12.Final]
	... 41 common frames omitted

2026-07-01T22:53:15.231+06:00  INFO 15424 --- [eduadvisor2] [  restartedMain] j.LocalContainerEntityManagerFactoryBean : Initialized JPA EntityManagerFactory for persistence unit 'default'
2026-07-01T22:53:15.408+06:00  INFO 15424 --- [eduadvisor2] [  restartedMain] o.s.b.w.a.WelcomePageHandlerMapping      : Adding welcome page template: index
2026-07-01T22:53:15.489+06:00  INFO 15424 --- [eduadvisor2] [  restartedMain] o.s.b.a.e.web.EndpointLinksResolver      : Exposing 1 endpoint beneath base path '/actuator'
2026-07-01T22:53:15.514+06:00  INFO 15424 --- [eduadvisor2] [  restartedMain] o.s.boot.tomcat.TomcatWebServer          : Tomcat started on port 8081 (http) with context path '/'
2026-07-01T22:53:15.518+06:00  INFO 15424 --- [eduadvisor2] [  restartedMain] c.e.eduadvisor2.Eduadvisor2Application   : Started Eduadvisor2Application in 0.881 seconds (process running for 12386.793)
Hibernate: 
    select
        count(*) 
    from
        students s1_0
Hibernate: 
    select
        count(*) 
    from
        teachers t1_0
Hibernate: 
    select
        count(*) 
    from
        courses c1_0
Hibernate: 
    select
        count(*) 
    from
        enrollments e1_0
Hibernate: 
    select
        t1_0.id,
        t1_0.coordinator,
        t1_0.department,
        t1_0.designation,
        t1_0.email,
        t1_0.name,
        t1_0.password,
        t1_0.photo,
        t1_0.photo_type,
        t1_0.teacher_id 
    from
        teachers t1_0 
    where
        t1_0.teacher_id=?
Hibernate: 
    select
        t1_0.id,
        t1_0.coordinator,
        t1_0.department,
        t1_0.designation,
        t1_0.email,
        t1_0.name,
        t1_0.password,
        t1_0.photo,
        t1_0.photo_type,
        t1_0.teacher_id 
    from
        teachers t1_0 
    where
        t1_0.teacher_id=?
Hibernate: 
    select
        t1_0.id,
        t1_0.coordinator,
        t1_0.department,
        t1_0.designation,
        t1_0.email,
        t1_0.name,
        t1_0.password,
        t1_0.photo,
        t1_0.photo_type,
        t1_0.teacher_id 
    from
        teachers t1_0 
    where
        t1_0.teacher_id=?
2026-07-01T22:53:15.551+06:00  INFO 15424 --- [eduadvisor2] [  restartedMain] .ConditionEvaluationDeltaLoggingListener : Condition evaluation unchanged
2026-07-01T22:53:20.989+06:00  INFO 15424 --- [eduadvisor2] [   File Watcher] rtingClassPathChangeChangedEventListener : Restarting due to 1 class path change (0 additions, 0 deletions, 1 modification)
2026-07-01T22:53:20.993+06:00  INFO 15424 --- [eduadvisor2] [      Thread-77] o.s.boot.tomcat.GracefulShutdown         : Commencing graceful shutdown. Waiting for active requests to complete
2026-07-01T22:53:21.003+06:00  INFO 15424 --- [eduadvisor2] [tomcat-shutdown] o.s.boot.tomcat.GracefulShutdown         : Graceful shutdown complete
2026-07-01T22:53:21.006+06:00  INFO 15424 --- [eduadvisor2] [      Thread-77] j.LocalContainerEntityManagerFactoryBean : Closing JPA EntityManagerFactory for persistence unit 'default'
2026-07-01T22:53:21.007+06:00  INFO 15424 --- [eduadvisor2] [      Thread-77] com.zaxxer.hikari.HikariDataSource       : HikariPool-20 - Shutdown initiated...
2026-07-01T22:53:21.027+06:00  INFO 15424 --- [eduadvisor2] [      Thread-77] com.zaxxer.hikari.HikariDataSource       : HikariPool-20 - Shutdown completed.

  .   ____          _            __ _ _
 /\\ / ___'_ __ _ _(_)_ __  __ _ \ \ \ \
( ( )\___ | '_ | '_| | '_ \/ _` | \ \ \ \
 \\/  ___)| |_)| | | | | || (_| |  ) ) ) )
  '  |____| .__|_| |_|_| |_\__, | / / / /
 =========|_|==============|___/=/_/_/_/

 :: Spring Boot ::                (v4.0.6)

2026-07-01T22:53:21.123+06:00  INFO 15424 --- [eduadvisor2] [  restartedMain] c.e.eduadvisor2.Eduadvisor2Application   : Starting Eduadvisor2Application using Java 25.0.2 with PID 15424 (D:\OOp_EduAdvisor\eduadvisor2\target\classes started by Windows in D:\OOp_EduAdvisor\eduadvisor2)
2026-07-01T22:53:21.124+06:00  INFO 15424 --- [eduadvisor2] [  restartedMain] c.e.eduadvisor2.Eduadvisor2Application   : No active profile set, falling back to 1 default profile: "default"
2026-07-01T22:53:21.288+06:00  INFO 15424 --- [eduadvisor2] [  restartedMain] .s.d.r.c.RepositoryConfigurationDelegate : Bootstrapping Spring Data JPA repositories in DEFAULT mode.
2026-07-01T22:53:21.309+06:00  INFO 15424 --- [eduadvisor2] [  restartedMain] .s.d.r.c.RepositoryConfigurationDelegate : Finished Spring Data repository scanning in 19 ms. Found 13 JPA repository interfaces.
2026-07-01T22:53:21.384+06:00  INFO 15424 --- [eduadvisor2] [  restartedMain] o.s.boot.tomcat.TomcatWebServer          : Tomcat initialized with port 8081 (http)
2026-07-01T22:53:21.385+06:00  INFO 15424 --- [eduadvisor2] [  restartedMain] o.apache.catalina.core.StandardService   : Starting service [Tomcat]
2026-07-01T22:53:21.385+06:00  INFO 15424 --- [eduadvisor2] [  restartedMain] o.apache.catalina.core.StandardEngine    : Starting Servlet engine: [Apache Tomcat/11.0.21]
2026-07-01T22:53:21.402+06:00  INFO 15424 --- [eduadvisor2] [  restartedMain] b.w.c.s.WebApplicationContextInitializer : Root WebApplicationContext: initialization completed in 277 ms
2026-07-01T22:53:21.445+06:00  INFO 15424 --- [eduadvisor2] [  restartedMain] org.hibernate.orm.jpa                    : HHH008540: Processing PersistenceUnitInfo [name: default]
2026-07-01T22:53:21.474+06:00  INFO 15424 --- [eduadvisor2] [  restartedMain] o.s.o.j.p.SpringPersistenceUnitInfo      : No LoadTimeWeaver setup: ignoring JPA class transformer
2026-07-01T22:53:21.476+06:00  INFO 15424 --- [eduadvisor2] [  restartedMain] com.zaxxer.hikari.HikariDataSource       : HikariPool-21 - Starting...
2026-07-01T22:53:21.491+06:00  INFO 15424 --- [eduadvisor2] [  restartedMain] com.zaxxer.hikari.pool.HikariPool        : HikariPool-21 - Added connection conn231: url=jdbc:h2:file:./data/studentadvicedb user=SA
2026-07-01T22:53:21.492+06:00  INFO 15424 --- [eduadvisor2] [  restartedMain] com.zaxxer.hikari.HikariDataSource       : HikariPool-21 - Start completed.
2026-07-01T22:53:21.492+06:00  INFO 15424 --- [eduadvisor2] [  restartedMain] org.hibernate.orm.connections.pooling    : HHH10001005: Database info:
	Database JDBC URL [jdbc:h2:file:./data/studentadvicedb]
	Database driver: H2 JDBC Driver
	Database dialect: H2Dialect
	Database version: 2.4.240
	Default catalog/schema: STUDENTADVICEDB/PUBLIC
	Autocommit mode: undefined/unknown
	Isolation level: READ_COMMITTED [default READ_COMMITTED]
	JDBC fetch size: 100
	Pool: DataSourceConnectionProvider
	Minimum pool size: undefined/unknown
	Maximum pool size: undefined/unknown
2026-07-01T22:53:21.604+06:00  INFO 15424 --- [eduadvisor2] [  restartedMain] org.hibernate.orm.core                   : HHH000489: No JTA platform available (set 'hibernate.transaction.jta.platform' to enable JTA platform integration)
Hibernate: 
    alter table if exists discussions 
       alter column answer set data type TEXT
Hibernate: 
    alter table if exists discussions 
       alter column answer_image_base64 set data type TEXT
Hibernate: 
    alter table if exists discussions 
       alter column question set data type TEXT
Hibernate: 
    alter table if exists discussions 
       alter column question_image_base64 set data type TEXT
Hibernate: 
    alter table if exists exam_paper_images 
       alter column image_base64 set data type TEXT
Hibernate: 
    alter table if exists lost_found_reports 
       alter column coordinator_note set data type TEXT
Hibernate: 
    alter table if exists lost_found_reports 
       alter column description set data type TEXT
Hibernate: 
    alter table if exists lost_found_reports 
       alter column image_base64 set data type TEXT
Hibernate: 
    alter table if exists schedule_events 
       add column notified boolean not null
2026-07-01T22:53:21.610+06:00  WARN 15424 --- [eduadvisor2] [  restartedMain] o.h.t.s.i.ExceptionHandlerLoggedImpl     : GenerationTarget encountered exception accepting command : Error executing DDL "
    alter table if exists schedule_events 
       add column notified boolean not null" via JDBC [NULL not allowed for column "NOTIFIED";]

org.hibernate.tool.schema.spi.CommandAcceptanceException: Error executing DDL "
    alter table if exists schedule_events 
       add column notified boolean not null" via JDBC [NULL not allowed for column "NOTIFIED";]
	at org.hibernate.tool.schema.internal.exec.GenerationTargetToDatabase.accept(GenerationTargetToDatabase.java:81) ~[hibernate-core-7.2.12.Final.jar:7.2.12.Final]
	at org.hibernate.tool.schema.internal.AbstractSchemaMigrator.applySqlString(AbstractSchemaMigrator.java:566) ~[hibernate-core-7.2.12.Final.jar:7.2.12.Final]
	at org.hibernate.tool.schema.internal.AbstractSchemaMigrator.applySqlStrings(AbstractSchemaMigrator.java:506) ~[hibernate-core-7.2.12.Final.jar:7.2.12.Final]
	at org.hibernate.tool.schema.internal.AbstractSchemaMigrator.migrateTable(AbstractSchemaMigrator.java:324) ~[hibernate-core-7.2.12.Final.jar:7.2.12.Final]
	at org.hibernate.tool.schema.internal.GroupedSchemaMigratorImpl.performTablesMigration(GroupedSchemaMigratorImpl.java:84) ~[hibernate-core-7.2.12.Final.jar:7.2.12.Final]
	at org.hibernate.tool.schema.internal.AbstractSchemaMigrator.performMigration(AbstractSchemaMigrator.java:220) ~[hibernate-core-7.2.12.Final.jar:7.2.12.Final]
	at org.hibernate.tool.schema.internal.AbstractSchemaMigrator.doMigration(AbstractSchemaMigrator.java:96) ~[hibernate-core-7.2.12.Final.jar:7.2.12.Final]
	at org.hibernate.tool.schema.spi.SchemaManagementToolCoordinator.performDatabaseAction(SchemaManagementToolCoordinator.java:269) ~[hibernate-core-7.2.12.Final.jar:7.2.12.Final]
	at org.hibernate.tool.schema.spi.SchemaManagementToolCoordinator.lambda$process$1(SchemaManagementToolCoordinator.java:101) ~[hibernate-core-7.2.12.Final.jar:7.2.12.Final]
	at java.base/java.util.HashMap.forEach(HashMap.java:1430) ~[na:na]
	at org.hibernate.tool.schema.spi.SchemaManagementToolCoordinator.process(SchemaManagementToolCoordinator.java:100) ~[hibernate-core-7.2.12.Final.jar:7.2.12.Final]
	at org.hibernate.boot.internal.SessionFactoryObserverForSchemaExport.sessionFactoryCreated(SessionFactoryObserverForSchemaExport.java:35) ~[hibernate-core-7.2.12.Final.jar:7.2.12.Final]
	at org.hibernate.internal.SessionFactoryObserverChain.sessionFactoryCreated(SessionFactoryObserverChain.java:33) ~[hibernate-core-7.2.12.Final.jar:7.2.12.Final]
	at org.hibernate.internal.SessionFactoryImpl.<init>(SessionFactoryImpl.java:323) ~[hibernate-core-7.2.12.Final.jar:7.2.12.Final]
	at org.hibernate.internal.SessionFactoryRegistry.instantiateSessionFactory(SessionFactoryRegistry.java:64) ~[hibernate-core-7.2.12.Final.jar:7.2.12.Final]
	at org.hibernate.boot.internal.SessionFactoryBuilderImpl.build(SessionFactoryBuilderImpl.java:437) ~[hibernate-core-7.2.12.Final.jar:7.2.12.Final]
	at org.hibernate.jpa.boot.internal.EntityManagerFactoryBuilderImpl.build(EntityManagerFactoryBuilderImpl.java:1456) ~[hibernate-core-7.2.12.Final.jar:7.2.12.Final]
	at org.springframework.orm.jpa.vendor.SpringHibernateJpaPersistenceProvider.createContainerEntityManagerFactory(SpringHibernateJpaPersistenceProvider.java:93) ~[spring-orm-7.0.7.jar:7.0.7]
	at org.springframework.orm.jpa.LocalContainerEntityManagerFactoryBean.createNativeEntityManagerFactory(LocalContainerEntityManagerFactoryBean.java:443) ~[spring-orm-7.0.7.jar:7.0.7]
	at org.springframework.orm.jpa.AbstractEntityManagerFactoryBean.buildNativeEntityManagerFactory(AbstractEntityManagerFactoryBean.java:436) ~[spring-orm-7.0.7.jar:7.0.7]
	at org.springframework.orm.jpa.AbstractEntityManagerFactoryBean.afterPropertiesSet(AbstractEntityManagerFactoryBean.java:411) ~[spring-orm-7.0.7.jar:7.0.7]
	at org.springframework.orm.jpa.LocalContainerEntityManagerFactoryBean.afterPropertiesSet(LocalContainerEntityManagerFactoryBean.java:419) ~[spring-orm-7.0.7.jar:7.0.7]
	at org.springframework.beans.factory.support.AbstractAutowireCapableBeanFactory.invokeInitMethods(AbstractAutowireCapableBeanFactory.java:1864) ~[spring-beans-7.0.7.jar:7.0.7]
	at org.springframework.beans.factory.support.AbstractAutowireCapableBeanFactory.initializeBean(AbstractAutowireCapableBeanFactory.java:1813) ~[spring-beans-7.0.7.jar:7.0.7]
	at org.springframework.beans.factory.support.AbstractAutowireCapableBeanFactory.doCreateBean(AbstractAutowireCapableBeanFactory.java:603) ~[spring-beans-7.0.7.jar:7.0.7]
	at org.springframework.beans.factory.support.AbstractAutowireCapableBeanFactory.createBean(AbstractAutowireCapableBeanFactory.java:525) ~[spring-beans-7.0.7.jar:7.0.7]
	at org.springframework.beans.factory.support.AbstractBeanFactory.lambda$doGetBean$0(AbstractBeanFactory.java:333) ~[spring-beans-7.0.7.jar:7.0.7]
	at org.springframework.beans.factory.support.DefaultSingletonBeanRegistry.getSingleton(DefaultSingletonBeanRegistry.java:371) ~[spring-beans-7.0.7.jar:7.0.7]
	at org.springframework.beans.factory.support.AbstractBeanFactory.doGetBean(AbstractBeanFactory.java:331) ~[spring-beans-7.0.7.jar:7.0.7]
	at org.springframework.beans.factory.support.AbstractBeanFactory.getBean(AbstractBeanFactory.java:201) ~[spring-beans-7.0.7.jar:7.0.7]
	at org.springframework.context.support.AbstractApplicationContext.finishBeanFactoryInitialization(AbstractApplicationContext.java:977) ~[spring-context-7.0.7.jar:7.0.7]
	at org.springframework.context.support.AbstractApplicationContext.refresh(AbstractApplicationContext.java:621) ~[spring-context-7.0.7.jar:7.0.7]
	at org.springframework.boot.web.server.servlet.context.ServletWebServerApplicationContext.refresh(ServletWebServerApplicationContext.java:143) ~[spring-boot-web-server-4.0.6.jar:4.0.6]
	at org.springframework.boot.SpringApplication.refresh(SpringApplication.java:756) ~[spring-boot-4.0.6.jar:4.0.6]
	at org.springframework.boot.SpringApplication.refreshContext(SpringApplication.java:445) ~[spring-boot-4.0.6.jar:4.0.6]
	at org.springframework.boot.SpringApplication.run(SpringApplication.java:321) ~[spring-boot-4.0.6.jar:4.0.6]
	at org.springframework.boot.SpringApplication.run(SpringApplication.java:1365) ~[spring-boot-4.0.6.jar:4.0.6]
	at org.springframework.boot.SpringApplication.run(SpringApplication.java:1354) ~[spring-boot-4.0.6.jar:4.0.6]
	at com.example.eduadvisor2.Eduadvisor2Application.main(Eduadvisor2Application.java:12) ~[classes/:na]
	at java.base/jdk.internal.reflect.DirectMethodHandleAccessor.invoke(DirectMethodHandleAccessor.java:104) ~[na:na]
	at java.base/java.lang.reflect.Method.invoke(Method.java:565) ~[na:na]
	at org.springframework.boot.devtools.restart.RestartLauncher.run(RestartLauncher.java:52) ~[spring-boot-devtools-4.0.6.jar:4.0.6]
Caused by: org.h2.jdbc.JdbcSQLIntegrityConstraintViolationException: NULL not allowed for column "NOTIFIED"; SQL statement:
INSERT INTO "PUBLIC"."SCHEDULE_EVENTS_COPY_3_0"("ID", "CREATED_AT", "DATE", "STUDENT_ID", "TIME", "TITLE", "TYPE") OVERRIDING SYSTEM VALUE SELECT "ID", "CREATED_AT", "DATE", "STUDENT_ID", "TIME", "TITLE", "TYPE" FROM "PUBLIC"."SCHEDULE_EVENTS" [23502-240]
	at org.h2.message.DbException.getJdbcSQLException(DbException.java:520) ~[h2-2.4.240.jar:2.4.240]
	at org.h2.message.DbException.getJdbcSQLException(DbException.java:489) ~[h2-2.4.240.jar:2.4.240]
	at org.h2.message.DbException.get(DbException.java:223) ~[h2-2.4.240.jar:2.4.240]
	at org.h2.message.DbException.get(DbException.java:199) ~[h2-2.4.240.jar:2.4.240]
	at org.h2.table.Column.validateConvertUpdateSequence(Column.java:406) ~[h2-2.4.240.jar:2.4.240]
	at org.h2.table.Table.convertInsertRow(Table.java:948) ~[h2-2.4.240.jar:2.4.240]
	at org.h2.command.dml.Insert.addRow(Insert.java:229) ~[h2-2.4.240.jar:2.4.240]
	at org.h2.command.dml.Insert.insertRows(Insert.java:203) ~[h2-2.4.240.jar:2.4.240]
	at org.h2.command.dml.Insert.update(Insert.java:135) ~[h2-2.4.240.jar:2.4.240]
	at org.h2.command.dml.DataChangeStatement.update(DataChangeStatement.java:77) ~[h2-2.4.240.jar:2.4.240]
	at org.h2.command.CommandContainer.update(CommandContainer.java:139) ~[h2-2.4.240.jar:2.4.240]
	at org.h2.command.Command.executeUpdate(Command.java:306) ~[h2-2.4.240.jar:2.4.240]
	at org.h2.command.Command.executeUpdate(Command.java:250) ~[h2-2.4.240.jar:2.4.240]
	at org.h2.command.ddl.AlterTableAlterColumn.execute(AlterTableAlterColumn.java:648) ~[h2-2.4.240.jar:2.4.240]
	at org.h2.command.ddl.AlterTableAlterColumn.cloneTableStructure(AlterTableAlterColumn.java:560) ~[h2-2.4.240.jar:2.4.240]
	at org.h2.command.ddl.AlterTableAlterColumn.copyData(AlterTableAlterColumn.java:343) ~[h2-2.4.240.jar:2.4.240]
	at org.h2.command.ddl.AlterTableAlterColumn.update(AlterTableAlterColumn.java:244) ~[h2-2.4.240.jar:2.4.240]
	at org.h2.command.CommandContainer.update(CommandContainer.java:139) ~[h2-2.4.240.jar:2.4.240]
	at org.h2.command.Command.executeUpdate(Command.java:306) ~[h2-2.4.240.jar:2.4.240]
	at org.h2.command.Command.executeUpdate(Command.java:250) ~[h2-2.4.240.jar:2.4.240]
	at org.h2.jdbc.JdbcStatement.executeInternal(JdbcStatement.java:262) ~[h2-2.4.240.jar:2.4.240]
	at org.h2.jdbc.JdbcStatement.execute(JdbcStatement.java:231) ~[h2-2.4.240.jar:2.4.240]
	at com.zaxxer.hikari.pool.ProxyStatement.execute(ProxyStatement.java:95) ~[HikariCP-7.0.2.jar:na]
	at com.zaxxer.hikari.pool.HikariProxyStatement.execute(HikariProxyStatement.java) ~[HikariCP-7.0.2.jar:na]
	at org.hibernate.tool.schema.internal.exec.GenerationTargetToDatabase.accept(GenerationTargetToDatabase.java:76) ~[hibernate-core-7.2.12.Final.jar:7.2.12.Final]
	... 41 common frames omitted

2026-07-01T22:53:21.612+06:00  INFO 15424 --- [eduadvisor2] [  restartedMain] j.LocalContainerEntityManagerFactoryBean : Initialized JPA EntityManagerFactory for persistence unit 'default'
2026-07-01T22:53:21.763+06:00  INFO 15424 --- [eduadvisor2] [  restartedMain] o.s.b.w.a.WelcomePageHandlerMapping      : Adding welcome page template: index
2026-07-01T22:53:21.849+06:00  INFO 15424 --- [eduadvisor2] [  restartedMain] o.s.b.a.e.web.EndpointLinksResolver      : Exposing 1 endpoint beneath base path '/actuator'
2026-07-01T22:53:21.864+06:00  INFO 15424 --- [eduadvisor2] [  restartedMain] o.s.boot.tomcat.TomcatWebServer          : Tomcat started on port 8081 (http) with context path '/'
2026-07-01T22:53:21.868+06:00  INFO 15424 --- [eduadvisor2] [  restartedMain] c.e.eduadvisor2.Eduadvisor2Application   : Started Eduadvisor2Application in 0.758 seconds (process running for 12393.143)
Hibernate: 
    select
        count(*) 
    from
        students s1_0
Hibernate: 
    select
        count(*) 
    from
        teachers t1_0
Hibernate: 
    select
        count(*) 
    from
        courses c1_0
Hibernate: 
    select
        count(*) 
    from
        enrollments e1_0
Hibernate: 
    select
        t1_0.id,
        t1_0.coordinator,
        t1_0.department,
        t1_0.designation,
        t1_0.email,
        t1_0.name,
        t1_0.password,
        t1_0.photo,
        t1_0.photo_type,
        t1_0.teacher_id 
    from
        teachers t1_0 
    where
        t1_0.teacher_id=?
Hibernate: 
    select
        t1_0.id,
        t1_0.coordinator,
        t1_0.department,
        t1_0.designation,
        t1_0.email,
        t1_0.name,
        t1_0.password,
        t1_0.photo,
        t1_0.photo_type,
        t1_0.teacher_id 
    from
        teachers t1_0 
    where
        t1_0.teacher_id=?
Hibernate: 
    select
        t1_0.id,
        t1_0.coordinator,
        t1_0.department,
        t1_0.designation,
        t1_0.email,
        t1_0.name,
        t1_0.password,
        t1_0.photo,
        t1_0.photo_type,
        t1_0.teacher_id 
    from
        teachers t1_0 
    where
        t1_0.teacher_id=?
2026-07-01T22:53:21.897+06:00  INFO 15424 --- [eduadvisor2] [  restartedMain] .ConditionEvaluationDeltaLoggingListener : Condition evaluation unchanged
2026-07-01T22:53:35.575+06:00  INFO 15424 --- [eduadvisor2] [   File Watcher] rtingClassPathChangeChangedEventListener : Restarting due to 1 class path change (0 additions, 0 deletions, 1 modification)
2026-07-01T22:53:35.578+06:00  INFO 15424 --- [eduadvisor2] [      Thread-81] o.s.boot.tomcat.GracefulShutdown         : Commencing graceful shutdown. Waiting for active requests to complete
2026-07-01T22:53:35.589+06:00  INFO 15424 --- [eduadvisor2] [tomcat-shutdown] o.s.boot.tomcat.GracefulShutdown         : Graceful shutdown complete
2026-07-01T22:53:35.595+06:00  INFO 15424 --- [eduadvisor2] [      Thread-81] j.LocalContainerEntityManagerFactoryBean : Closing JPA EntityManagerFactory for persistence unit 'default'
2026-07-01T22:53:35.596+06:00  INFO 15424 --- [eduadvisor2] [      Thread-81] com.zaxxer.hikari.HikariDataSource       : HikariPool-21 - Shutdown initiated...
2026-07-01T22:53:35.631+06:00  INFO 15424 --- [eduadvisor2] [      Thread-81] com.zaxxer.hikari.HikariDataSource       : HikariPool-21 - Shutdown completed.

  .   ____          _            __ _ _
 /\\ / ___'_ __ _ _(_)_ __  __ _ \ \ \ \
( ( )\___ | '_ | '_| | '_ \/ _` | \ \ \ \
 \\/  ___)| |_)| | | | | || (_| |  ) ) ) )
  '  |____| .__|_| |_|_| |_\__, | / / / /
 =========|_|==============|___/=/_/_/_/

 :: Spring Boot ::                (v4.0.6)

2026-07-01T22:53:35.735+06:00  INFO 15424 --- [eduadvisor2] [  restartedMain] c.e.eduadvisor2.Eduadvisor2Application   : Starting Eduadvisor2Application using Java 25.0.2 with PID 15424 (D:\OOp_EduAdvisor\eduadvisor2\target\classes started by Windows in D:\OOp_EduAdvisor\eduadvisor2)
2026-07-01T22:53:35.735+06:00  INFO 15424 --- [eduadvisor2] [  restartedMain] c.e.eduadvisor2.Eduadvisor2Application   : No active profile set, falling back to 1 default profile: "default"
2026-07-01T22:53:35.903+06:00  INFO 15424 --- [eduadvisor2] [  restartedMain] .s.d.r.c.RepositoryConfigurationDelegate : Bootstrapping Spring Data JPA repositories in DEFAULT mode.
2026-07-01T22:53:35.928+06:00  INFO 15424 --- [eduadvisor2] [  restartedMain] .s.d.r.c.RepositoryConfigurationDelegate : Finished Spring Data repository scanning in 23 ms. Found 13 JPA repository interfaces.
2026-07-01T22:53:36.011+06:00  INFO 15424 --- [eduadvisor2] [  restartedMain] o.s.boot.tomcat.TomcatWebServer          : Tomcat initialized with port 8081 (http)
2026-07-01T22:53:36.012+06:00  INFO 15424 --- [eduadvisor2] [  restartedMain] o.apache.catalina.core.StandardService   : Starting service [Tomcat]
2026-07-01T22:53:36.012+06:00  INFO 15424 --- [eduadvisor2] [  restartedMain] o.apache.catalina.core.StandardEngine    : Starting Servlet engine: [Apache Tomcat/11.0.21]
2026-07-01T22:53:36.033+06:00  INFO 15424 --- [eduadvisor2] [  restartedMain] b.w.c.s.WebApplicationContextInitializer : Root WebApplicationContext: initialization completed in 297 ms
2026-07-01T22:53:36.096+06:00  INFO 15424 --- [eduadvisor2] [  restartedMain] org.hibernate.orm.jpa                    : HHH008540: Processing PersistenceUnitInfo [name: default]
2026-07-01T22:53:36.125+06:00  INFO 15424 --- [eduadvisor2] [  restartedMain] o.s.o.j.p.SpringPersistenceUnitInfo      : No LoadTimeWeaver setup: ignoring JPA class transformer
2026-07-01T22:53:36.125+06:00  INFO 15424 --- [eduadvisor2] [  restartedMain] com.zaxxer.hikari.HikariDataSource       : HikariPool-22 - Starting...
2026-07-01T22:53:36.141+06:00  INFO 15424 --- [eduadvisor2] [  restartedMain] com.zaxxer.hikari.pool.HikariPool        : HikariPool-22 - Added connection conn241: url=jdbc:h2:file:./data/studentadvicedb user=SA
2026-07-01T22:53:36.141+06:00  INFO 15424 --- [eduadvisor2] [  restartedMain] com.zaxxer.hikari.HikariDataSource       : HikariPool-22 - Start completed.
2026-07-01T22:53:36.142+06:00  INFO 15424 --- [eduadvisor2] [  restartedMain] org.hibernate.orm.connections.pooling    : HHH10001005: Database info:
	Database JDBC URL [jdbc:h2:file:./data/studentadvicedb]
	Database driver: H2 JDBC Driver
	Database dialect: H2Dialect
	Database version: 2.4.240
	Default catalog/schema: STUDENTADVICEDB/PUBLIC
	Autocommit mode: undefined/unknown
	Isolation level: READ_COMMITTED [default READ_COMMITTED]
	JDBC fetch size: 100
	Pool: DataSourceConnectionProvider
	Minimum pool size: undefined/unknown
	Maximum pool size: undefined/unknown
2026-07-01T22:53:36.270+06:00  INFO 15424 --- [eduadvisor2] [  restartedMain] org.hibernate.orm.core                   : HHH000489: No JTA platform available (set 'hibernate.transaction.jta.platform' to enable JTA platform integration)
Hibernate: 
    alter table if exists discussions 
       alter column answer set data type TEXT
Hibernate: 
    alter table if exists discussions 
       alter column answer_image_base64 set data type TEXT
Hibernate: 
    alter table if exists discussions 
       alter column question set data type TEXT
Hibernate: 
    alter table if exists discussions 
       alter column question_image_base64 set data type TEXT
Hibernate: 
    alter table if exists exam_paper_images 
       alter column image_base64 set data type TEXT
Hibernate: 
    alter table if exists lost_found_reports 
       alter column coordinator_note set data type TEXT
Hibernate: 
    alter table if exists lost_found_reports 
       alter column description set data type TEXT
Hibernate: 
    alter table if exists lost_found_reports 
       alter column image_base64 set data type TEXT
Hibernate: 
    alter table if exists schedule_events 
       add column notified boolean not null
2026-07-01T22:53:36.276+06:00  WARN 15424 --- [eduadvisor2] [  restartedMain] o.h.t.s.i.ExceptionHandlerLoggedImpl     : GenerationTarget encountered exception accepting command : Error executing DDL "
    alter table if exists schedule_events 
       add column notified boolean not null" via JDBC [NULL not allowed for column "NOTIFIED";]

org.hibernate.tool.schema.spi.CommandAcceptanceException: Error executing DDL "
    alter table if exists schedule_events 
       add column notified boolean not null" via JDBC [NULL not allowed for column "NOTIFIED";]
	at org.hibernate.tool.schema.internal.exec.GenerationTargetToDatabase.accept(GenerationTargetToDatabase.java:81) ~[hibernate-core-7.2.12.Final.jar:7.2.12.Final]
	at org.hibernate.tool.schema.internal.AbstractSchemaMigrator.applySqlString(AbstractSchemaMigrator.java:566) ~[hibernate-core-7.2.12.Final.jar:7.2.12.Final]
	at org.hibernate.tool.schema.internal.AbstractSchemaMigrator.applySqlStrings(AbstractSchemaMigrator.java:506) ~[hibernate-core-7.2.12.Final.jar:7.2.12.Final]
	at org.hibernate.tool.schema.internal.AbstractSchemaMigrator.migrateTable(AbstractSchemaMigrator.java:324) ~[hibernate-core-7.2.12.Final.jar:7.2.12.Final]
	at org.hibernate.tool.schema.internal.GroupedSchemaMigratorImpl.performTablesMigration(GroupedSchemaMigratorImpl.java:84) ~[hibernate-core-7.2.12.Final.jar:7.2.12.Final]
	at org.hibernate.tool.schema.internal.AbstractSchemaMigrator.performMigration(AbstractSchemaMigrator.java:220) ~[hibernate-core-7.2.12.Final.jar:7.2.12.Final]
	at org.hibernate.tool.schema.internal.AbstractSchemaMigrator.doMigration(AbstractSchemaMigrator.java:96) ~[hibernate-core-7.2.12.Final.jar:7.2.12.Final]
	at org.hibernate.tool.schema.spi.SchemaManagementToolCoordinator.performDatabaseAction(SchemaManagementToolCoordinator.java:269) ~[hibernate-core-7.2.12.Final.jar:7.2.12.Final]
	at org.hibernate.tool.schema.spi.SchemaManagementToolCoordinator.lambda$process$1(SchemaManagementToolCoordinator.java:101) ~[hibernate-core-7.2.12.Final.jar:7.2.12.Final]
	at java.base/java.util.HashMap.forEach(HashMap.java:1430) ~[na:na]
	at org.hibernate.tool.schema.spi.SchemaManagementToolCoordinator.process(SchemaManagementToolCoordinator.java:100) ~[hibernate-core-7.2.12.Final.jar:7.2.12.Final]
	at org.hibernate.boot.internal.SessionFactoryObserverForSchemaExport.sessionFactoryCreated(SessionFactoryObserverForSchemaExport.java:35) ~[hibernate-core-7.2.12.Final.jar:7.2.12.Final]
	at org.hibernate.internal.SessionFactoryObserverChain.sessionFactoryCreated(SessionFactoryObserverChain.java:33) ~[hibernate-core-7.2.12.Final.jar:7.2.12.Final]
	at org.hibernate.internal.SessionFactoryImpl.<init>(SessionFactoryImpl.java:323) ~[hibernate-core-7.2.12.Final.jar:7.2.12.Final]
	at org.hibernate.internal.SessionFactoryRegistry.instantiateSessionFactory(SessionFactoryRegistry.java:64) ~[hibernate-core-7.2.12.Final.jar:7.2.12.Final]
	at org.hibernate.boot.internal.SessionFactoryBuilderImpl.build(SessionFactoryBuilderImpl.java:437) ~[hibernate-core-7.2.12.Final.jar:7.2.12.Final]
	at org.hibernate.jpa.boot.internal.EntityManagerFactoryBuilderImpl.build(EntityManagerFactoryBuilderImpl.java:1456) ~[hibernate-core-7.2.12.Final.jar:7.2.12.Final]
	at org.springframework.orm.jpa.vendor.SpringHibernateJpaPersistenceProvider.createContainerEntityManagerFactory(SpringHibernateJpaPersistenceProvider.java:93) ~[spring-orm-7.0.7.jar:7.0.7]
	at org.springframework.orm.jpa.LocalContainerEntityManagerFactoryBean.createNativeEntityManagerFactory(LocalContainerEntityManagerFactoryBean.java:443) ~[spring-orm-7.0.7.jar:7.0.7]
	at org.springframework.orm.jpa.AbstractEntityManagerFactoryBean.buildNativeEntityManagerFactory(AbstractEntityManagerFactoryBean.java:436) ~[spring-orm-7.0.7.jar:7.0.7]
	at org.springframework.orm.jpa.AbstractEntityManagerFactoryBean.afterPropertiesSet(AbstractEntityManagerFactoryBean.java:411) ~[spring-orm-7.0.7.jar:7.0.7]
	at org.springframework.orm.jpa.LocalContainerEntityManagerFactoryBean.afterPropertiesSet(LocalContainerEntityManagerFactoryBean.java:419) ~[spring-orm-7.0.7.jar:7.0.7]
	at org.springframework.beans.factory.support.AbstractAutowireCapableBeanFactory.invokeInitMethods(AbstractAutowireCapableBeanFactory.java:1864) ~[spring-beans-7.0.7.jar:7.0.7]
	at org.springframework.beans.factory.support.AbstractAutowireCapableBeanFactory.initializeBean(AbstractAutowireCapableBeanFactory.java:1813) ~[spring-beans-7.0.7.jar:7.0.7]
	at org.springframework.beans.factory.support.AbstractAutowireCapableBeanFactory.doCreateBean(AbstractAutowireCapableBeanFactory.java:603) ~[spring-beans-7.0.7.jar:7.0.7]
	at org.springframework.beans.factory.support.AbstractAutowireCapableBeanFactory.createBean(AbstractAutowireCapableBeanFactory.java:525) ~[spring-beans-7.0.7.jar:7.0.7]
	at org.springframework.beans.factory.support.AbstractBeanFactory.lambda$doGetBean$0(AbstractBeanFactory.java:333) ~[spring-beans-7.0.7.jar:7.0.7]
	at org.springframework.beans.factory.support.DefaultSingletonBeanRegistry.getSingleton(DefaultSingletonBeanRegistry.java:371) ~[spring-beans-7.0.7.jar:7.0.7]
	at org.springframework.beans.factory.support.AbstractBeanFactory.doGetBean(AbstractBeanFactory.java:331) ~[spring-beans-7.0.7.jar:7.0.7]
	at org.springframework.beans.factory.support.AbstractBeanFactory.getBean(AbstractBeanFactory.java:201) ~[spring-beans-7.0.7.jar:7.0.7]
	at org.springframework.context.support.AbstractApplicationContext.finishBeanFactoryInitialization(AbstractApplicationContext.java:977) ~[spring-context-7.0.7.jar:7.0.7]
	at org.springframework.context.support.AbstractApplicationContext.refresh(AbstractApplicationContext.java:621) ~[spring-context-7.0.7.jar:7.0.7]
	at org.springframework.boot.web.server.servlet.context.ServletWebServerApplicationContext.refresh(ServletWebServerApplicationContext.java:143) ~[spring-boot-web-server-4.0.6.jar:4.0.6]
	at org.springframework.boot.SpringApplication.refresh(SpringApplication.java:756) ~[spring-boot-4.0.6.jar:4.0.6]
	at org.springframework.boot.SpringApplication.refreshContext(SpringApplication.java:445) ~[spring-boot-4.0.6.jar:4.0.6]
	at org.springframework.boot.SpringApplication.run(SpringApplication.java:321) ~[spring-boot-4.0.6.jar:4.0.6]
	at org.springframework.boot.SpringApplication.run(SpringApplication.java:1365) ~[spring-boot-4.0.6.jar:4.0.6]
	at org.springframework.boot.SpringApplication.run(SpringApplication.java:1354) ~[spring-boot-4.0.6.jar:4.0.6]
	at com.example.eduadvisor2.Eduadvisor2Application.main(Eduadvisor2Application.java:12) ~[classes/:na]
	at java.base/jdk.internal.reflect.DirectMethodHandleAccessor.invoke(DirectMethodHandleAccessor.java:104) ~[na:na]
	at java.base/java.lang.reflect.Method.invoke(Method.java:565) ~[na:na]
	at org.springframework.boot.devtools.restart.RestartLauncher.run(RestartLauncher.java:52) ~[spring-boot-devtools-4.0.6.jar:4.0.6]
Caused by: org.h2.jdbc.JdbcSQLIntegrityConstraintViolationException: NULL not allowed for column "NOTIFIED"; SQL statement:
INSERT INTO "PUBLIC"."SCHEDULE_EVENTS_COPY_3_0"("ID", "CREATED_AT", "DATE", "STUDENT_ID", "TIME", "TITLE", "TYPE") OVERRIDING SYSTEM VALUE SELECT "ID", "CREATED_AT", "DATE", "STUDENT_ID", "TIME", "TITLE", "TYPE" FROM "PUBLIC"."SCHEDULE_EVENTS" [23502-240]
	at org.h2.message.DbException.getJdbcSQLException(DbException.java:520) ~[h2-2.4.240.jar:2.4.240]
	at org.h2.message.DbException.getJdbcSQLException(DbException.java:489) ~[h2-2.4.240.jar:2.4.240]
	at org.h2.message.DbException.get(DbException.java:223) ~[h2-2.4.240.jar:2.4.240]
	at org.h2.message.DbException.get(DbException.java:199) ~[h2-2.4.240.jar:2.4.240]
	at org.h2.table.Column.validateConvertUpdateSequence(Column.java:406) ~[h2-2.4.240.jar:2.4.240]
	at org.h2.table.Table.convertInsertRow(Table.java:948) ~[h2-2.4.240.jar:2.4.240]
	at org.h2.command.dml.Insert.addRow(Insert.java:229) ~[h2-2.4.240.jar:2.4.240]
	at org.h2.command.dml.Insert.insertRows(Insert.java:203) ~[h2-2.4.240.jar:2.4.240]
	at org.h2.command.dml.Insert.update(Insert.java:135) ~[h2-2.4.240.jar:2.4.240]
	at org.h2.command.dml.DataChangeStatement.update(DataChangeStatement.java:77) ~[h2-2.4.240.jar:2.4.240]
	at org.h2.command.CommandContainer.update(CommandContainer.java:139) ~[h2-2.4.240.jar:2.4.240]
	at org.h2.command.Command.executeUpdate(Command.java:306) ~[h2-2.4.240.jar:2.4.240]
	at org.h2.command.Command.executeUpdate(Command.java:250) ~[h2-2.4.240.jar:2.4.240]
	at org.h2.command.ddl.AlterTableAlterColumn.execute(AlterTableAlterColumn.java:648) ~[h2-2.4.240.jar:2.4.240]
	at org.h2.command.ddl.AlterTableAlterColumn.cloneTableStructure(AlterTableAlterColumn.java:560) ~[h2-2.4.240.jar:2.4.240]
	at org.h2.command.ddl.AlterTableAlterColumn.copyData(AlterTableAlterColumn.java:343) ~[h2-2.4.240.jar:2.4.240]
	at org.h2.command.ddl.AlterTableAlterColumn.update(AlterTableAlterColumn.java:244) ~[h2-2.4.240.jar:2.4.240]
	at org.h2.command.CommandContainer.update(CommandContainer.java:139) ~[h2-2.4.240.jar:2.4.240]
	at org.h2.command.Command.executeUpdate(Command.java:306) ~[h2-2.4.240.jar:2.4.240]
	at org.h2.command.Command.executeUpdate(Command.java:250) ~[h2-2.4.240.jar:2.4.240]
	at org.h2.jdbc.JdbcStatement.executeInternal(JdbcStatement.java:262) ~[h2-2.4.240.jar:2.4.240]
	at org.h2.jdbc.JdbcStatement.execute(JdbcStatement.java:231) ~[h2-2.4.240.jar:2.4.240]
	at com.zaxxer.hikari.pool.ProxyStatement.execute(ProxyStatement.java:95) ~[HikariCP-7.0.2.jar:na]
	at com.zaxxer.hikari.pool.HikariProxyStatement.execute(HikariProxyStatement.java) ~[HikariCP-7.0.2.jar:na]
	at org.hibernate.tool.schema.internal.exec.GenerationTargetToDatabase.accept(GenerationTargetToDatabase.java:76) ~[hibernate-core-7.2.12.Final.jar:7.2.12.Final]
	... 41 common frames omitted

2026-07-01T22:53:36.279+06:00  INFO 15424 --- [eduadvisor2] [  restartedMain] j.LocalContainerEntityManagerFactoryBean : Initialized JPA EntityManagerFactory for persistence unit 'default'
2026-07-01T22:53:36.441+06:00  INFO 15424 --- [eduadvisor2] [  restartedMain] o.s.b.w.a.WelcomePageHandlerMapping      : Adding welcome page template: index
2026-07-01T22:53:36.520+06:00  INFO 15424 --- [eduadvisor2] [  restartedMain] o.s.b.a.e.web.EndpointLinksResolver      : Exposing 1 endpoint beneath base path '/actuator'
2026-07-01T22:53:36.536+06:00  INFO 15424 --- [eduadvisor2] [  restartedMain] o.s.boot.tomcat.TomcatWebServer          : Tomcat started on port 8081 (http) with context path '/'
2026-07-01T22:53:36.539+06:00  INFO 15424 --- [eduadvisor2] [  restartedMain] c.e.eduadvisor2.Eduadvisor2Application   : Started Eduadvisor2Application in 0.823 seconds (process running for 12407.813)
Hibernate: 
    select
        count(*) 
    from
        students s1_0
Hibernate: 
    select
        count(*) 
    from
        teachers t1_0
Hibernate: 
    select
        count(*) 
    from
        courses c1_0
Hibernate: 
    select
        count(*) 
    from
        enrollments e1_0
Hibernate: 
    select
        t1_0.id,
        t1_0.coordinator,
        t1_0.department,
        t1_0.designation,
        t1_0.email,
        t1_0.name,
        t1_0.password,
        t1_0.photo,
        t1_0.photo_type,
        t1_0.teacher_id 
    from
        teachers t1_0 
    where
        t1_0.teacher_id=?
Hibernate: 
    select
        t1_0.id,
        t1_0.coordinator,
        t1_0.department,
        t1_0.designation,
        t1_0.email,
        t1_0.name,
        t1_0.password,
        t1_0.photo,
        t1_0.photo_type,
        t1_0.teacher_id 
    from
        teachers t1_0 
    where
        t1_0.teacher_id=?
Hibernate: 
    select
        t1_0.id,
        t1_0.coordinator,
        t1_0.department,
        t1_0.designation,
        t1_0.email,
        t1_0.name,
        t1_0.password,
        t1_0.photo,
        t1_0.photo_type,
        t1_0.teacher_id 
    from
        teachers t1_0 
    where
        t1_0.teacher_id=?
2026-07-01T22:53:36.568+06:00  INFO 15424 --- [eduadvisor2] [  restartedMain] .ConditionEvaluationDeltaLoggingListener : Condition evaluation unchanged
2026-07-01T22:54:47.982+06:00  INFO 15424 --- [eduadvisor2] [nio-8081-exec-1] o.a.c.c.C.[Tomcat-1].[localhost].[/]     : Initializing Spring DispatcherServlet 'dispatcherServlet'
2026-07-01T22:54:47.984+06:00  INFO 15424 --- [eduadvisor2] [nio-8081-exec-1] o.s.web.servlet.DispatcherServlet        : Initializing Servlet 'dispatcherServlet'
2026-07-01T22:54:47.987+06:00  INFO 15424 --- [eduadvisor2] [nio-8081-exec-1] o.s.web.servlet.DispatcherServlet        : Completed initialization in 3 ms
Hibernate: 
    select
        t1_0.id,
        t1_0.coordinator,
        t1_0.department,
        t1_0.designation,
        t1_0.email,
        t1_0.name,
        t1_0.password,
        t1_0.photo,
        t1_0.photo_type,
        t1_0.teacher_id 
    from
        teachers t1_0 
    where
        t1_0.teacher_id=?
Hibernate: 
    select
        t1_0.id,
        t1_0.coordinator,
        t1_0.department,
        t1_0.designation,
        t1_0.email,
        t1_0.name,
        t1_0.password,
        t1_0.photo,
        t1_0.photo_type,
        t1_0.teacher_id 
    from
        teachers t1_0 
    where
        t1_0.teacher_id=?
Hibernate: 
    select
        c1_0.code,
        c1_0.category,
        c1_0.color,
        c1_0.credits,
        c1_0.days,
        c1_0.end_time,
        c1_0.instructor,
        c1_0.name,
        c1_0.room,
        c1_0.start_time,
        c1_0.teacher_id 
    from
        courses c1_0 
    where
        c1_0.instructor=?
Hibernate: 
    select
        e1_0.id,
        e1_0.course_id,
        e1_0.enrolled_at,
        e1_0.student_id 
    from
        enrollments e1_0 
    where
        e1_0.course_id=?
Hibernate: 
    select
        c1_0.code,
        c1_0.category,
        c1_0.color,
        c1_0.credits,
        c1_0.days,
        c1_0.end_time,
        c1_0.instructor,
        c1_0.name,
        c1_0.room,
        c1_0.start_time,
        c1_0.teacher_id 
    from
        courses c1_0 
    where
        c1_0.code=?
Hibernate: 
    select
        s1_0.id,
        s1_0.academic_year,
        s1_0.credits_completed,
        s1_0.email,
        s1_0.gpa,
        s1_0.name,
        s1_0.notif_email,
        s1_0.password,
        s1_0.program,
        s1_0.student_id 
    from
        students s1_0 
    where
        s1_0.student_id=?
Hibernate: 
    select
        s1_0.id,
        s1_0.academic_year,
        s1_0.credits_completed,
        s1_0.email,
        s1_0.gpa,
        s1_0.name,
        s1_0.notif_email,
        s1_0.password,
        s1_0.program,
        s1_0.student_id 
    from
        students s1_0 
    where
        s1_0.student_id=?
Hibernate: 
    select
        e1_0.id,
        e1_0.course_id,
        e1_0.enrolled_at,
        e1_0.student_id 
    from
        enrollments e1_0 
    where
        e1_0.course_id=?
Hibernate: 
    select
        c1_0.code,
        c1_0.category,
        c1_0.color,
        c1_0.credits,
        c1_0.days,
        c1_0.end_time,
        c1_0.instructor,
        c1_0.name,
        c1_0.room,
        c1_0.start_time,
        c1_0.teacher_id 
    from
        courses c1_0 
    where
        c1_0.code=?
Hibernate: 
    select
        s1_0.id,
        s1_0.academic_year,
        s1_0.credits_completed,
        s1_0.email,
        s1_0.gpa,
        s1_0.name,
        s1_0.notif_email,
        s1_0.password,
        s1_0.program,
        s1_0.student_id 
    from
        students s1_0 
    where
        s1_0.student_id=?
Hibernate: 
    select
        s1_0.id,
        s1_0.academic_year,
        s1_0.credits_completed,
        s1_0.email,
        s1_0.gpa,
        s1_0.name,
        s1_0.notif_email,
        s1_0.password,
        s1_0.program,
        s1_0.student_id 
    from
        students s1_0 
    where
        s1_0.student_id=?
Hibernate: 
    select
        b1_0.id,
        b1_0.booked_at,
        b1_0.reason,
        b1_0.slot,
        b1_0.student_id,
        b1_0.teacher_name 
    from
        bookings b1_0 
    where
        b1_0.teacher_name=? 
    order by
        b1_0.booked_at desc
Hibernate: 
    select
        s1_0.id,
        s1_0.academic_year,
        s1_0.credits_completed,
        s1_0.email,
        s1_0.gpa,
        s1_0.name,
        s1_0.notif_email,
        s1_0.password,
        s1_0.program,
        s1_0.student_id 
    from
        students s1_0 
    where
        s1_0.student_id like ? escape '\'
Hibernate: 
    select
        e1_0.id,
        e1_0.course_id,
        e1_0.enrolled_at,
        e1_0.student_id 
    from
        enrollments e1_0 
    where
        e1_0.student_id=?
Hibernate: 
    select
        c1_0.code,
        c1_0.category,
        c1_0.color,
        c1_0.credits,
        c1_0.days,
        c1_0.end_time,
        c1_0.instructor,
        c1_0.name,
        c1_0.room,
        c1_0.start_time,
        c1_0.teacher_id 
    from
        courses c1_0 
    where
        c1_0.code=?
Hibernate: 
    select
        c1_0.code,
        c1_0.category,
        c1_0.color,
        c1_0.credits,
        c1_0.days,
        c1_0.end_time,
        c1_0.instructor,
        c1_0.name,
        c1_0.room,
        c1_0.start_time,
        c1_0.teacher_id 
    from
        courses c1_0 
    where
        c1_0.code=?
Hibernate: 
    select
        c1_0.code,
        c1_0.category,
        c1_0.color,
        c1_0.credits,
        c1_0.days,
        c1_0.end_time,
        c1_0.instructor,
        c1_0.name,
        c1_0.room,
        c1_0.start_time,
        c1_0.teacher_id 
    from
        courses c1_0 
    where
        c1_0.code=?
Hibernate: 
    select
        c1_0.code,
        c1_0.category,
        c1_0.color,
        c1_0.credits,
        c1_0.days,
        c1_0.end_time,
        c1_0.instructor,
        c1_0.name,
        c1_0.room,
        c1_0.start_time,
        c1_0.teacher_id 
    from
        courses c1_0 
    where
        c1_0.code=?
Hibernate: 
    select
        c1_0.code,
        c1_0.category,
        c1_0.color,
        c1_0.credits,
        c1_0.days,
        c1_0.end_time,
        c1_0.instructor,
        c1_0.name,
        c1_0.room,
        c1_0.start_time,
        c1_0.teacher_id 
    from
        courses c1_0 
    where
        c1_0.code=?
Hibernate: 
    select
        c1_0.code,
        c1_0.category,
        c1_0.color,
        c1_0.credits,
        c1_0.days,
        c1_0.end_time,
        c1_0.instructor,
        c1_0.name,
        c1_0.room,
        c1_0.start_time,
        c1_0.teacher_id 
    from
        courses c1_0 
    where
        c1_0.instructor=?
Hibernate: 
    select
        e1_0.id,
        e1_0.course_id,
        e1_0.enrolled_at,
        e1_0.student_id 
    from
        enrollments e1_0 
    where
        e1_0.course_id=?
Hibernate: 
    select
        t1_0.id,
        t1_0.coordinator,
        t1_0.department,
        t1_0.designation,
        t1_0.email,
        t1_0.name,
        t1_0.password,
        t1_0.photo,
        t1_0.photo_type,
        t1_0.teacher_id 
    from
        teachers t1_0 
    where
        t1_0.teacher_id=?
Hibernate: 
    select
        c1_0.code,
        c1_0.category,
        c1_0.color,
        c1_0.credits,
        c1_0.days,
        c1_0.end_time,
        c1_0.instructor,
        c1_0.name,
        c1_0.room,
        c1_0.start_time,
        c1_0.teacher_id 
    from
        courses c1_0 
    where
        c1_0.code=?
Hibernate: 
    select
        e1_0.id,
        e1_0.course_id,
        e1_0.enrolled_at,
        e1_0.student_id 
    from
        enrollments e1_0 
    where
        e1_0.course_id=?
Hibernate: 
    select
        c1_0.code,
        c1_0.category,
        c1_0.color,
        c1_0.credits,
        c1_0.days,
        c1_0.end_time,
        c1_0.instructor,
        c1_0.name,
        c1_0.room,
        c1_0.start_time,
        c1_0.teacher_id 
    from
        courses c1_0 
    where
        c1_0.code=?
Hibernate: 
    select
        as1_0.id,
        as1_0.assessment_type,
        as1_0.course_code,
        as1_0.course_name,
        as1_0.max_score,
        as1_0.notes,
        as1_0.recorded_at,
        as1_0.score,
        as1_0.student_id 
    from
        assessment_scores as1_0 
    where
        as1_0.student_id in (?, ?, ?)
Hibernate: 
    select
        t1_0.id,
        t1_0.coordinator,
        t1_0.department,
        t1_0.designation,
        t1_0.email,
        t1_0.name,
        t1_0.password,
        t1_0.photo,
        t1_0.photo_type,
        t1_0.teacher_id 
    from
        teachers t1_0 
    where
        t1_0.teacher_id=?
Hibernate: 
    select
        c1_0.code,
        c1_0.category,
        c1_0.color,
        c1_0.credits,
        c1_0.days,
        c1_0.end_time,
        c1_0.instructor,
        c1_0.name,
        c1_0.room,
        c1_0.start_time,
        c1_0.teacher_id 
    from
        courses c1_0 
    where
        c1_0.instructor=?
Hibernate: 
    select
        e1_0.id,
        e1_0.course_id,
        e1_0.enrolled_at,
        e1_0.student_id 
    from
        enrollments e1_0 
    where
        e1_0.course_id=?
Hibernate: 
    select
        c1_0.code,
        c1_0.category,
        c1_0.color,
        c1_0.credits,
        c1_0.days,
        c1_0.end_time,
        c1_0.instructor,
        c1_0.name,
        c1_0.room,
        c1_0.start_time,
        c1_0.teacher_id 
    from
        courses c1_0 
    where
        c1_0.code=?
Hibernate: 
    select
        s1_0.id,
        s1_0.academic_year,
        s1_0.credits_completed,
        s1_0.email,
        s1_0.gpa,
        s1_0.name,
        s1_0.notif_email,
        s1_0.password,
        s1_0.program,
        s1_0.student_id 
    from
        students s1_0 
    where
        s1_0.student_id=?
Hibernate: 
    select
        s1_0.id,
        s1_0.academic_year,
        s1_0.credits_completed,
        s1_0.email,
        s1_0.gpa,
        s1_0.name,
        s1_0.notif_email,
        s1_0.password,
        s1_0.program,
        s1_0.student_id 
    from
        students s1_0 
    where
        s1_0.student_id=?
Hibernate: 
    select
        e1_0.id,
        e1_0.course_id,
        e1_0.enrolled_at,
        e1_0.student_id 
    from
        enrollments e1_0 
    where
        e1_0.course_id=?
Hibernate: 
    select
        c1_0.code,
        c1_0.category,
        c1_0.color,
        c1_0.credits,
        c1_0.days,
        c1_0.end_time,
        c1_0.instructor,
        c1_0.name,
        c1_0.room,
        c1_0.start_time,
        c1_0.teacher_id 
    from
        courses c1_0 
    where
        c1_0.code=?
Hibernate: 
    select
        s1_0.id,
        s1_0.academic_year,
        s1_0.credits_completed,
        s1_0.email,
        s1_0.gpa,
        s1_0.name,
        s1_0.notif_email,
        s1_0.password,
        s1_0.program,
        s1_0.student_id 
    from
        students s1_0 
    where
        s1_0.student_id=?
Hibernate: 
    select
        s1_0.id,
        s1_0.academic_year,
        s1_0.credits_completed,
        s1_0.email,
        s1_0.gpa,
        s1_0.name,
        s1_0.notif_email,
        s1_0.password,
        s1_0.program,
        s1_0.student_id 
    from
        students s1_0 
    where
        s1_0.student_id=?
Hibernate: 
    select
        b1_0.id,
        b1_0.booked_at,
        b1_0.reason,
        b1_0.slot,
        b1_0.student_id,
        b1_0.teacher_name 
    from
        bookings b1_0 
    where
        b1_0.teacher_name=? 
    order by
        b1_0.booked_at desc
Hibernate: 
    select
        s1_0.id,
        s1_0.academic_year,
        s1_0.credits_completed,
        s1_0.email,
        s1_0.gpa,
        s1_0.name,
        s1_0.notif_email,
        s1_0.password,
        s1_0.program,
        s1_0.student_id 
    from
        students s1_0 
    where
        s1_0.student_id like ? escape '\'
Hibernate: 
    select
        e1_0.id,
        e1_0.course_id,
        e1_0.enrolled_at,
        e1_0.student_id 
    from
        enrollments e1_0 
    where
        e1_0.student_id=?
Hibernate: 
    select
        c1_0.code,
        c1_0.category,
        c1_0.color,
        c1_0.credits,
        c1_0.days,
        c1_0.end_time,
        c1_0.instructor,
        c1_0.name,
        c1_0.room,
        c1_0.start_time,
        c1_0.teacher_id 
    from
        courses c1_0 
    where
        c1_0.code=?
Hibernate: 
    select
        c1_0.code,
        c1_0.category,
        c1_0.color,
        c1_0.credits,
        c1_0.days,
        c1_0.end_time,
        c1_0.instructor,
        c1_0.name,
        c1_0.room,
        c1_0.start_time,
        c1_0.teacher_id 
    from
        courses c1_0 
    where
        c1_0.code=?
Hibernate: 
    select
        c1_0.code,
        c1_0.category,
        c1_0.color,
        c1_0.credits,
        c1_0.days,
        c1_0.end_time,
        c1_0.instructor,
        c1_0.name,
        c1_0.room,
        c1_0.start_time,
        c1_0.teacher_id 
    from
        courses c1_0 
    where
        c1_0.code=?
Hibernate: 
    select
        c1_0.code,
        c1_0.category,
        c1_0.color,
        c1_0.credits,
        c1_0.days,
        c1_0.end_time,
        c1_0.instructor,
        c1_0.name,
        c1_0.room,
        c1_0.start_time,
        c1_0.teacher_id 
    from
        courses c1_0 
    where
        c1_0.code=?
Hibernate: 
    select
        c1_0.code,
        c1_0.category,
        c1_0.color,
        c1_0.credits,
        c1_0.days,
        c1_0.end_time,
        c1_0.instructor,
        c1_0.name,
        c1_0.room,
        c1_0.start_time,
        c1_0.teacher_id 
    from
        courses c1_0 
    where
        c1_0.code=?
Hibernate: 
    select
        c1_0.code,
        c1_0.category,
        c1_0.color,
        c1_0.credits,
        c1_0.days,
        c1_0.end_time,
        c1_0.instructor,
        c1_0.name,
        c1_0.room,
        c1_0.start_time,
        c1_0.teacher_id 
    from
        courses c1_0 
    where
        c1_0.instructor=?
Hibernate: 
    select
        t1_0.id,
        t1_0.coordinator,
        t1_0.department,
        t1_0.designation,
        t1_0.email,
        t1_0.name,
        t1_0.password,
        t1_0.photo,
        t1_0.photo_type,
        t1_0.teacher_id 
    from
        teachers t1_0 
    where
        t1_0.teacher_id=?
Hibernate: 
    select
        e1_0.id,
        e1_0.course_id,
        e1_0.enrolled_at,
        e1_0.student_id 
    from
        enrollments e1_0 
    where
        e1_0.course_id=?
Hibernate: 
    select
        c1_0.code,
        c1_0.category,
        c1_0.color,
        c1_0.credits,
        c1_0.days,
        c1_0.end_time,
        c1_0.instructor,
        c1_0.name,
        c1_0.room,
        c1_0.start_time,
        c1_0.teacher_id 
    from
        courses c1_0 
    where
        c1_0.code=?
Hibernate: 
    select
        e1_0.id,
        e1_0.course_id,
        e1_0.enrolled_at,
        e1_0.student_id 
    from
        enrollments e1_0 
    where
        e1_0.course_id=?
Hibernate: 
    select
        c1_0.code,
        c1_0.category,
        c1_0.color,
        c1_0.credits,
        c1_0.days,
        c1_0.end_time,
        c1_0.instructor,
        c1_0.name,
        c1_0.room,
        c1_0.start_time,
        c1_0.teacher_id 
    from
        courses c1_0 
    where
        c1_0.code=?
Hibernate: 
    select
        as1_0.id,
        as1_0.assessment_type,
        as1_0.course_code,
        as1_0.course_name,
        as1_0.max_score,
        as1_0.notes,
        as1_0.recorded_at,
        as1_0.score,
        as1_0.student_id 
    from
        assessment_scores as1_0 
    where
        as1_0.student_id in (?, ?, ?)
Hibernate: 
    select
        t1_0.id,
        t1_0.coordinator,
        t1_0.department,
        t1_0.designation,
        t1_0.email,
        t1_0.name,
        t1_0.password,
        t1_0.photo,
        t1_0.photo_type,
        t1_0.teacher_id 
    from
        teachers t1_0 
    where
        t1_0.teacher_id=?
Hibernate: 
    select
        t1_0.id,
        t1_0.coordinator,
        t1_0.department,
        t1_0.designation,
        t1_0.email,
        t1_0.name,
        t1_0.password,
        t1_0.photo,
        t1_0.photo_type,
        t1_0.teacher_id 
    from
        teachers t1_0 
    where
        t1_0.teacher_id=?
Hibernate: 
    select
        c1_0.code,
        c1_0.category,
        c1_0.color,
        c1_0.credits,
        c1_0.days,
        c1_0.end_time,
        c1_0.instructor,
        c1_0.name,
        c1_0.room,
        c1_0.start_time,
        c1_0.teacher_id 
    from
        courses c1_0 
    where
        c1_0.instructor=?
Hibernate: 
    select
        e1_0.id,
        e1_0.course_id,
        e1_0.enrolled_at,
        e1_0.student_id 
    from
        enrollments e1_0 
    where
        e1_0.course_id=?
Hibernate: 
    select
        c1_0.code,
        c1_0.category,
        c1_0.color,
        c1_0.credits,
        c1_0.days,
        c1_0.end_time,
        c1_0.instructor,
        c1_0.name,
        c1_0.room,
        c1_0.start_time,
        c1_0.teacher_id 
    from
        courses c1_0 
    where
        c1_0.code=?
Hibernate: 
    select
        s1_0.id,
        s1_0.academic_year,
        s1_0.credits_completed,
        s1_0.email,
        s1_0.gpa,
        s1_0.name,
        s1_0.notif_email,
        s1_0.password,
        s1_0.program,
        s1_0.student_id 
    from
        students s1_0 
    where
        s1_0.student_id=?
Hibernate: 
    select
        e1_0.id,
        e1_0.course_id,
        e1_0.enrolled_at,
        e1_0.student_id 
    from
        enrollments e1_0 
    where
        e1_0.course_id=?
Hibernate: 
    select
        c1_0.code,
        c1_0.category,
        c1_0.color,
        c1_0.credits,
        c1_0.days,
        c1_0.end_time,
        c1_0.instructor,
        c1_0.name,
        c1_0.room,
        c1_0.start_time,
        c1_0.teacher_id 
    from
        courses c1_0 
    where
        c1_0.code=?
Hibernate: 
    select
        s1_0.id,
        s1_0.academic_year,
        s1_0.credits_completed,
        s1_0.email,
        s1_0.gpa,
        s1_0.name,
        s1_0.notif_email,
        s1_0.password,
        s1_0.program,
        s1_0.student_id 
    from
        students s1_0 
    where
        s1_0.student_id=?
Hibernate: 
    select
        b1_0.id,
        b1_0.booked_at,
        b1_0.reason,
        b1_0.slot,
        b1_0.student_id,
        b1_0.teacher_name 
    from
        bookings b1_0 
    where
        b1_0.teacher_name=? 
    order by
        b1_0.booked_at desc
Hibernate: 
    select
        s1_0.id,
        s1_0.academic_year,
        s1_0.credits_completed,
        s1_0.email,
        s1_0.gpa,
        s1_0.name,
        s1_0.notif_email,
        s1_0.password,
        s1_0.program,
        s1_0.student_id 
    from
        students s1_0 
    where
        s1_0.student_id like ? escape '\'
Hibernate: 
    select
        e1_0.id,
        e1_0.course_id,
        e1_0.enrolled_at,
        e1_0.student_id 
    from
        enrollments e1_0 
    where
        e1_0.student_id=?
Hibernate: 
    select
        c1_0.code,
        c1_0.category,
        c1_0.color,
        c1_0.credits,
        c1_0.days,
        c1_0.end_time,
        c1_0.instructor,
        c1_0.name,
        c1_0.room,
        c1_0.start_time,
        c1_0.teacher_id 
    from
        courses c1_0 
    where
        c1_0.code=?
Hibernate: 
    select
        c1_0.code,
        c1_0.category,
        c1_0.color,
        c1_0.credits,
        c1_0.days,
        c1_0.end_time,
        c1_0.instructor,
        c1_0.name,
        c1_0.room,
        c1_0.start_time,
        c1_0.teacher_id 
    from
        courses c1_0 
    where
        c1_0.code=?
Hibernate: 
    select
        c1_0.code,
        c1_0.category,
        c1_0.color,
        c1_0.credits,
        c1_0.days,
        c1_0.end_time,
        c1_0.instructor,
        c1_0.name,
        c1_0.room,
        c1_0.start_time,
        c1_0.teacher_id 
    from
        courses c1_0 
    where
        c1_0.code=?
Hibernate: 
    select
        e1_0.id,
        e1_0.course_id,
        e1_0.enrolled_at,
        e1_0.student_id 
    from
        enrollments e1_0 
    where
        e1_0.student_id=?
Hibernate: 
    select
        c1_0.code,
        c1_0.category,
        c1_0.color,
        c1_0.credits,
        c1_0.days,
        c1_0.end_time,
        c1_0.instructor,
        c1_0.name,
        c1_0.room,
        c1_0.start_time,
        c1_0.teacher_id 
    from
        courses c1_0 
    where
        c1_0.code=?
Hibernate: 
    select
        c1_0.code,
        c1_0.category,
        c1_0.color,
        c1_0.credits,
        c1_0.days,
        c1_0.end_time,
        c1_0.instructor,
        c1_0.name,
        c1_0.room,
        c1_0.start_time,
        c1_0.teacher_id 
    from
        courses c1_0 
    where
        c1_0.code=?
Hibernate: 
    select
        c1_0.code,
        c1_0.category,
        c1_0.color,
        c1_0.credits,
        c1_0.days,
        c1_0.end_time,
        c1_0.instructor,
        c1_0.name,
        c1_0.room,
        c1_0.start_time,
        c1_0.teacher_id 
    from
        courses c1_0 
    where
        c1_0.code=?
Hibernate: 
    select
        c1_0.code,
        c1_0.category,
        c1_0.color,
        c1_0.credits,
        c1_0.days,
        c1_0.end_time,
        c1_0.instructor,
        c1_0.name,
        c1_0.room,
        c1_0.start_time,
        c1_0.teacher_id 
    from
        courses c1_0 
    where
        c1_0.code=?
Hibernate: 
    select
        c1_0.code,
        c1_0.category,
        c1_0.color,
        c1_0.credits,
        c1_0.days,
        c1_0.end_time,
        c1_0.instructor,
        c1_0.name,
        c1_0.room,
        c1_0.start_time,
        c1_0.teacher_id 
    from
        courses c1_0 
    where
        c1_0.code=?
Hibernate: 
    select
        e1_0.id,
        e1_0.course_id,
        e1_0.enrolled_at,
        e1_0.student_id 
    from
        enrollments e1_0 
    where
        e1_0.student_id=?
Hibernate: 
    select
        c1_0.code,
        c1_0.category,
        c1_0.color,
        c1_0.credits,
        c1_0.days,
        c1_0.end_time,
        c1_0.instructor,
        c1_0.name,
        c1_0.room,
        c1_0.start_time,
        c1_0.teacher_id 
    from
        courses c1_0 
    where
        c1_0.code=?
Hibernate: 
    select
        c1_0.code,
        c1_0.category,
        c1_0.color,
        c1_0.credits,
        c1_0.days,
        c1_0.end_time,
        c1_0.instructor,
        c1_0.name,
        c1_0.room,
        c1_0.start_time,
        c1_0.teacher_id 
    from
        courses c1_0 
    where
        c1_0.code=?
Hibernate: 
    select
        c1_0.code,
        c1_0.category,
        c1_0.color,
        c1_0.credits,
        c1_0.days,
        c1_0.end_time,
        c1_0.instructor,
        c1_0.name,
        c1_0.room,
        c1_0.start_time,
        c1_0.teacher_id 
    from
        courses c1_0 
    where
        c1_0.code=?
Hibernate: 
    select
        c1_0.code,
        c1_0.category,
        c1_0.color,
        c1_0.credits,
        c1_0.days,
        c1_0.end_time,
        c1_0.instructor,
        c1_0.name,
        c1_0.room,
        c1_0.start_time,
        c1_0.teacher_id 
    from
        courses c1_0 
    where
        c1_0.code=?
Hibernate: 
    select
        c1_0.code,
        c1_0.category,
        c1_0.color,
        c1_0.credits,
        c1_0.days,
        c1_0.end_time,
        c1_0.instructor,
        c1_0.name,
        c1_0.room,
        c1_0.start_time,
        c1_0.teacher_id 
    from
        courses c1_0 
    where
        c1_0.code=?
Hibernate: 
    select
        c1_0.code,
        c1_0.category,
        c1_0.color,
        c1_0.credits,
        c1_0.days,
        c1_0.end_time,
        c1_0.instructor,
        c1_0.name,
        c1_0.room,
        c1_0.start_time,
        c1_0.teacher_id 
    from
        courses c1_0 
    where
        c1_0.instructor=?
Hibernate: 
    select
        t1_0.id,
        t1_0.coordinator,
        t1_0.department,
        t1_0.designation,
        t1_0.email,
        t1_0.name,
        t1_0.password,
        t1_0.photo,
        t1_0.photo_type,
        t1_0.teacher_id 
    from
        teachers t1_0 
    where
        t1_0.teacher_id=?
Hibernate: 
    select
        e1_0.id,
        e1_0.course_id,
        e1_0.enrolled_at,
        e1_0.student_id 
    from
        enrollments e1_0 
    where
        e1_0.course_id=?
Hibernate: 
    select
        c1_0.code,
        c1_0.category,
        c1_0.color,
        c1_0.credits,
        c1_0.days,
        c1_0.end_time,
        c1_0.instructor,
        c1_0.name,
        c1_0.room,
        c1_0.start_time,
        c1_0.teacher_id 
    from
        courses c1_0 
    where
        c1_0.code=?
Hibernate: 
    select
        e1_0.id,
        e1_0.course_id,
        e1_0.enrolled_at,
        e1_0.student_id 
    from
        enrollments e1_0 
    where
        e1_0.course_id=?
Hibernate: 
    select
        c1_0.code,
        c1_0.category,
        c1_0.color,
        c1_0.credits,
        c1_0.days,
        c1_0.end_time,
        c1_0.instructor,
        c1_0.name,
        c1_0.room,
        c1_0.start_time,
        c1_0.teacher_id 
    from
        courses c1_0 
    where
        c1_0.code=?
Hibernate: 
    select
        as1_0.id,
        as1_0.assessment_type,
        as1_0.course_code,
        as1_0.course_name,
        as1_0.max_score,
        as1_0.notes,
        as1_0.recorded_at,
        as1_0.score,
        as1_0.student_id 
    from
        assessment_scores as1_0 
    where
        as1_0.student_id in (?, ?)
Hibernate: 
    select
        t1_0.id,
        t1_0.coordinator,
        t1_0.department,
        t1_0.designation,
        t1_0.email,
        t1_0.name,
        t1_0.password,
        t1_0.photo,
        t1_0.photo_type,
        t1_0.teacher_id 
    from
        teachers t1_0 
    where
        t1_0.teacher_id=?
Hibernate: 
    select
        t1_0.id,
        t1_0.coordinator,
        t1_0.department,
        t1_0.designation,
        t1_0.email,
        t1_0.name,
        t1_0.password,
        t1_0.photo,
        t1_0.photo_type,
        t1_0.teacher_id 
    from
        teachers t1_0 
    where
        t1_0.teacher_id=?
Hibernate: 
    select
        c1_0.code,
        c1_0.category,
        c1_0.color,
        c1_0.credits,
        c1_0.days,
        c1_0.end_time,
        c1_0.instructor,
        c1_0.name,
        c1_0.room,
        c1_0.start_time,
        c1_0.teacher_id 
    from
        courses c1_0 
    where
        c1_0.instructor=?
Hibernate: 
    select
        e1_0.id,
        e1_0.course_id,
        e1_0.enrolled_at,
        e1_0.student_id 
    from
        enrollments e1_0 
    where
        e1_0.course_id=?
Hibernate: 
    select
        c1_0.code,
        c1_0.category,
        c1_0.color,
        c1_0.credits,
        c1_0.days,
        c1_0.end_time,
        c1_0.instructor,
        c1_0.name,
        c1_0.room,
        c1_0.start_time,
        c1_0.teacher_id 
    from
        courses c1_0 
    where
        c1_0.code=?
Hibernate: 
    select
        s1_0.id,
        s1_0.academic_year,
        s1_0.credits_completed,
        s1_0.email,
        s1_0.gpa,
        s1_0.name,
        s1_0.notif_email,
        s1_0.password,
        s1_0.program,
        s1_0.student_id 
    from
        students s1_0 
    where
        s1_0.student_id=?
Hibernate: 
    select
        s1_0.id,
        s1_0.academic_year,
        s1_0.credits_completed,
        s1_0.email,
        s1_0.gpa,
        s1_0.name,
        s1_0.notif_email,
        s1_0.password,
        s1_0.program,
        s1_0.student_id 
    from
        students s1_0 
    where
        s1_0.student_id=?
Hibernate: 
    select
        e1_0.id,
        e1_0.course_id,
        e1_0.enrolled_at,
        e1_0.student_id 
    from
        enrollments e1_0 
    where
        e1_0.course_id=?
Hibernate: 
    select
        c1_0.code,
        c1_0.category,
        c1_0.color,
        c1_0.credits,
        c1_0.days,
        c1_0.end_time,
        c1_0.instructor,
        c1_0.name,
        c1_0.room,
        c1_0.start_time,
        c1_0.teacher_id 
    from
        courses c1_0 
    where
        c1_0.code=?
Hibernate: 
    select
        s1_0.id,
        s1_0.academic_year,
        s1_0.credits_completed,
        s1_0.email,
        s1_0.gpa,
        s1_0.name,
        s1_0.notif_email,
        s1_0.password,
        s1_0.program,
        s1_0.student_id 
    from
        students s1_0 
    where
        s1_0.student_id=?
Hibernate: 
    select
        s1_0.id,
        s1_0.academic_year,
        s1_0.credits_completed,
        s1_0.email,
        s1_0.gpa,
        s1_0.name,
        s1_0.notif_email,
        s1_0.password,
        s1_0.program,
        s1_0.student_id 
    from
        students s1_0 
    where
        s1_0.student_id=?
Hibernate: 
    select
        b1_0.id,
        b1_0.booked_at,
        b1_0.reason,
        b1_0.slot,
        b1_0.student_id,
        b1_0.teacher_name 
    from
        bookings b1_0 
    where
        b1_0.teacher_name=? 
    order by
        b1_0.booked_at desc
Hibernate: 
    select
        s1_0.id,
        s1_0.academic_year,
        s1_0.credits_completed,
        s1_0.email,
        s1_0.gpa,
        s1_0.name,
        s1_0.notif_email,
        s1_0.password,
        s1_0.program,
        s1_0.student_id 
    from
        students s1_0 
    where
        s1_0.student_id like ? escape '\'
Hibernate: 
    select
        e1_0.id,
        e1_0.course_id,
        e1_0.enrolled_at,
        e1_0.student_id 
    from
        enrollments e1_0 
    where
        e1_0.student_id=?
Hibernate: 
    select
        c1_0.code,
        c1_0.category,
        c1_0.color,
        c1_0.credits,
        c1_0.days,
        c1_0.end_time,
        c1_0.instructor,
        c1_0.name,
        c1_0.room,
        c1_0.start_time,
        c1_0.teacher_id 
    from
        courses c1_0 
    where
        c1_0.code=?
Hibernate: 
    select
        c1_0.code,
        c1_0.category,
        c1_0.color,
        c1_0.credits,
        c1_0.days,
        c1_0.end_time,
        c1_0.instructor,
        c1_0.name,
        c1_0.room,
        c1_0.start_time,
        c1_0.teacher_id 
    from
        courses c1_0 
    where
        c1_0.code=?
Hibernate: 
    select
        c1_0.code,
        c1_0.category,
        c1_0.color,
        c1_0.credits,
        c1_0.days,
        c1_0.end_time,
        c1_0.instructor,
        c1_0.name,
        c1_0.room,
        c1_0.start_time,
        c1_0.teacher_id 
    from
        courses c1_0 
    where
        c1_0.code=?
Hibernate: 
    select
        c1_0.code,
        c1_0.category,
        c1_0.color,
        c1_0.credits,
        c1_0.days,
        c1_0.end_time,
        c1_0.instructor,
        c1_0.name,
        c1_0.room,
        c1_0.start_time,
        c1_0.teacher_id 
    from
        courses c1_0 
    where
        c1_0.code=?
Hibernate: 
    select
        c1_0.code,
        c1_0.category,
        c1_0.color,
        c1_0.credits,
        c1_0.days,
        c1_0.end_time,
        c1_0.instructor,
        c1_0.name,
        c1_0.room,
        c1_0.start_time,
        c1_0.teacher_id 
    from
        courses c1_0 
    where
        c1_0.code=?
Hibernate: 
    select
        c1_0.code,
        c1_0.category,
        c1_0.color,
        c1_0.credits,
        c1_0.days,
        c1_0.end_time,
        c1_0.instructor,
        c1_0.name,
        c1_0.room,
        c1_0.start_time,
        c1_0.teacher_id 
    from
        courses c1_0 
    where
        c1_0.instructor=?
Hibernate: 
    select
        e1_0.id,
        e1_0.course_id,
        e1_0.enrolled_at,
        e1_0.student_id 
    from
        enrollments e1_0 
    where
        e1_0.course_id=?
Hibernate: 
    select
        c1_0.code,
        c1_0.category,
        c1_0.color,
        c1_0.credits,
        c1_0.days,
        c1_0.end_time,
        c1_0.instructor,
        c1_0.name,
        c1_0.room,
        c1_0.start_time,
        c1_0.teacher_id 
    from
        courses c1_0 
    where
        c1_0.code=?
Hibernate: 
    select
        t1_0.id,
        t1_0.coordinator,
        t1_0.department,
        t1_0.designation,
        t1_0.email,
        t1_0.name,
        t1_0.password,
        t1_0.photo,
        t1_0.photo_type,
        t1_0.teacher_id 
    from
        teachers t1_0 
    where
        t1_0.teacher_id=?
Hibernate: 
    select
        e1_0.id,
        e1_0.course_id,
        e1_0.enrolled_at,
        e1_0.student_id 
    from
        enrollments e1_0 
    where
        e1_0.course_id=?
Hibernate: 
    select
        c1_0.code,
        c1_0.category,
        c1_0.color,
        c1_0.credits,
        c1_0.days,
        c1_0.end_time,
        c1_0.instructor,
        c1_0.name,
        c1_0.room,
        c1_0.start_time,
        c1_0.teacher_id 
    from
        courses c1_0 
    where
        c1_0.code=?
Hibernate: 
    select
        as1_0.id,
        as1_0.assessment_type,
        as1_0.course_code,
        as1_0.course_name,
        as1_0.max_score,
        as1_0.notes,
        as1_0.recorded_at,
        as1_0.score,
        as1_0.student_id 
    from
        assessment_scores as1_0 
    where
        as1_0.student_id in (?, ?, ?)
[INFO] ------------------------------------------------------------------------
[INFO] BUILD FAILURE
[INFO] ------------------------------------------------------------------------
[INFO] Total time:  03:34 h
[INFO] Finished at: 2026-07-01T23:00:59+06:00
[INFO] ------------------------------------------------------------------------
[ERROR] Failed to execute goal org.springframework.boot:spring-boot-maven-plugin:4.0.6:run (default-cli) on project eduadvisor2: Process terminated with exit code: -1 -> [Help 1]
[ERROR] 
[ERROR] To see the full stack trace of the errors, re-run Maven with the -e switch.
[ERROR] Re-run Maven using the -X switch to enable full debug logging.
[ERROR] 
[ERROR] For more information about the errors and possible solutions, please read the following articles:
[ERROR] [Help 1] http://cwiki.apache.org/confluence/display/MAVEN/MojoExecutionException
